,missing_fraction
VS1_t21,0.0
VS1_t22,0.0
VS1_t23,0.0
VS1_t24,0.0
VS1_t25,0.0
VS1_t26,0.0
VS1_t27,0.0
VS1_t28,0.0
VS1_t13,0.0
VS1_t14,0.0
VS1_t15,0.0
VS1_t16,0.0
VS1_t17,0.0
VS1_t18,0.0
VS1_t19,0.0
VS1_t20,0.0
VS1_t5,0.0
VS1_t6,0.0
VS1_t7,0.0
VS1_t8,0.0
VS1_t9,0.0
VS1_t10,0.0
VS1_t11,0.0
VS1_t12,0.0
TS4_t57,0.0
TS4_t58,0.0
TS4_t59,0.0
TS4_t60,0.0
VS1_t1,0.0
VS1_t2,0.0
VS1_t3,0.0
VS1_t4,0.0
CE_t57,0.0
CE_t58,0.0
CE_t59,0.0
CE_t60,0.0
CP_t1,0.0
CP_t2,0.0
CP_t3,0.0
CP_t4,0.0
CE_t49,0.0
CE_t50,0.0
CE_t51,0.0
CE_t52,0.0
CE_t53,0.0
CE_t54,0.0
CE_t55,0.0
CE_t56,0.0
CE_t41,0.0
CE_t42,0.0
CE_t43,0.0
CE_t44,0.0
CE_t45,0.0
CE_t46,0.0
CE_t47,0.0
CE_t48,0.0
CE_t33,0.0
CE_t34,0.0
CE_t35,0.0
CE_t36,0.0
CE_t37,0.0
CE_t38,0.0
CE_t39,0.0
CE_t40,0.0
CP_t29,0.0
CP_t30,0.0
CP_t31,0.0
CP_t32,0.0
CP_t33,0.0
CP_t34,0.0
CP_t35,0.0
CP_t36,0.0
CP_t21,0.0
CP_t22,0.0
CP_t23,0.0
CP_t24,0.0
CP_t25,0.0
CP_t26,0.0
CP_t27,0.0
CP_t28,0.0
CP_t13,0.0
CP_t14,0.0
CP_t15,0.0
CP_t16,0.0
CP_t17,0.0
CP_t18,0.0
CP_t19,0.0
CP_t20,0.0
CP_t5,0.0
CP_t6,0.0
CP_t7,0.0
CP_t8,0.0
CP_t9,0.0
CP_t10,0.0
CP_t11,0.0
CP_t12,0.0
EPS1_t1,0.0
EPS1_t2,0.0
EPS1_t3,0.0
EPS1_t4,0.0
EPS1_t5,0.0
EPS1_t6,0.0
EPS1_t7,0.0
EPS1_t8,0.0
CP_t53,0.0
CP_t54,0.0
CP_t55,0.0
CP_t56,0.0
CP_t57,0.0
CP_t58,0.0
CP_t59,0.0
CP_t60,0.0
CP_t45,0.0
CP_t46,0.0
CP_t47,0.0
CP_t48,0.0
CP_t49,0.0
CP_t50,0.0
CP_t51,0.0
CP_t52,0.0
CP_t37,0.0
CP_t38,0.0
CP_t39,0.0
CP_t40,0.0
CP_t41,0.0
CP_t42,0.0
CP_t43,0.0
CP_t44,0.0
EPS1_t33,0.0
EPS1_t34,0.0
EPS1_t35,0.0
EPS1_t36,0.0
EPS1_t37,0.0
EPS1_t38,0.0
EPS1_t39,0.0
EPS1_t40,0.0
EPS1_t25,0.0
EPS1_t26,0.0
EPS1_t27,0.0
EPS1_t28,0.0
EPS1_t29,0.0
EPS1_t30,0.0
EPS1_t31,0.0
EPS1_t32,0.0
EPS1_t17,0.0
EPS1_t18,0.0
EPS1_t19,0.0
EPS1_t20,0.0
EPS1_t21,0.0
EPS1_t22,0.0
EPS1_t23,0.0
EPS1_t24,0.0
EPS1_t9,0.0
EPS1_t10,0.0
EPS1_t11,0.0
EPS1_t12,0.0
EPS1_t13,0.0
EPS1_t14,0.0
EPS1_t15,0.0
EPS1_t16,0.0
EPS1_t65,0.0
EPS1_t66,0.0
EPS1_t67,0.0
EPS1_t68,0.0
EPS1_t69,0.0
EPS1_t70,0.0
EPS1_t71,0.0
EPS1_t72,0.0
EPS1_t57,0.0
EPS1_t58,0.0
EPS1_t59,0.0
EPS1_t60,0.0
EPS1_t61,0.0
EPS1_t62,0.0
EPS1_t63,0.0
EPS1_t64,0.0
EPS1_t49,0.0
EPS1_t50,0.0
EPS1_t51,0.0
EPS1_t52,0.0
EPS1_t53,0.0
EPS1_t54,0.0
EPS1_t55,0.0
EPS1_t56,0.0
EPS1_t41,0.0
EPS1_t42,0.0
EPS1_t43,0.0
EPS1_t44,0.0
EPS1_t45,0.0
EPS1_t46,0.0
EPS1_t47,0.0
EPS1_t48,0.0
EPS1_t97,0.0
EPS1_t98,0.0
EPS1_t99,0.0
EPS1_t100,0.0
EPS1_t101,0.0
EPS1_t102,0.0
EPS1_t103,0.0
EPS1_t104,0.0
EPS1_t89,0.0
EPS1_t90,0.0
EPS1_t91,0.0
EPS1_t92,0.0
EPS1_t93,0.0
EPS1_t94,0.0
EPS1_t95,0.0
EPS1_t96,0.0
EPS1_t81,0.0
EPS1_t82,0.0
EPS1_t83,0.0
EPS1_t84,0.0
EPS1_t85,0.0
EPS1_t86,0.0
EPS1_t87,0.0
EPS1_t88,0.0
EPS1_t73,0.0
EPS1_t74,0.0
EPS1_t75,0.0
EPS1_t76,0.0
EPS1_t77,0.0
EPS1_t78,0.0
EPS1_t79,0.0
EPS1_t80,0.0
EPS1_t129,0.0
EPS1_t130,0.0
EPS1_t131,0.0
EPS1_t132,0.0
EPS1_t133,0.0
EPS1_t134,0.0
EPS1_t135,0.0
EPS1_t136,0.0
EPS1_t121,0.0
EPS1_t122,0.0
EPS1_t123,0.0
EPS1_t124,0.0
EPS1_t125,0.0
EPS1_t126,0.0
EPS1_t127,0.0
EPS1_t128,0.0
EPS1_t113,0.0
EPS1_t114,0.0
EPS1_t115,0.0
EPS1_t116,0.0
EPS1_t117,0.0
EPS1_t118,0.0
EPS1_t119,0.0
EPS1_t120,0.0
EPS1_t105,0.0
EPS1_t106,0.0
EPS1_t107,0.0
EPS1_t108,0.0
EPS1_t109,0.0
EPS1_t110,0.0
EPS1_t111,0.0
EPS1_t112,0.0
EPS1_t161,0.0
EPS1_t162,0.0
EPS1_t163,0.0
EPS1_t164,0.0
EPS1_t165,0.0
EPS1_t166,0.0
EPS1_t167,0.0
EPS1_t168,0.0
EPS1_t153,0.0
EPS1_t154,0.0
EPS1_t155,0.0
EPS1_t156,0.0
EPS1_t157,0.0
EPS1_t158,0.0
EPS1_t159,0.0
EPS1_t160,0.0
EPS1_t145,0.0
EPS1_t146,0.0
EPS1_t147,0.0
EPS1_t148,0.0
EPS1_t149,0.0
EPS1_t150,0.0
EPS1_t151,0.0
EPS1_t152,0.0
EPS1_t137,0.0
EPS1_t138,0.0
EPS1_t139,0.0
EPS1_t140,0.0
EPS1_t141,0.0
EPS1_t142,0.0
EPS1_t143,0.0
EPS1_t144,0.0
EPS1_t193,0.0
EPS1_t194,0.0
EPS1_t195,0.0
EPS1_t196,0.0
EPS1_t197,0.0
EPS1_t198,0.0
EPS1_t199,0.0
EPS1_t200,0.0
EPS1_t185,0.0
EPS1_t186,0.0
EPS1_t187,0.0
EPS1_t188,0.0
EPS1_t189,0.0
EPS1_t190,0.0
EPS1_t191,0.0
EPS1_t192,0.0
EPS1_t177,0.0
EPS1_t178,0.0
EPS1_t179,0.0
EPS1_t180,0.0
EPS1_t181,0.0
EPS1_t182,0.0
EPS1_t183,0.0
EPS1_t184,0.0
EPS1_t169,0.0
EPS1_t170,0.0
EPS1_t171,0.0
EPS1_t172,0.0
EPS1_t173,0.0
EPS1_t174,0.0
EPS1_t175,0.0
EPS1_t176,0.0
EPS1_t225,0.0
EPS1_t226,0.0
EPS1_t227,0.0
EPS1_t228,0.0
EPS1_t229,0.0
EPS1_t230,0.0
EPS1_t231,0.0
EPS1_t232,0.0
EPS1_t217,0.0
EPS1_t218,0.0
EPS1_t219,0.0
EPS1_t220,0.0
EPS1_t221,0.0
EPS1_t222,0.0
EPS1_t223,0.0
EPS1_t224,0.0
EPS1_t209,0.0
EPS1_t210,0.0
EPS1_t211,0.0
EPS1_t212,0.0
EPS1_t213,0.0
EPS1_t214,0.0
EPS1_t215,0.0
EPS1_t216,0.0
EPS1_t201,0.0
EPS1_t202,0.0
EPS1_t203,0.0
EPS1_t204,0.0
EPS1_t205,0.0
EPS1_t206,0.0
EPS1_t207,0.0
EPS1_t208,0.0
EPS1_t257,0.0
EPS1_t258,0.0
EPS1_t259,0.0
EPS1_t260,0.0
EPS1_t261,0.0
EPS1_t262,0.0
EPS1_t263,0.0
EPS1_t264,0.0
EPS1_t249,0.0
EPS1_t250,0.0
EPS1_t251,0.0
EPS1_t252,0.0
EPS1_t253,0.0
EPS1_t254,0.0
EPS1_t255,0.0
EPS1_t256,0.0
EPS1_t241,0.0
EPS1_t242,0.0
EPS1_t243,0.0
EPS1_t244,0.0
EPS1_t245,0.0
EPS1_t246,0.0
EPS1_t247,0.0
EPS1_t248,0.0
EPS1_t233,0.0
EPS1_t234,0.0
EPS1_t235,0.0
EPS1_t236,0.0
EPS1_t237,0.0
EPS1_t238,0.0
EPS1_t239,0.0
EPS1_t240,0.0
EPS1_t289,0.0
EPS1_t290,0.0
EPS1_t291,0.0
EPS1_t292,0.0
EPS1_t293,0.0
EPS1_t294,0.0
EPS1_t295,0.0
EPS1_t296,0.0
EPS1_t281,0.0
EPS1_t282,0.0
EPS1_t283,0.0
EPS1_t284,0.0
EPS1_t285,0.0
EPS1_t286,0.0
EPS1_t287,0.0
EPS1_t288,0.0
EPS1_t273,0.0
EPS1_t274,0.0
EPS1_t275,0.0
EPS1_t276,0.0
EPS1_t277,0.0
EPS1_t278,0.0
EPS1_t279,0.0
EPS1_t280,0.0
EPS1_t265,0.0
EPS1_t266,0.0
EPS1_t267,0.0
EPS1_t268,0.0
EPS1_t269,0.0
EPS1_t270,0.0
EPS1_t271,0.0
EPS1_t272,0.0
EPS1_t321,0.0
EPS1_t322,0.0
EPS1_t323,0.0
EPS1_t324,0.0
EPS1_t325,0.0
EPS1_t326,0.0
EPS1_t327,0.0
EPS1_t328,0.0
EPS1_t313,0.0
EPS1_t314,0.0
EPS1_t315,0.0
EPS1_t316,0.0
EPS1_t317,0.0
EPS1_t318,0.0
EPS1_t319,0.0
EPS1_t320,0.0
EPS1_t305,0.0
EPS1_t306,0.0
EPS1_t307,0.0
EPS1_t308,0.0
EPS1_t309,0.0
EPS1_t310,0.0
EPS1_t311,0.0
EPS1_t312,0.0
EPS1_t297,0.0
EPS1_t298,0.0
EPS1_t299,0.0
EPS1_t300,0.0
EPS1_t301,0.0
EPS1_t302,0.0
EPS1_t303,0.0
EPS1_t304,0.0
EPS1_t353,0.0
EPS1_t354,0.0
EPS1_t355,0.0
EPS1_t356,0.0
EPS1_t357,0.0
EPS1_t358,0.0
EPS1_t359,0.0
EPS1_t360,0.0
EPS1_t345,0.0
EPS1_t346,0.0
EPS1_t347,0.0
EPS1_t348,0.0
EPS1_t349,0.0
EPS1_t350,0.0
EPS1_t351,0.0
EPS1_t352,0.0
EPS1_t337,0.0
EPS1_t338,0.0
EPS1_t339,0.0
EPS1_t340,0.0
EPS1_t341,0.0
EPS1_t342,0.0
EPS1_t343,0.0
EPS1_t344,0.0
EPS1_t329,0.0
EPS1_t330,0.0
EPS1_t331,0.0
EPS1_t332,0.0
EPS1_t333,0.0
EPS1_t334,0.0
EPS1_t335,0.0
EPS1_t336,0.0
EPS1_t385,0.0
EPS1_t386,0.0
EPS1_t387,0.0
EPS1_t388,0.0
EPS1_t389,0.0
EPS1_t390,0.0
EPS1_t391,0.0
EPS1_t392,0.0
EPS1_t377,0.0
EPS1_t378,0.0
EPS1_t379,0.0
EPS1_t380,0.0
EPS1_t381,0.0
EPS1_t382,0.0
EPS1_t383,0.0
EPS1_t384,0.0
EPS1_t369,0.0
EPS1_t370,0.0
EPS1_t371,0.0
EPS1_t372,0.0
EPS1_t373,0.0
EPS1_t374,0.0
EPS1_t375,0.0
EPS1_t376,0.0
EPS1_t361,0.0
EPS1_t362,0.0
EPS1_t363,0.0
EPS1_t364,0.0
EPS1_t365,0.0
EPS1_t366,0.0
EPS1_t367,0.0
EPS1_t368,0.0
EPS1_t417,0.0
EPS1_t418,0.0
EPS1_t419,0.0
EPS1_t420,0.0
EPS1_t421,0.0
EPS1_t422,0.0
EPS1_t423,0.0
EPS1_t424,0.0
EPS1_t409,0.0
EPS1_t410,0.0
EPS1_t411,0.0
EPS1_t412,0.0
EPS1_t413,0.0
EPS1_t414,0.0
EPS1_t415,0.0
EPS1_t416,0.0
EPS1_t401,0.0
EPS1_t402,0.0
EPS1_t403,0.0
EPS1_t404,0.0
EPS1_t405,0.0
EPS1_t406,0.0
EPS1_t407,0.0
EPS1_t408,0.0
EPS1_t393,0.0
EPS1_t394,0.0
EPS1_t395,0.0
EPS1_t396,0.0
EPS1_t397,0.0
EPS1_t398,0.0
EPS1_t399,0.0
EPS1_t400,0.0
EPS1_t449,0.0
EPS1_t450,0.0
EPS1_t451,0.0
EPS1_t452,0.0
EPS1_t453,0.0
EPS1_t454,0.0
EPS1_t455,0.0
EPS1_t456,0.0
EPS1_t441,0.0
EPS1_t442,0.0
EPS1_t443,0.0
EPS1_t444,0.0
EPS1_t445,0.0
EPS1_t446,0.0
EPS1_t447,0.0
EPS1_t448,0.0
EPS1_t433,0.0
EPS1_t434,0.0
EPS1_t435,0.0
EPS1_t436,0.0
EPS1_t437,0.0
EPS1_t438,0.0
EPS1_t439,0.0
EPS1_t440,0.0
EPS1_t425,0.0
EPS1_t426,0.0
EPS1_t427,0.0
EPS1_t428,0.0
EPS1_t429,0.0
EPS1_t430,0.0
EPS1_t431,0.0
EPS1_t432,0.0
EPS1_t481,0.0
EPS1_t482,0.0
EPS1_t483,0.0
EPS1_t484,0.0
EPS1_t485,0.0
EPS1_t486,0.0
EPS1_t487,0.0
EPS1_t488,0.0
EPS1_t473,0.0
EPS1_t474,0.0
EPS1_t475,0.0
EPS1_t476,0.0
EPS1_t477,0.0
EPS1_t478,0.0
EPS1_t479,0.0
EPS1_t480,0.0
EPS1_t465,0.0
EPS1_t466,0.0
EPS1_t467,0.0
EPS1_t468,0.0
EPS1_t469,0.0
EPS1_t470,0.0
EPS1_t471,0.0
EPS1_t472,0.0
EPS1_t457,0.0
EPS1_t458,0.0
EPS1_t459,0.0
EPS1_t460,0.0
EPS1_t461,0.0
EPS1_t462,0.0
EPS1_t463,0.0
EPS1_t464,0.0
EPS1_t513,0.0
EPS1_t514,0.0
EPS1_t515,0.0
EPS1_t516,0.0
EPS1_t517,0.0
EPS1_t518,0.0
EPS1_t519,0.0
EPS1_t520,0.0
EPS1_t505,0.0
EPS1_t506,0.0
EPS1_t507,0.0
EPS1_t508,0.0
EPS1_t509,0.0
EPS1_t510,0.0
EPS1_t511,0.0
EPS1_t512,0.0
EPS1_t497,0.0
EPS1_t498,0.0
EPS1_t499,0.0
EPS1_t500,0.0
EPS1_t501,0.0
EPS1_t502,0.0
EPS1_t503,0.0
EPS1_t504,0.0
EPS1_t489,0.0
EPS1_t490,0.0
EPS1_t491,0.0
EPS1_t492,0.0
EPS1_t493,0.0
EPS1_t494,0.0
EPS1_t495,0.0
EPS1_t496,0.0
EPS1_t545,0.0
EPS1_t546,0.0
EPS1_t547,0.0
EPS1_t548,0.0
EPS1_t549,0.0
EPS1_t550,0.0
EPS1_t551,0.0
EPS1_t552,0.0
EPS1_t537,0.0
EPS1_t538,0.0
EPS1_t539,0.0
EPS1_t540,0.0
EPS1_t541,0.0
EPS1_t542,0.0
EPS1_t543,0.0
EPS1_t544,0.0
EPS1_t529,0.0
EPS1_t530,0.0
EPS1_t531,0.0
EPS1_t532,0.0
EPS1_t533,0.0
EPS1_t534,0.0
EPS1_t535,0.0
EPS1_t536,0.0
EPS1_t521,0.0
EPS1_t522,0.0
EPS1_t523,0.0
EPS1_t524,0.0
EPS1_t525,0.0
EPS1_t526,0.0
EPS1_t527,0.0
EPS1_t528,0.0
EPS1_t577,0.0
EPS1_t578,0.0
EPS1_t579,0.0
EPS1_t580,0.0
EPS1_t581,0.0
EPS1_t582,0.0
EPS1_t583,0.0
EPS1_t584,0.0
EPS1_t569,0.0
EPS1_t570,0.0
EPS1_t571,0.0
EPS1_t572,0.0
EPS1_t573,0.0
EPS1_t574,0.0
EPS1_t575,0.0
EPS1_t576,0.0
EPS1_t561,0.0
EPS1_t562,0.0
EPS1_t563,0.0
EPS1_t564,0.0
EPS1_t565,0.0
EPS1_t566,0.0
EPS1_t567,0.0
EPS1_t568,0.0
EPS1_t553,0.0
EPS1_t554,0.0
EPS1_t555,0.0
EPS1_t556,0.0
EPS1_t557,0.0
EPS1_t558,0.0
EPS1_t559,0.0
EPS1_t560,0.0
EPS1_t609,0.0
EPS1_t610,0.0
EPS1_t611,0.0
EPS1_t612,0.0
EPS1_t613,0.0
EPS1_t614,0.0
EPS1_t615,0.0
EPS1_t616,0.0
EPS1_t601,0.0
EPS1_t602,0.0
EPS1_t603,0.0
EPS1_t604,0.0
EPS1_t605,0.0
EPS1_t606,0.0
EPS1_t607,0.0
EPS1_t608,0.0
EPS1_t593,0.0
EPS1_t594,0.0
EPS1_t595,0.0
EPS1_t596,0.0
EPS1_t597,0.0
EPS1_t598,0.0
EPS1_t599,0.0
EPS1_t600,0.0
EPS1_t585,0.0
EPS1_t586,0.0
EPS1_t587,0.0
EPS1_t588,0.0
EPS1_t589,0.0
EPS1_t590,0.0
EPS1_t591,0.0
EPS1_t592,0.0
EPS1_t641,0.0
EPS1_t642,0.0
EPS1_t643,0.0
EPS1_t644,0.0
EPS1_t645,0.0
EPS1_t646,0.0
EPS1_t647,0.0
EPS1_t648,0.0
EPS1_t633,0.0
EPS1_t634,0.0
EPS1_t635,0.0
EPS1_t636,0.0
EPS1_t637,0.0
EPS1_t638,0.0
EPS1_t639,0.0
EPS1_t640,0.0
EPS1_t625,0.0
EPS1_t626,0.0
EPS1_t627,0.0
EPS1_t628,0.0
EPS1_t629,0.0
EPS1_t630,0.0
EPS1_t631,0.0
EPS1_t632,0.0
EPS1_t617,0.0
EPS1_t618,0.0
EPS1_t619,0.0
EPS1_t620,0.0
EPS1_t621,0.0
EPS1_t622,0.0
EPS1_t623,0.0
EPS1_t624,0.0
EPS1_t673,0.0
EPS1_t674,0.0
EPS1_t675,0.0
EPS1_t676,0.0
EPS1_t677,0.0
EPS1_t678,0.0
EPS1_t679,0.0
EPS1_t680,0.0
EPS1_t665,0.0
EPS1_t666,0.0
EPS1_t667,0.0
EPS1_t668,0.0
EPS1_t669,0.0
EPS1_t670,0.0
EPS1_t671,0.0
EPS1_t672,0.0
EPS1_t657,0.0
EPS1_t658,0.0
EPS1_t659,0.0
EPS1_t660,0.0
EPS1_t661,0.0
EPS1_t662,0.0
EPS1_t663,0.0
EPS1_t664,0.0
EPS1_t649,0.0
EPS1_t650,0.0
EPS1_t651,0.0
EPS1_t652,0.0
EPS1_t653,0.0
EPS1_t654,0.0
EPS1_t655,0.0
EPS1_t656,0.0
EPS1_t705,0.0
EPS1_t706,0.0
EPS1_t707,0.0
EPS1_t708,0.0
EPS1_t709,0.0
EPS1_t710,0.0
EPS1_t711,0.0
EPS1_t712,0.0
EPS1_t697,0.0
EPS1_t698,0.0
EPS1_t699,0.0
EPS1_t700,0.0
EPS1_t701,0.0
EPS1_t702,0.0
EPS1_t703,0.0
EPS1_t704,0.0
EPS1_t689,0.0
EPS1_t690,0.0
EPS1_t691,0.0
EPS1_t692,0.0
EPS1_t693,0.0
EPS1_t694,0.0
EPS1_t695,0.0
EPS1_t696,0.0
EPS1_t681,0.0
EPS1_t682,0.0
EPS1_t683,0.0
EPS1_t684,0.0
EPS1_t685,0.0
EPS1_t686,0.0
EPS1_t687,0.0
EPS1_t688,0.0
EPS1_t737,0.0
EPS1_t738,0.0
EPS1_t739,0.0
EPS1_t740,0.0
EPS1_t741,0.0
EPS1_t742,0.0
EPS1_t743,0.0
EPS1_t744,0.0
EPS1_t729,0.0
EPS1_t730,0.0
EPS1_t731,0.0
EPS1_t732,0.0
EPS1_t733,0.0
EPS1_t734,0.0
EPS1_t735,0.0
EPS1_t736,0.0
EPS1_t721,0.0
EPS1_t722,0.0
EPS1_t723,0.0
EPS1_t724,0.0
EPS1_t725,0.0
EPS1_t726,0.0
EPS1_t727,0.0
EPS1_t728,0.0
EPS1_t713,0.0
EPS1_t714,0.0
EPS1_t715,0.0
EPS1_t716,0.0
EPS1_t717,0.0
EPS1_t718,0.0
EPS1_t719,0.0
EPS1_t720,0.0
EPS1_t769,0.0
EPS1_t770,0.0
EPS1_t771,0.0
EPS1_t772,0.0
EPS1_t773,0.0
EPS1_t774,0.0
EPS1_t775,0.0
EPS1_t776,0.0
EPS1_t761,0.0
EPS1_t762,0.0
EPS1_t763,0.0
EPS1_t764,0.0
EPS1_t765,0.0
EPS1_t766,0.0
EPS1_t767,0.0
EPS1_t768,0.0
EPS1_t753,0.0
EPS1_t754,0.0
EPS1_t755,0.0
EPS1_t756,0.0
EPS1_t757,0.0
EPS1_t758,0.0
EPS1_t759,0.0
EPS1_t760,0.0
EPS1_t745,0.0
EPS1_t746,0.0
EPS1_t747,0.0
EPS1_t748,0.0
EPS1_t749,0.0
EPS1_t750,0.0
EPS1_t751,0.0
EPS1_t752,0.0
EPS1_t801,0.0
EPS1_t802,0.0
EPS1_t803,0.0
EPS1_t804,0.0
EPS1_t805,0.0
EPS1_t806,0.0
EPS1_t807,0.0
EPS1_t808,0.0
EPS1_t793,0.0
EPS1_t794,0.0
EPS1_t795,0.0
EPS1_t796,0.0
EPS1_t797,0.0
EPS1_t798,0.0
EPS1_t799,0.0
EPS1_t800,0.0
EPS1_t785,0.0
EPS1_t786,0.0
EPS1_t787,0.0
EPS1_t788,0.0
EPS1_t789,0.0
EPS1_t790,0.0
EPS1_t791,0.0
EPS1_t792,0.0
EPS1_t777,0.0
EPS1_t778,0.0
EPS1_t779,0.0
EPS1_t780,0.0
EPS1_t781,0.0
EPS1_t782,0.0
EPS1_t783,0.0
EPS1_t784,0.0
EPS1_t833,0.0
EPS1_t834,0.0
EPS1_t835,0.0
EPS1_t836,0.0
EPS1_t837,0.0
EPS1_t838,0.0
EPS1_t839,0.0
EPS1_t840,0.0
EPS1_t825,0.0
EPS1_t826,0.0
EPS1_t827,0.0
EPS1_t828,0.0
EPS1_t829,0.0
EPS1_t830,0.0
EPS1_t831,0.0
EPS1_t832,0.0
EPS1_t817,0.0
EPS1_t818,0.0
EPS1_t819,0.0
EPS1_t820,0.0
EPS1_t821,0.0
EPS1_t822,0.0
EPS1_t823,0.0
EPS1_t824,0.0
EPS1_t809,0.0
EPS1_t810,0.0
EPS1_t811,0.0
EPS1_t812,0.0
EPS1_t813,0.0
EPS1_t814,0.0
EPS1_t815,0.0
EPS1_t816,0.0
EPS1_t865,0.0
EPS1_t866,0.0
EPS1_t867,0.0
EPS1_t868,0.0
EPS1_t869,0.0
EPS1_t870,0.0
EPS1_t871,0.0
EPS1_t872,0.0
EPS1_t857,0.0
EPS1_t858,0.0
EPS1_t859,0.0
EPS1_t860,0.0
EPS1_t861,0.0
EPS1_t862,0.0
EPS1_t863,0.0
EPS1_t864,0.0
EPS1_t849,0.0
EPS1_t850,0.0
EPS1_t851,0.0
EPS1_t852,0.0
EPS1_t853,0.0
EPS1_t854,0.0
EPS1_t855,0.0
EPS1_t856,0.0
EPS1_t841,0.0
EPS1_t842,0.0
EPS1_t843,0.0
EPS1_t844,0.0
EPS1_t845,0.0
EPS1_t846,0.0
EPS1_t847,0.0
EPS1_t848,0.0
EPS1_t897,0.0
EPS1_t898,0.0
EPS1_t899,0.0
EPS1_t900,0.0
EPS1_t901,0.0
EPS1_t902,0.0
EPS1_t903,0.0
EPS1_t904,0.0
EPS1_t889,0.0
EPS1_t890,0.0
EPS1_t891,0.0
EPS1_t892,0.0
EPS1_t893,0.0
EPS1_t894,0.0
EPS1_t895,0.0
EPS1_t896,0.0
EPS1_t881,0.0
EPS1_t882,0.0
EPS1_t883,0.0
EPS1_t884,0.0
EPS1_t885,0.0
EPS1_t886,0.0
EPS1_t887,0.0
EPS1_t888,0.0
EPS1_t873,0.0
EPS1_t874,0.0
EPS1_t875,0.0
EPS1_t876,0.0
EPS1_t877,0.0
EPS1_t878,0.0
EPS1_t879,0.0
EPS1_t880,0.0
EPS1_t929,0.0
EPS1_t930,0.0
EPS1_t931,0.0
EPS1_t932,0.0
EPS1_t933,0.0
EPS1_t934,0.0
EPS1_t935,0.0
EPS1_t936,0.0
EPS1_t921,0.0
EPS1_t922,0.0
EPS1_t923,0.0
EPS1_t924,0.0
EPS1_t925,0.0
EPS1_t926,0.0
EPS1_t927,0.0
EPS1_t928,0.0
EPS1_t913,0.0
EPS1_t914,0.0
EPS1_t915,0.0
EPS1_t916,0.0
EPS1_t917,0.0
EPS1_t918,0.0
EPS1_t919,0.0
EPS1_t920,0.0
EPS1_t905,0.0
EPS1_t906,0.0
EPS1_t907,0.0
EPS1_t908,0.0
EPS1_t909,0.0
EPS1_t910,0.0
EPS1_t911,0.0
EPS1_t912,0.0
EPS1_t961,0.0
EPS1_t962,0.0
EPS1_t963,0.0
EPS1_t964,0.0
EPS1_t965,0.0
EPS1_t966,0.0
EPS1_t967,0.0
EPS1_t968,0.0
EPS1_t953,0.0
EPS1_t954,0.0
EPS1_t955,0.0
EPS1_t956,0.0
EPS1_t957,0.0
EPS1_t958,0.0
EPS1_t959,0.0
EPS1_t960,0.0
EPS1_t945,0.0
EPS1_t946,0.0
EPS1_t947,0.0
EPS1_t948,0.0
EPS1_t949,0.0
EPS1_t950,0.0
EPS1_t951,0.0
EPS1_t952,0.0
EPS1_t937,0.0
EPS1_t938,0.0
EPS1_t939,0.0
EPS1_t940,0.0
EPS1_t941,0.0
EPS1_t942,0.0
EPS1_t943,0.0
EPS1_t944,0.0
EPS1_t993,0.0
EPS1_t994,0.0
EPS1_t995,0.0
EPS1_t996,0.0
EPS1_t997,0.0
EPS1_t998,0.0
EPS1_t999,0.0
EPS1_t1000,0.0
EPS1_t985,0.0
EPS1_t986,0.0
EPS1_t987,0.0
EPS1_t988,0.0
EPS1_t989,0.0
EPS1_t990,0.0
EPS1_t991,0.0
EPS1_t992,0.0
EPS1_t977,0.0
EPS1_t978,0.0
EPS1_t979,0.0
EPS1_t980,0.0
EPS1_t981,0.0
EPS1_t982,0.0
EPS1_t983,0.0
EPS1_t984,0.0
EPS1_t969,0.0
EPS1_t970,0.0
EPS1_t971,0.0
EPS1_t972,0.0
EPS1_t973,0.0
EPS1_t974,0.0
EPS1_t975,0.0
EPS1_t976,0.0
EPS1_t1025,0.0
EPS1_t1026,0.0
EPS1_t1027,0.0
EPS1_t1028,0.0
EPS1_t1029,0.0
EPS1_t1030,0.0
EPS1_t1031,0.0
EPS1_t1032,0.0
EPS1_t1017,0.0
EPS1_t1018,0.0
EPS1_t1019,0.0
EPS1_t1020,0.0
EPS1_t1021,0.0
EPS1_t1022,0.0
EPS1_t1023,0.0
EPS1_t1024,0.0
EPS1_t1009,0.0
EPS1_t1010,0.0
EPS1_t1011,0.0
EPS1_t1012,0.0
EPS1_t1013,0.0
EPS1_t1014,0.0
EPS1_t1015,0.0
EPS1_t1016,0.0
EPS1_t1001,0.0
EPS1_t1002,0.0
EPS1_t1003,0.0
EPS1_t1004,0.0
EPS1_t1005,0.0
EPS1_t1006,0.0
EPS1_t1007,0.0
EPS1_t1008,0.0
EPS1_t1057,0.0
EPS1_t1058,0.0
EPS1_t1059,0.0
EPS1_t1060,0.0
EPS1_t1061,0.0
EPS1_t1062,0.0
EPS1_t1063,0.0
EPS1_t1064,0.0
EPS1_t1049,0.0
EPS1_t1050,0.0
EPS1_t1051,0.0
EPS1_t1052,0.0
EPS1_t1053,0.0
EPS1_t1054,0.0
EPS1_t1055,0.0
EPS1_t1056,0.0
EPS1_t1041,0.0
EPS1_t1042,0.0
EPS1_t1043,0.0
EPS1_t1044,0.0
EPS1_t1045,0.0
EPS1_t1046,0.0
EPS1_t1047,0.0
EPS1_t1048,0.0
EPS1_t1033,0.0
EPS1_t1034,0.0
EPS1_t1035,0.0
EPS1_t1036,0.0
EPS1_t1037,0.0
EPS1_t1038,0.0
EPS1_t1039,0.0
EPS1_t1040,0.0
EPS1_t1089,0.0
EPS1_t1090,0.0
EPS1_t1091,0.0
EPS1_t1092,0.0
EPS1_t1093,0.0
EPS1_t1094,0.0
EPS1_t1095,0.0
EPS1_t1096,0.0
EPS1_t1081,0.0
EPS1_t1082,0.0
EPS1_t1083,0.0
EPS1_t1084,0.0
EPS1_t1085,0.0
EPS1_t1086,0.0
EPS1_t1087,0.0
EPS1_t1088,0.0
EPS1_t1073,0.0
EPS1_t1074,0.0
EPS1_t1075,0.0
EPS1_t1076,0.0
EPS1_t1077,0.0
EPS1_t1078,0.0
EPS1_t1079,0.0
EPS1_t1080,0.0
EPS1_t1065,0.0
EPS1_t1066,0.0
EPS1_t1067,0.0
EPS1_t1068,0.0
EPS1_t1069,0.0
EPS1_t1070,0.0
EPS1_t1071,0.0
EPS1_t1072,0.0
EPS1_t1121,0.0
EPS1_t1122,0.0
EPS1_t1123,0.0
EPS1_t1124,0.0
EPS1_t1125,0.0
EPS1_t1126,0.0
EPS1_t1127,0.0
EPS1_t1128,0.0
EPS1_t1113,0.0
EPS1_t1114,0.0
EPS1_t1115,0.0
EPS1_t1116,0.0
EPS1_t1117,0.0
EPS1_t1118,0.0
EPS1_t1119,0.0
EPS1_t1120,0.0
EPS1_t1105,0.0
EPS1_t1106,0.0
EPS1_t1107,0.0
EPS1_t1108,0.0
EPS1_t1109,0.0
EPS1_t1110,0.0
EPS1_t1111,0.0
EPS1_t1112,0.0
EPS1_t1097,0.0
EPS1_t1098,0.0
EPS1_t1099,0.0
EPS1_t1100,0.0
EPS1_t1101,0.0
EPS1_t1102,0.0
EPS1_t1103,0.0
EPS1_t1104,0.0
EPS1_t1153,0.0
EPS1_t1154,0.0
EPS1_t1155,0.0
EPS1_t1156,0.0
EPS1_t1157,0.0
EPS1_t1158,0.0
EPS1_t1159,0.0
EPS1_t1160,0.0
EPS1_t1145,0.0
EPS1_t1146,0.0
EPS1_t1147,0.0
EPS1_t1148,0.0
EPS1_t1149,0.0
EPS1_t1150,0.0
EPS1_t1151,0.0
EPS1_t1152,0.0
EPS1_t1137,0.0
EPS1_t1138,0.0
EPS1_t1139,0.0
EPS1_t1140,0.0
EPS1_t1141,0.0
EPS1_t1142,0.0
EPS1_t1143,0.0
EPS1_t1144,0.0
EPS1_t1129,0.0
EPS1_t1130,0.0
EPS1_t1131,0.0
EPS1_t1132,0.0
EPS1_t1133,0.0
EPS1_t1134,0.0
EPS1_t1135,0.0
EPS1_t1136,0.0
EPS1_t1185,0.0
EPS1_t1186,0.0
EPS1_t1187,0.0
EPS1_t1188,0.0
EPS1_t1189,0.0
EPS1_t1190,0.0
EPS1_t1191,0.0
EPS1_t1192,0.0
EPS1_t1177,0.0
EPS1_t1178,0.0
EPS1_t1179,0.0
EPS1_t1180,0.0
EPS1_t1181,0.0
EPS1_t1182,0.0
EPS1_t1183,0.0
EPS1_t1184,0.0
EPS1_t1169,0.0
EPS1_t1170,0.0
EPS1_t1171,0.0
EPS1_t1172,0.0
EPS1_t1173,0.0
EPS1_t1174,0.0
EPS1_t1175,0.0
EPS1_t1176,0.0
EPS1_t1161,0.0
EPS1_t1162,0.0
EPS1_t1163,0.0
EPS1_t1164,0.0
EPS1_t1165,0.0
EPS1_t1166,0.0
EPS1_t1167,0.0
EPS1_t1168,0.0
EPS1_t1217,0.0
EPS1_t1218,0.0
EPS1_t1219,0.0
EPS1_t1220,0.0
EPS1_t1221,0.0
EPS1_t1222,0.0
EPS1_t1223,0.0
EPS1_t1224,0.0
EPS1_t1209,0.0
EPS1_t1210,0.0
EPS1_t1211,0.0
EPS1_t1212,0.0
EPS1_t1213,0.0
EPS1_t1214,0.0
EPS1_t1215,0.0
EPS1_t1216,0.0
EPS1_t1201,0.0
EPS1_t1202,0.0
EPS1_t1203,0.0
EPS1_t1204,0.0
EPS1_t1205,0.0
EPS1_t1206,0.0
EPS1_t1207,0.0
EPS1_t1208,0.0
EPS1_t1193,0.0
EPS1_t1194,0.0
EPS1_t1195,0.0
EPS1_t1196,0.0
EPS1_t1197,0.0
EPS1_t1198,0.0
EPS1_t1199,0.0
EPS1_t1200,0.0
EPS1_t1249,0.0
EPS1_t1250,0.0
EPS1_t1251,0.0
EPS1_t1252,0.0
EPS1_t1253,0.0
EPS1_t1254,0.0
EPS1_t1255,0.0
EPS1_t1256,0.0
EPS1_t1241,0.0
EPS1_t1242,0.0
EPS1_t1243,0.0
EPS1_t1244,0.0
EPS1_t1245,0.0
EPS1_t1246,0.0
EPS1_t1247,0.0
EPS1_t1248,0.0
EPS1_t1233,0.0
EPS1_t1234,0.0
EPS1_t1235,0.0
EPS1_t1236,0.0
EPS1_t1237,0.0
EPS1_t1238,0.0
EPS1_t1239,0.0
EPS1_t1240,0.0
EPS1_t1225,0.0
EPS1_t1226,0.0
EPS1_t1227,0.0
EPS1_t1228,0.0
EPS1_t1229,0.0
EPS1_t1230,0.0
EPS1_t1231,0.0
EPS1_t1232,0.0
EPS1_t1281,0.0
EPS1_t1282,0.0
EPS1_t1283,0.0
EPS1_t1284,0.0
EPS1_t1285,0.0
EPS1_t1286,0.0
EPS1_t1287,0.0
EPS1_t1288,0.0
EPS1_t1273,0.0
EPS1_t1274,0.0
EPS1_t1275,0.0
EPS1_t1276,0.0
EPS1_t1277,0.0
EPS1_t1278,0.0
EPS1_t1279,0.0
EPS1_t1280,0.0
EPS1_t1265,0.0
EPS1_t1266,0.0
EPS1_t1267,0.0
EPS1_t1268,0.0
EPS1_t1269,0.0
EPS1_t1270,0.0
EPS1_t1271,0.0
EPS1_t1272,0.0
EPS1_t1257,0.0
EPS1_t1258,0.0
EPS1_t1259,0.0
EPS1_t1260,0.0
EPS1_t1261,0.0
EPS1_t1262,0.0
EPS1_t1263,0.0
EPS1_t1264,0.0
EPS1_t1313,0.0
EPS1_t1314,0.0
EPS1_t1315,0.0
EPS1_t1316,0.0
EPS1_t1317,0.0
EPS1_t1318,0.0
EPS1_t1319,0.0
EPS1_t1320,0.0
EPS1_t1305,0.0
EPS1_t1306,0.0
EPS1_t1307,0.0
EPS1_t1308,0.0
EPS1_t1309,0.0
EPS1_t1310,0.0
EPS1_t1311,0.0
EPS1_t1312,0.0
EPS1_t1297,0.0
EPS1_t1298,0.0
EPS1_t1299,0.0
EPS1_t1300,0.0
EPS1_t1301,0.0
EPS1_t1302,0.0
EPS1_t1303,0.0
EPS1_t1304,0.0
EPS1_t1289,0.0
EPS1_t1290,0.0
EPS1_t1291,0.0
EPS1_t1292,0.0
EPS1_t1293,0.0
EPS1_t1294,0.0
EPS1_t1295,0.0
EPS1_t1296,0.0
EPS1_t1345,0.0
EPS1_t1346,0.0
EPS1_t1347,0.0
EPS1_t1348,0.0
EPS1_t1349,0.0
EPS1_t1350,0.0
EPS1_t1351,0.0
EPS1_t1352,0.0
EPS1_t1337,0.0
EPS1_t1338,0.0
EPS1_t1339,0.0
EPS1_t1340,0.0
EPS1_t1341,0.0
EPS1_t1342,0.0
EPS1_t1343,0.0
EPS1_t1344,0.0
EPS1_t1329,0.0
EPS1_t1330,0.0
EPS1_t1331,0.0
EPS1_t1332,0.0
EPS1_t1333,0.0
EPS1_t1334,0.0
EPS1_t1335,0.0
EPS1_t1336,0.0
EPS1_t1321,0.0
EPS1_t1322,0.0
EPS1_t1323,0.0
EPS1_t1324,0.0
EPS1_t1325,0.0
EPS1_t1326,0.0
EPS1_t1327,0.0
EPS1_t1328,0.0
EPS1_t1377,0.0
EPS1_t1378,0.0
EPS1_t1379,0.0
EPS1_t1380,0.0
EPS1_t1381,0.0
EPS1_t1382,0.0
EPS1_t1383,0.0
EPS1_t1384,0.0
EPS1_t1369,0.0
EPS1_t1370,0.0
EPS1_t1371,0.0
EPS1_t1372,0.0
EPS1_t1373,0.0
EPS1_t1374,0.0
EPS1_t1375,0.0
EPS1_t1376,0.0
EPS1_t1361,0.0
EPS1_t1362,0.0
EPS1_t1363,0.0
EPS1_t1364,0.0
EPS1_t1365,0.0
EPS1_t1366,0.0
EPS1_t1367,0.0
EPS1_t1368,0.0
EPS1_t1353,0.0
EPS1_t1354,0.0
EPS1_t1355,0.0
EPS1_t1356,0.0
EPS1_t1357,0.0
EPS1_t1358,0.0
EPS1_t1359,0.0
EPS1_t1360,0.0
EPS1_t1409,0.0
EPS1_t1410,0.0
EPS1_t1411,0.0
EPS1_t1412,0.0
EPS1_t1413,0.0
EPS1_t1414,0.0
EPS1_t1415,0.0
EPS1_t1416,0.0
EPS1_t1401,0.0
EPS1_t1402,0.0
EPS1_t1403,0.0
EPS1_t1404,0.0
EPS1_t1405,0.0
EPS1_t1406,0.0
EPS1_t1407,0.0
EPS1_t1408,0.0
EPS1_t1393,0.0
EPS1_t1394,0.0
EPS1_t1395,0.0
EPS1_t1396,0.0
EPS1_t1397,0.0
EPS1_t1398,0.0
EPS1_t1399,0.0
EPS1_t1400,0.0
EPS1_t1385,0.0
EPS1_t1386,0.0
EPS1_t1387,0.0
EPS1_t1388,0.0
EPS1_t1389,0.0
EPS1_t1390,0.0
EPS1_t1391,0.0
EPS1_t1392,0.0
EPS1_t1441,0.0
EPS1_t1442,0.0
EPS1_t1443,0.0
EPS1_t1444,0.0
EPS1_t1445,0.0
EPS1_t1446,0.0
EPS1_t1447,0.0
EPS1_t1448,0.0
EPS1_t1433,0.0
EPS1_t1434,0.0
EPS1_t1435,0.0
EPS1_t1436,0.0
EPS1_t1437,0.0
EPS1_t1438,0.0
EPS1_t1439,0.0
EPS1_t1440,0.0
EPS1_t1425,0.0
EPS1_t1426,0.0
EPS1_t1427,0.0
EPS1_t1428,0.0
EPS1_t1429,0.0
EPS1_t1430,0.0
EPS1_t1431,0.0
EPS1_t1432,0.0
EPS1_t1417,0.0
EPS1_t1418,0.0
EPS1_t1419,0.0
EPS1_t1420,0.0
EPS1_t1421,0.0
EPS1_t1422,0.0
EPS1_t1423,0.0
EPS1_t1424,0.0
EPS1_t1473,0.0
EPS1_t1474,0.0
EPS1_t1475,0.0
EPS1_t1476,0.0
EPS1_t1477,0.0
EPS1_t1478,0.0
EPS1_t1479,0.0
EPS1_t1480,0.0
EPS1_t1465,0.0
EPS1_t1466,0.0
EPS1_t1467,0.0
EPS1_t1468,0.0
EPS1_t1469,0.0
EPS1_t1470,0.0
EPS1_t1471,0.0
EPS1_t1472,0.0
EPS1_t1457,0.0
EPS1_t1458,0.0
EPS1_t1459,0.0
EPS1_t1460,0.0
EPS1_t1461,0.0
EPS1_t1462,0.0
EPS1_t1463,0.0
EPS1_t1464,0.0
EPS1_t1449,0.0
EPS1_t1450,0.0
EPS1_t1451,0.0
EPS1_t1452,0.0
EPS1_t1453,0.0
EPS1_t1454,0.0
EPS1_t1455,0.0
EPS1_t1456,0.0
EPS1_t1505,0.0
EPS1_t1506,0.0
EPS1_t1507,0.0
EPS1_t1508,0.0
EPS1_t1509,0.0
EPS1_t1510,0.0
EPS1_t1511,0.0
EPS1_t1512,0.0
EPS1_t1497,0.0
EPS1_t1498,0.0
EPS1_t1499,0.0
EPS1_t1500,0.0
EPS1_t1501,0.0
EPS1_t1502,0.0
EPS1_t1503,0.0
EPS1_t1504,0.0
EPS1_t1489,0.0
EPS1_t1490,0.0
EPS1_t1491,0.0
EPS1_t1492,0.0
EPS1_t1493,0.0
EPS1_t1494,0.0
EPS1_t1495,0.0
EPS1_t1496,0.0
EPS1_t1481,0.0
EPS1_t1482,0.0
EPS1_t1483,0.0
EPS1_t1484,0.0
EPS1_t1485,0.0
EPS1_t1486,0.0
EPS1_t1487,0.0
EPS1_t1488,0.0
EPS1_t1537,0.0
EPS1_t1538,0.0
EPS1_t1539,0.0
EPS1_t1540,0.0
EPS1_t1541,0.0
EPS1_t1542,0.0
EPS1_t1543,0.0
EPS1_t1544,0.0
EPS1_t1529,0.0
EPS1_t1530,0.0
EPS1_t1531,0.0
EPS1_t1532,0.0
EPS1_t1533,0.0
EPS1_t1534,0.0
EPS1_t1535,0.0
EPS1_t1536,0.0
EPS1_t1521,0.0
EPS1_t1522,0.0
EPS1_t1523,0.0
EPS1_t1524,0.0
EPS1_t1525,0.0
EPS1_t1526,0.0
EPS1_t1527,0.0
EPS1_t1528,0.0
EPS1_t1513,0.0
EPS1_t1514,0.0
EPS1_t1515,0.0
EPS1_t1516,0.0
EPS1_t1517,0.0
EPS1_t1518,0.0
EPS1_t1519,0.0
EPS1_t1520,0.0
EPS1_t1569,0.0
EPS1_t1570,0.0
EPS1_t1571,0.0
EPS1_t1572,0.0
EPS1_t1573,0.0
EPS1_t1574,0.0
EPS1_t1575,0.0
EPS1_t1576,0.0
EPS1_t1561,0.0
EPS1_t1562,0.0
EPS1_t1563,0.0
EPS1_t1564,0.0
EPS1_t1565,0.0
EPS1_t1566,0.0
EPS1_t1567,0.0
EPS1_t1568,0.0
EPS1_t1553,0.0
EPS1_t1554,0.0
EPS1_t1555,0.0
EPS1_t1556,0.0
EPS1_t1557,0.0
EPS1_t1558,0.0
EPS1_t1559,0.0
EPS1_t1560,0.0
EPS1_t1545,0.0
EPS1_t1546,0.0
EPS1_t1547,0.0
EPS1_t1548,0.0
EPS1_t1549,0.0
EPS1_t1550,0.0
EPS1_t1551,0.0
EPS1_t1552,0.0
EPS1_t1601,0.0
EPS1_t1602,0.0
EPS1_t1603,0.0
EPS1_t1604,0.0
EPS1_t1605,0.0
EPS1_t1606,0.0
EPS1_t1607,0.0
EPS1_t1608,0.0
EPS1_t1593,0.0
EPS1_t1594,0.0
EPS1_t1595,0.0
EPS1_t1596,0.0
EPS1_t1597,0.0
EPS1_t1598,0.0
EPS1_t1599,0.0
EPS1_t1600,0.0
EPS1_t1585,0.0
EPS1_t1586,0.0
EPS1_t1587,0.0
EPS1_t1588,0.0
EPS1_t1589,0.0
EPS1_t1590,0.0
EPS1_t1591,0.0
EPS1_t1592,0.0
EPS1_t1577,0.0
EPS1_t1578,0.0
EPS1_t1579,0.0
EPS1_t1580,0.0
EPS1_t1581,0.0
EPS1_t1582,0.0
EPS1_t1583,0.0
EPS1_t1584,0.0
EPS1_t1633,0.0
EPS1_t1634,0.0
EPS1_t1635,0.0
EPS1_t1636,0.0
EPS1_t1637,0.0
EPS1_t1638,0.0
EPS1_t1639,0.0
EPS1_t1640,0.0
EPS1_t1625,0.0
EPS1_t1626,0.0
EPS1_t1627,0.0
EPS1_t1628,0.0
EPS1_t1629,0.0
EPS1_t1630,0.0
EPS1_t1631,0.0
EPS1_t1632,0.0
EPS1_t1617,0.0
EPS1_t1618,0.0
EPS1_t1619,0.0
EPS1_t1620,0.0
EPS1_t1621,0.0
EPS1_t1622,0.0
EPS1_t1623,0.0
EPS1_t1624,0.0
EPS1_t1609,0.0
EPS1_t1610,0.0
EPS1_t1611,0.0
EPS1_t1612,0.0
EPS1_t1613,0.0
EPS1_t1614,0.0
EPS1_t1615,0.0
EPS1_t1616,0.0
EPS1_t1665,0.0
EPS1_t1666,0.0
EPS1_t1667,0.0
EPS1_t1668,0.0
EPS1_t1669,0.0
EPS1_t1670,0.0
EPS1_t1671,0.0
EPS1_t1672,0.0
EPS1_t1657,0.0
EPS1_t1658,0.0
EPS1_t1659,0.0
EPS1_t1660,0.0
EPS1_t1661,0.0
EPS1_t1662,0.0
EPS1_t1663,0.0
EPS1_t1664,0.0
EPS1_t1649,0.0
EPS1_t1650,0.0
EPS1_t1651,0.0
EPS1_t1652,0.0
EPS1_t1653,0.0
EPS1_t1654,0.0
EPS1_t1655,0.0
EPS1_t1656,0.0
EPS1_t1641,0.0
EPS1_t1642,0.0
EPS1_t1643,0.0
EPS1_t1644,0.0
EPS1_t1645,0.0
EPS1_t1646,0.0
EPS1_t1647,0.0
EPS1_t1648,0.0
EPS1_t1697,0.0
EPS1_t1698,0.0
EPS1_t1699,0.0
EPS1_t1700,0.0
EPS1_t1701,0.0
EPS1_t1702,0.0
EPS1_t1703,0.0
EPS1_t1704,0.0
EPS1_t1689,0.0
EPS1_t1690,0.0
EPS1_t1691,0.0
EPS1_t1692,0.0
EPS1_t1693,0.0
EPS1_t1694,0.0
EPS1_t1695,0.0
EPS1_t1696,0.0
EPS1_t1681,0.0
EPS1_t1682,0.0
EPS1_t1683,0.0
EPS1_t1684,0.0
EPS1_t1685,0.0
EPS1_t1686,0.0
EPS1_t1687,0.0
EPS1_t1688,0.0
EPS1_t1673,0.0
EPS1_t1674,0.0
EPS1_t1675,0.0
EPS1_t1676,0.0
EPS1_t1677,0.0
EPS1_t1678,0.0
EPS1_t1679,0.0
EPS1_t1680,0.0
EPS1_t1729,0.0
EPS1_t1730,0.0
EPS1_t1731,0.0
EPS1_t1732,0.0
EPS1_t1733,0.0
EPS1_t1734,0.0
EPS1_t1735,0.0
EPS1_t1736,0.0
EPS1_t1721,0.0
EPS1_t1722,0.0
EPS1_t1723,0.0
EPS1_t1724,0.0
EPS1_t1725,0.0
EPS1_t1726,0.0
EPS1_t1727,0.0
EPS1_t1728,0.0
EPS1_t1713,0.0
EPS1_t1714,0.0
EPS1_t1715,0.0
EPS1_t1716,0.0
EPS1_t1717,0.0
EPS1_t1718,0.0
EPS1_t1719,0.0
EPS1_t1720,0.0
EPS1_t1705,0.0
EPS1_t1706,0.0
EPS1_t1707,0.0
EPS1_t1708,0.0
EPS1_t1709,0.0
EPS1_t1710,0.0
EPS1_t1711,0.0
EPS1_t1712,0.0
EPS1_t1761,0.0
EPS1_t1762,0.0
EPS1_t1763,0.0
EPS1_t1764,0.0
EPS1_t1765,0.0
EPS1_t1766,0.0
EPS1_t1767,0.0
EPS1_t1768,0.0
EPS1_t1753,0.0
EPS1_t1754,0.0
EPS1_t1755,0.0
EPS1_t1756,0.0
EPS1_t1757,0.0
EPS1_t1758,0.0
EPS1_t1759,0.0
EPS1_t1760,0.0
EPS1_t1745,0.0
EPS1_t1746,0.0
EPS1_t1747,0.0
EPS1_t1748,0.0
EPS1_t1749,0.0
EPS1_t1750,0.0
EPS1_t1751,0.0
EPS1_t1752,0.0
EPS1_t1737,0.0
EPS1_t1738,0.0
EPS1_t1739,0.0
EPS1_t1740,0.0
EPS1_t1741,0.0
EPS1_t1742,0.0
EPS1_t1743,0.0
EPS1_t1744,0.0
EPS1_t1793,0.0
EPS1_t1794,0.0
EPS1_t1795,0.0
EPS1_t1796,0.0
EPS1_t1797,0.0
EPS1_t1798,0.0
EPS1_t1799,0.0
EPS1_t1800,0.0
EPS1_t1785,0.0
EPS1_t1786,0.0
EPS1_t1787,0.0
EPS1_t1788,0.0
EPS1_t1789,0.0
EPS1_t1790,0.0
EPS1_t1791,0.0
EPS1_t1792,0.0
EPS1_t1777,0.0
EPS1_t1778,0.0
EPS1_t1779,0.0
EPS1_t1780,0.0
EPS1_t1781,0.0
EPS1_t1782,0.0
EPS1_t1783,0.0
EPS1_t1784,0.0
EPS1_t1769,0.0
EPS1_t1770,0.0
EPS1_t1771,0.0
EPS1_t1772,0.0
EPS1_t1773,0.0
EPS1_t1774,0.0
EPS1_t1775,0.0
EPS1_t1776,0.0
EPS1_t1825,0.0
EPS1_t1826,0.0
EPS1_t1827,0.0
EPS1_t1828,0.0
EPS1_t1829,0.0
EPS1_t1830,0.0
EPS1_t1831,0.0
EPS1_t1832,0.0
EPS1_t1817,0.0
EPS1_t1818,0.0
EPS1_t1819,0.0
EPS1_t1820,0.0
EPS1_t1821,0.0
EPS1_t1822,0.0
EPS1_t1823,0.0
EPS1_t1824,0.0
EPS1_t1809,0.0
EPS1_t1810,0.0
EPS1_t1811,0.0
EPS1_t1812,0.0
EPS1_t1813,0.0
EPS1_t1814,0.0
EPS1_t1815,0.0
EPS1_t1816,0.0
EPS1_t1801,0.0
EPS1_t1802,0.0
EPS1_t1803,0.0
EPS1_t1804,0.0
EPS1_t1805,0.0
EPS1_t1806,0.0
EPS1_t1807,0.0
EPS1_t1808,0.0
EPS1_t1857,0.0
EPS1_t1858,0.0
EPS1_t1859,0.0
EPS1_t1860,0.0
EPS1_t1861,0.0
EPS1_t1862,0.0
EPS1_t1863,0.0
EPS1_t1864,0.0
EPS1_t1849,0.0
EPS1_t1850,0.0
EPS1_t1851,0.0
EPS1_t1852,0.0
EPS1_t1853,0.0
EPS1_t1854,0.0
EPS1_t1855,0.0
EPS1_t1856,0.0
EPS1_t1841,0.0
EPS1_t1842,0.0
EPS1_t1843,0.0
EPS1_t1844,0.0
EPS1_t1845,0.0
EPS1_t1846,0.0
EPS1_t1847,0.0
EPS1_t1848,0.0
EPS1_t1833,0.0
EPS1_t1834,0.0
EPS1_t1835,0.0
EPS1_t1836,0.0
EPS1_t1837,0.0
EPS1_t1838,0.0
EPS1_t1839,0.0
EPS1_t1840,0.0
EPS1_t1889,0.0
EPS1_t1890,0.0
EPS1_t1891,0.0
EPS1_t1892,0.0
EPS1_t1893,0.0
EPS1_t1894,0.0
EPS1_t1895,0.0
EPS1_t1896,0.0
EPS1_t1881,0.0
EPS1_t1882,0.0
EPS1_t1883,0.0
EPS1_t1884,0.0
EPS1_t1885,0.0
EPS1_t1886,0.0
EPS1_t1887,0.0
EPS1_t1888,0.0
EPS1_t1873,0.0
EPS1_t1874,0.0
EPS1_t1875,0.0
EPS1_t1876,0.0
EPS1_t1877,0.0
EPS1_t1878,0.0
EPS1_t1879,0.0
EPS1_t1880,0.0
EPS1_t1865,0.0
EPS1_t1866,0.0
EPS1_t1867,0.0
EPS1_t1868,0.0
EPS1_t1869,0.0
EPS1_t1870,0.0
EPS1_t1871,0.0
EPS1_t1872,0.0
EPS1_t1921,0.0
EPS1_t1922,0.0
EPS1_t1923,0.0
EPS1_t1924,0.0
EPS1_t1925,0.0
EPS1_t1926,0.0
EPS1_t1927,0.0
EPS1_t1928,0.0
EPS1_t1913,0.0
EPS1_t1914,0.0
EPS1_t1915,0.0
EPS1_t1916,0.0
EPS1_t1917,0.0
EPS1_t1918,0.0
EPS1_t1919,0.0
EPS1_t1920,0.0
EPS1_t1905,0.0
EPS1_t1906,0.0
EPS1_t1907,0.0
EPS1_t1908,0.0
EPS1_t1909,0.0
EPS1_t1910,0.0
EPS1_t1911,0.0
EPS1_t1912,0.0
EPS1_t1897,0.0
EPS1_t1898,0.0
EPS1_t1899,0.0
EPS1_t1900,0.0
EPS1_t1901,0.0
EPS1_t1902,0.0
EPS1_t1903,0.0
EPS1_t1904,0.0
EPS1_t1953,0.0
EPS1_t1954,0.0
EPS1_t1955,0.0
EPS1_t1956,0.0
EPS1_t1957,0.0
EPS1_t1958,0.0
EPS1_t1959,0.0
EPS1_t1960,0.0
EPS1_t1945,0.0
EPS1_t1946,0.0
EPS1_t1947,0.0
EPS1_t1948,0.0
EPS1_t1949,0.0
EPS1_t1950,0.0
EPS1_t1951,0.0
EPS1_t1952,0.0
EPS1_t1937,0.0
EPS1_t1938,0.0
EPS1_t1939,0.0
EPS1_t1940,0.0
EPS1_t1941,0.0
EPS1_t1942,0.0
EPS1_t1943,0.0
EPS1_t1944,0.0
EPS1_t1929,0.0
EPS1_t1930,0.0
EPS1_t1931,0.0
EPS1_t1932,0.0
EPS1_t1933,0.0
EPS1_t1934,0.0
EPS1_t1935,0.0
EPS1_t1936,0.0
EPS1_t1985,0.0
EPS1_t1986,0.0
EPS1_t1987,0.0
EPS1_t1988,0.0
EPS1_t1989,0.0
EPS1_t1990,0.0
EPS1_t1991,0.0
EPS1_t1992,0.0
EPS1_t1977,0.0
EPS1_t1978,0.0
EPS1_t1979,0.0
EPS1_t1980,0.0
EPS1_t1981,0.0
EPS1_t1982,0.0
EPS1_t1983,0.0
EPS1_t1984,0.0
EPS1_t1969,0.0
EPS1_t1970,0.0
EPS1_t1971,0.0
EPS1_t1972,0.0
EPS1_t1973,0.0
EPS1_t1974,0.0
EPS1_t1975,0.0
EPS1_t1976,0.0
EPS1_t1961,0.0
EPS1_t1962,0.0
EPS1_t1963,0.0
EPS1_t1964,0.0
EPS1_t1965,0.0
EPS1_t1966,0.0
EPS1_t1967,0.0
EPS1_t1968,0.0
EPS1_t2017,0.0
EPS1_t2018,0.0
EPS1_t2019,0.0
EPS1_t2020,0.0
EPS1_t2021,0.0
EPS1_t2022,0.0
EPS1_t2023,0.0
EPS1_t2024,0.0
EPS1_t2009,0.0
EPS1_t2010,0.0
EPS1_t2011,0.0
EPS1_t2012,0.0
EPS1_t2013,0.0
EPS1_t2014,0.0
EPS1_t2015,0.0
EPS1_t2016,0.0
EPS1_t2001,0.0
EPS1_t2002,0.0
EPS1_t2003,0.0
EPS1_t2004,0.0
EPS1_t2005,0.0
EPS1_t2006,0.0
EPS1_t2007,0.0
EPS1_t2008,0.0
EPS1_t1993,0.0
EPS1_t1994,0.0
EPS1_t1995,0.0
EPS1_t1996,0.0
EPS1_t1997,0.0
EPS1_t1998,0.0
EPS1_t1999,0.0
EPS1_t2000,0.0
EPS1_t2049,0.0
EPS1_t2050,0.0
EPS1_t2051,0.0
EPS1_t2052,0.0
EPS1_t2053,0.0
EPS1_t2054,0.0
EPS1_t2055,0.0
EPS1_t2056,0.0
EPS1_t2041,0.0
EPS1_t2042,0.0
EPS1_t2043,0.0
EPS1_t2044,0.0
EPS1_t2045,0.0
EPS1_t2046,0.0
EPS1_t2047,0.0
EPS1_t2048,0.0
EPS1_t2033,0.0
EPS1_t2034,0.0
EPS1_t2035,0.0
EPS1_t2036,0.0
EPS1_t2037,0.0
EPS1_t2038,0.0
EPS1_t2039,0.0
EPS1_t2040,0.0
EPS1_t2025,0.0
EPS1_t2026,0.0
EPS1_t2027,0.0
EPS1_t2028,0.0
EPS1_t2029,0.0
EPS1_t2030,0.0
EPS1_t2031,0.0
EPS1_t2032,0.0
EPS1_t2081,0.0
EPS1_t2082,0.0
EPS1_t2083,0.0
EPS1_t2084,0.0
EPS1_t2085,0.0
EPS1_t2086,0.0
EPS1_t2087,0.0
EPS1_t2088,0.0
EPS1_t2073,0.0
EPS1_t2074,0.0
EPS1_t2075,0.0
EPS1_t2076,0.0
EPS1_t2077,0.0
EPS1_t2078,0.0
EPS1_t2079,0.0
EPS1_t2080,0.0
EPS1_t2065,0.0
EPS1_t2066,0.0
EPS1_t2067,0.0
EPS1_t2068,0.0
EPS1_t2069,0.0
EPS1_t2070,0.0
EPS1_t2071,0.0
EPS1_t2072,0.0
EPS1_t2057,0.0
EPS1_t2058,0.0
EPS1_t2059,0.0
EPS1_t2060,0.0
EPS1_t2061,0.0
EPS1_t2062,0.0
EPS1_t2063,0.0
EPS1_t2064,0.0
EPS1_t2113,0.0
EPS1_t2114,0.0
EPS1_t2115,0.0
EPS1_t2116,0.0
EPS1_t2117,0.0
EPS1_t2118,0.0
EPS1_t2119,0.0
EPS1_t2120,0.0
EPS1_t2105,0.0
EPS1_t2106,0.0
EPS1_t2107,0.0
EPS1_t2108,0.0
EPS1_t2109,0.0
EPS1_t2110,0.0
EPS1_t2111,0.0
EPS1_t2112,0.0
EPS1_t2097,0.0
EPS1_t2098,0.0
EPS1_t2099,0.0
EPS1_t2100,0.0
EPS1_t2101,0.0
EPS1_t2102,0.0
EPS1_t2103,0.0
EPS1_t2104,0.0
EPS1_t2089,0.0
EPS1_t2090,0.0
EPS1_t2091,0.0
EPS1_t2092,0.0
EPS1_t2093,0.0
EPS1_t2094,0.0
EPS1_t2095,0.0
EPS1_t2096,0.0
EPS1_t2145,0.0
EPS1_t2146,0.0
EPS1_t2147,0.0
EPS1_t2148,0.0
EPS1_t2149,0.0
EPS1_t2150,0.0
EPS1_t2151,0.0
EPS1_t2152,0.0
EPS1_t2137,0.0
EPS1_t2138,0.0
EPS1_t2139,0.0
EPS1_t2140,0.0
EPS1_t2141,0.0
EPS1_t2142,0.0
EPS1_t2143,0.0
EPS1_t2144,0.0
EPS1_t2129,0.0
EPS1_t2130,0.0
EPS1_t2131,0.0
EPS1_t2132,0.0
EPS1_t2133,0.0
EPS1_t2134,0.0
EPS1_t2135,0.0
EPS1_t2136,0.0
EPS1_t2121,0.0
EPS1_t2122,0.0
EPS1_t2123,0.0
EPS1_t2124,0.0
EPS1_t2125,0.0
EPS1_t2126,0.0
EPS1_t2127,0.0
EPS1_t2128,0.0
EPS1_t2177,0.0
EPS1_t2178,0.0
EPS1_t2179,0.0
EPS1_t2180,0.0
EPS1_t2181,0.0
EPS1_t2182,0.0
EPS1_t2183,0.0
EPS1_t2184,0.0
EPS1_t2169,0.0
EPS1_t2170,0.0
EPS1_t2171,0.0
EPS1_t2172,0.0
EPS1_t2173,0.0
EPS1_t2174,0.0
EPS1_t2175,0.0
EPS1_t2176,0.0
EPS1_t2161,0.0
EPS1_t2162,0.0
EPS1_t2163,0.0
EPS1_t2164,0.0
EPS1_t2165,0.0
EPS1_t2166,0.0
EPS1_t2167,0.0
EPS1_t2168,0.0
EPS1_t2153,0.0
EPS1_t2154,0.0
EPS1_t2155,0.0
EPS1_t2156,0.0
EPS1_t2157,0.0
EPS1_t2158,0.0
EPS1_t2159,0.0
EPS1_t2160,0.0
EPS1_t2209,0.0
EPS1_t2210,0.0
EPS1_t2211,0.0
EPS1_t2212,0.0
EPS1_t2213,0.0
EPS1_t2214,0.0
EPS1_t2215,0.0
EPS1_t2216,0.0
EPS1_t2201,0.0
EPS1_t2202,0.0
EPS1_t2203,0.0
EPS1_t2204,0.0
EPS1_t2205,0.0
EPS1_t2206,0.0
EPS1_t2207,0.0
EPS1_t2208,0.0
EPS1_t2193,0.0
EPS1_t2194,0.0
EPS1_t2195,0.0
EPS1_t2196,0.0
EPS1_t2197,0.0
EPS1_t2198,0.0
EPS1_t2199,0.0
EPS1_t2200,0.0
EPS1_t2185,0.0
EPS1_t2186,0.0
EPS1_t2187,0.0
EPS1_t2188,0.0
EPS1_t2189,0.0
EPS1_t2190,0.0
EPS1_t2191,0.0
EPS1_t2192,0.0
EPS1_t2241,0.0
EPS1_t2242,0.0
EPS1_t2243,0.0
EPS1_t2244,0.0
EPS1_t2245,0.0
EPS1_t2246,0.0
EPS1_t2247,0.0
EPS1_t2248,0.0
EPS1_t2233,0.0
EPS1_t2234,0.0
EPS1_t2235,0.0
EPS1_t2236,0.0
EPS1_t2237,0.0
EPS1_t2238,0.0
EPS1_t2239,0.0
EPS1_t2240,0.0
EPS1_t2225,0.0
EPS1_t2226,0.0
EPS1_t2227,0.0
EPS1_t2228,0.0
EPS1_t2229,0.0
EPS1_t2230,0.0
EPS1_t2231,0.0
EPS1_t2232,0.0
EPS1_t2217,0.0
EPS1_t2218,0.0
EPS1_t2219,0.0
EPS1_t2220,0.0
EPS1_t2221,0.0
EPS1_t2222,0.0
EPS1_t2223,0.0
EPS1_t2224,0.0
EPS1_t2273,0.0
EPS1_t2274,0.0
EPS1_t2275,0.0
EPS1_t2276,0.0
EPS1_t2277,0.0
EPS1_t2278,0.0
EPS1_t2279,0.0
EPS1_t2280,0.0
EPS1_t2265,0.0
EPS1_t2266,0.0
EPS1_t2267,0.0
EPS1_t2268,0.0
EPS1_t2269,0.0
EPS1_t2270,0.0
EPS1_t2271,0.0
EPS1_t2272,0.0
EPS1_t2257,0.0
EPS1_t2258,0.0
EPS1_t2259,0.0
EPS1_t2260,0.0
EPS1_t2261,0.0
EPS1_t2262,0.0
EPS1_t2263,0.0
EPS1_t2264,0.0
EPS1_t2249,0.0
EPS1_t2250,0.0
EPS1_t2251,0.0
EPS1_t2252,0.0
EPS1_t2253,0.0
EPS1_t2254,0.0
EPS1_t2255,0.0
EPS1_t2256,0.0
EPS1_t2305,0.0
EPS1_t2306,0.0
EPS1_t2307,0.0
EPS1_t2308,0.0
EPS1_t2309,0.0
EPS1_t2310,0.0
EPS1_t2311,0.0
EPS1_t2312,0.0
EPS1_t2297,0.0
EPS1_t2298,0.0
EPS1_t2299,0.0
EPS1_t2300,0.0
EPS1_t2301,0.0
EPS1_t2302,0.0
EPS1_t2303,0.0
EPS1_t2304,0.0
EPS1_t2289,0.0
EPS1_t2290,0.0
EPS1_t2291,0.0
EPS1_t2292,0.0
EPS1_t2293,0.0
EPS1_t2294,0.0
EPS1_t2295,0.0
EPS1_t2296,0.0
EPS1_t2281,0.0
EPS1_t2282,0.0
EPS1_t2283,0.0
EPS1_t2284,0.0
EPS1_t2285,0.0
EPS1_t2286,0.0
EPS1_t2287,0.0
EPS1_t2288,0.0
EPS1_t2337,0.0
EPS1_t2338,0.0
EPS1_t2339,0.0
EPS1_t2340,0.0
EPS1_t2341,0.0
EPS1_t2342,0.0
EPS1_t2343,0.0
EPS1_t2344,0.0
EPS1_t2329,0.0
EPS1_t2330,0.0
EPS1_t2331,0.0
EPS1_t2332,0.0
EPS1_t2333,0.0
EPS1_t2334,0.0
EPS1_t2335,0.0
EPS1_t2336,0.0
EPS1_t2321,0.0
EPS1_t2322,0.0
EPS1_t2323,0.0
EPS1_t2324,0.0
EPS1_t2325,0.0
EPS1_t2326,0.0
EPS1_t2327,0.0
EPS1_t2328,0.0
EPS1_t2313,0.0
EPS1_t2314,0.0
EPS1_t2315,0.0
EPS1_t2316,0.0
EPS1_t2317,0.0
EPS1_t2318,0.0
EPS1_t2319,0.0
EPS1_t2320,0.0
EPS1_t2369,0.0
EPS1_t2370,0.0
EPS1_t2371,0.0
EPS1_t2372,0.0
EPS1_t2373,0.0
EPS1_t2374,0.0
EPS1_t2375,0.0
EPS1_t2376,0.0
EPS1_t2361,0.0
EPS1_t2362,0.0
EPS1_t2363,0.0
EPS1_t2364,0.0
EPS1_t2365,0.0
EPS1_t2366,0.0
EPS1_t2367,0.0
EPS1_t2368,0.0
EPS1_t2353,0.0
EPS1_t2354,0.0
EPS1_t2355,0.0
EPS1_t2356,0.0
EPS1_t2357,0.0
EPS1_t2358,0.0
EPS1_t2359,0.0
EPS1_t2360,0.0
EPS1_t2345,0.0
EPS1_t2346,0.0
EPS1_t2347,0.0
EPS1_t2348,0.0
EPS1_t2349,0.0
EPS1_t2350,0.0
EPS1_t2351,0.0
EPS1_t2352,0.0
EPS1_t2401,0.0
EPS1_t2402,0.0
EPS1_t2403,0.0
EPS1_t2404,0.0
EPS1_t2405,0.0
EPS1_t2406,0.0
EPS1_t2407,0.0
EPS1_t2408,0.0
EPS1_t2393,0.0
EPS1_t2394,0.0
EPS1_t2395,0.0
EPS1_t2396,0.0
EPS1_t2397,0.0
EPS1_t2398,0.0
EPS1_t2399,0.0
EPS1_t2400,0.0
EPS1_t2385,0.0
EPS1_t2386,0.0
EPS1_t2387,0.0
EPS1_t2388,0.0
EPS1_t2389,0.0
EPS1_t2390,0.0
EPS1_t2391,0.0
EPS1_t2392,0.0
EPS1_t2377,0.0
EPS1_t2378,0.0
EPS1_t2379,0.0
EPS1_t2380,0.0
EPS1_t2381,0.0
EPS1_t2382,0.0
EPS1_t2383,0.0
EPS1_t2384,0.0
EPS1_t2433,0.0
EPS1_t2434,0.0
EPS1_t2435,0.0
EPS1_t2436,0.0
EPS1_t2437,0.0
EPS1_t2438,0.0
EPS1_t2439,0.0
EPS1_t2440,0.0
EPS1_t2425,0.0
EPS1_t2426,0.0
EPS1_t2427,0.0
EPS1_t2428,0.0
EPS1_t2429,0.0
EPS1_t2430,0.0
EPS1_t2431,0.0
EPS1_t2432,0.0
EPS1_t2417,0.0
EPS1_t2418,0.0
EPS1_t2419,0.0
EPS1_t2420,0.0
EPS1_t2421,0.0
EPS1_t2422,0.0
EPS1_t2423,0.0
EPS1_t2424,0.0
EPS1_t2409,0.0
EPS1_t2410,0.0
EPS1_t2411,0.0
EPS1_t2412,0.0
EPS1_t2413,0.0
EPS1_t2414,0.0
EPS1_t2415,0.0
EPS1_t2416,0.0
EPS1_t2465,0.0
EPS1_t2466,0.0
EPS1_t2467,0.0
EPS1_t2468,0.0
EPS1_t2469,0.0
EPS1_t2470,0.0
EPS1_t2471,0.0
EPS1_t2472,0.0
EPS1_t2457,0.0
EPS1_t2458,0.0
EPS1_t2459,0.0
EPS1_t2460,0.0
EPS1_t2461,0.0
EPS1_t2462,0.0
EPS1_t2463,0.0
EPS1_t2464,0.0
EPS1_t2449,0.0
EPS1_t2450,0.0
EPS1_t2451,0.0
EPS1_t2452,0.0
EPS1_t2453,0.0
EPS1_t2454,0.0
EPS1_t2455,0.0
EPS1_t2456,0.0
EPS1_t2441,0.0
EPS1_t2442,0.0
EPS1_t2443,0.0
EPS1_t2444,0.0
EPS1_t2445,0.0
EPS1_t2446,0.0
EPS1_t2447,0.0
EPS1_t2448,0.0
EPS1_t2497,0.0
EPS1_t2498,0.0
EPS1_t2499,0.0
EPS1_t2500,0.0
EPS1_t2501,0.0
EPS1_t2502,0.0
EPS1_t2503,0.0
EPS1_t2504,0.0
EPS1_t2489,0.0
EPS1_t2490,0.0
EPS1_t2491,0.0
EPS1_t2492,0.0
EPS1_t2493,0.0
EPS1_t2494,0.0
EPS1_t2495,0.0
EPS1_t2496,0.0
EPS1_t2481,0.0
EPS1_t2482,0.0
EPS1_t2483,0.0
EPS1_t2484,0.0
EPS1_t2485,0.0
EPS1_t2486,0.0
EPS1_t2487,0.0
EPS1_t2488,0.0
EPS1_t2473,0.0
EPS1_t2474,0.0
EPS1_t2475,0.0
EPS1_t2476,0.0
EPS1_t2477,0.0
EPS1_t2478,0.0
EPS1_t2479,0.0
EPS1_t2480,0.0
EPS1_t2529,0.0
EPS1_t2530,0.0
EPS1_t2531,0.0
EPS1_t2532,0.0
EPS1_t2533,0.0
EPS1_t2534,0.0
EPS1_t2535,0.0
EPS1_t2536,0.0
EPS1_t2521,0.0
EPS1_t2522,0.0
EPS1_t2523,0.0
EPS1_t2524,0.0
EPS1_t2525,0.0
EPS1_t2526,0.0
EPS1_t2527,0.0
EPS1_t2528,0.0
EPS1_t2513,0.0
EPS1_t2514,0.0
EPS1_t2515,0.0
EPS1_t2516,0.0
EPS1_t2517,0.0
EPS1_t2518,0.0
EPS1_t2519,0.0
EPS1_t2520,0.0
EPS1_t2505,0.0
EPS1_t2506,0.0
EPS1_t2507,0.0
EPS1_t2508,0.0
EPS1_t2509,0.0
EPS1_t2510,0.0
EPS1_t2511,0.0
EPS1_t2512,0.0
EPS1_t2561,0.0
EPS1_t2562,0.0
EPS1_t2563,0.0
EPS1_t2564,0.0
EPS1_t2565,0.0
EPS1_t2566,0.0
EPS1_t2567,0.0
EPS1_t2568,0.0
EPS1_t2553,0.0
EPS1_t2554,0.0
EPS1_t2555,0.0
EPS1_t2556,0.0
EPS1_t2557,0.0
EPS1_t2558,0.0
EPS1_t2559,0.0
EPS1_t2560,0.0
EPS1_t2545,0.0
EPS1_t2546,0.0
EPS1_t2547,0.0
EPS1_t2548,0.0
EPS1_t2549,0.0
EPS1_t2550,0.0
EPS1_t2551,0.0
EPS1_t2552,0.0
EPS1_t2537,0.0
EPS1_t2538,0.0
EPS1_t2539,0.0
EPS1_t2540,0.0
EPS1_t2541,0.0
EPS1_t2542,0.0
EPS1_t2543,0.0
EPS1_t2544,0.0
EPS1_t2593,0.0
EPS1_t2594,0.0
EPS1_t2595,0.0
EPS1_t2596,0.0
EPS1_t2597,0.0
EPS1_t2598,0.0
EPS1_t2599,0.0
EPS1_t2600,0.0
EPS1_t2585,0.0
EPS1_t2586,0.0
EPS1_t2587,0.0
EPS1_t2588,0.0
EPS1_t2589,0.0
EPS1_t2590,0.0
EPS1_t2591,0.0
EPS1_t2592,0.0
EPS1_t2577,0.0
EPS1_t2578,0.0
EPS1_t2579,0.0
EPS1_t2580,0.0
EPS1_t2581,0.0
EPS1_t2582,0.0
EPS1_t2583,0.0
EPS1_t2584,0.0
EPS1_t2569,0.0
EPS1_t2570,0.0
EPS1_t2571,0.0
EPS1_t2572,0.0
EPS1_t2573,0.0
EPS1_t2574,0.0
EPS1_t2575,0.0
EPS1_t2576,0.0
EPS1_t2625,0.0
EPS1_t2626,0.0
EPS1_t2627,0.0
EPS1_t2628,0.0
EPS1_t2629,0.0
EPS1_t2630,0.0
EPS1_t2631,0.0
EPS1_t2632,0.0
EPS1_t2617,0.0
EPS1_t2618,0.0
EPS1_t2619,0.0
EPS1_t2620,0.0
EPS1_t2621,0.0
EPS1_t2622,0.0
EPS1_t2623,0.0
EPS1_t2624,0.0
EPS1_t2609,0.0
EPS1_t2610,0.0
EPS1_t2611,0.0
EPS1_t2612,0.0
EPS1_t2613,0.0
EPS1_t2614,0.0
EPS1_t2615,0.0
EPS1_t2616,0.0
EPS1_t2601,0.0
EPS1_t2602,0.0
EPS1_t2603,0.0
EPS1_t2604,0.0
EPS1_t2605,0.0
EPS1_t2606,0.0
EPS1_t2607,0.0
EPS1_t2608,0.0
EPS1_t2657,0.0
EPS1_t2658,0.0
EPS1_t2659,0.0
EPS1_t2660,0.0
EPS1_t2661,0.0
EPS1_t2662,0.0
EPS1_t2663,0.0
EPS1_t2664,0.0
EPS1_t2649,0.0
EPS1_t2650,0.0
EPS1_t2651,0.0
EPS1_t2652,0.0
EPS1_t2653,0.0
EPS1_t2654,0.0
EPS1_t2655,0.0
EPS1_t2656,0.0
EPS1_t2641,0.0
EPS1_t2642,0.0
EPS1_t2643,0.0
EPS1_t2644,0.0
EPS1_t2645,0.0
EPS1_t2646,0.0
EPS1_t2647,0.0
EPS1_t2648,0.0
EPS1_t2633,0.0
EPS1_t2634,0.0
EPS1_t2635,0.0
EPS1_t2636,0.0
EPS1_t2637,0.0
EPS1_t2638,0.0
EPS1_t2639,0.0
EPS1_t2640,0.0
EPS1_t2689,0.0
EPS1_t2690,0.0
EPS1_t2691,0.0
EPS1_t2692,0.0
EPS1_t2693,0.0
EPS1_t2694,0.0
EPS1_t2695,0.0
EPS1_t2696,0.0
EPS1_t2681,0.0
EPS1_t2682,0.0
EPS1_t2683,0.0
EPS1_t2684,0.0
EPS1_t2685,0.0
EPS1_t2686,0.0
EPS1_t2687,0.0
EPS1_t2688,0.0
EPS1_t2673,0.0
EPS1_t2674,0.0
EPS1_t2675,0.0
EPS1_t2676,0.0
EPS1_t2677,0.0
EPS1_t2678,0.0
EPS1_t2679,0.0
EPS1_t2680,0.0
EPS1_t2665,0.0
EPS1_t2666,0.0
EPS1_t2667,0.0
EPS1_t2668,0.0
EPS1_t2669,0.0
EPS1_t2670,0.0
EPS1_t2671,0.0
EPS1_t2672,0.0
EPS1_t2721,0.0
EPS1_t2722,0.0
EPS1_t2723,0.0
EPS1_t2724,0.0
EPS1_t2725,0.0
EPS1_t2726,0.0
EPS1_t2727,0.0
EPS1_t2728,0.0
EPS1_t2713,0.0
EPS1_t2714,0.0
EPS1_t2715,0.0
EPS1_t2716,0.0
EPS1_t2717,0.0
EPS1_t2718,0.0
EPS1_t2719,0.0
EPS1_t2720,0.0
EPS1_t2705,0.0
EPS1_t2706,0.0
EPS1_t2707,0.0
EPS1_t2708,0.0
EPS1_t2709,0.0
EPS1_t2710,0.0
EPS1_t2711,0.0
EPS1_t2712,0.0
EPS1_t2697,0.0
EPS1_t2698,0.0
EPS1_t2699,0.0
EPS1_t2700,0.0
EPS1_t2701,0.0
EPS1_t2702,0.0
EPS1_t2703,0.0
EPS1_t2704,0.0
EPS1_t2753,0.0
EPS1_t2754,0.0
EPS1_t2755,0.0
EPS1_t2756,0.0
EPS1_t2757,0.0
EPS1_t2758,0.0
EPS1_t2759,0.0
EPS1_t2760,0.0
EPS1_t2745,0.0
EPS1_t2746,0.0
EPS1_t2747,0.0
EPS1_t2748,0.0
EPS1_t2749,0.0
EPS1_t2750,0.0
EPS1_t2751,0.0
EPS1_t2752,0.0
EPS1_t2737,0.0
EPS1_t2738,0.0
EPS1_t2739,0.0
EPS1_t2740,0.0
EPS1_t2741,0.0
EPS1_t2742,0.0
EPS1_t2743,0.0
EPS1_t2744,0.0
EPS1_t2729,0.0
EPS1_t2730,0.0
EPS1_t2731,0.0
EPS1_t2732,0.0
EPS1_t2733,0.0
EPS1_t2734,0.0
EPS1_t2735,0.0
EPS1_t2736,0.0
EPS1_t2785,0.0
EPS1_t2786,0.0
EPS1_t2787,0.0
EPS1_t2788,0.0
EPS1_t2789,0.0
EPS1_t2790,0.0
EPS1_t2791,0.0
EPS1_t2792,0.0
EPS1_t2777,0.0
EPS1_t2778,0.0
EPS1_t2779,0.0
EPS1_t2780,0.0
EPS1_t2781,0.0
EPS1_t2782,0.0
EPS1_t2783,0.0
EPS1_t2784,0.0
EPS1_t2769,0.0
EPS1_t2770,0.0
EPS1_t2771,0.0
EPS1_t2772,0.0
EPS1_t2773,0.0
EPS1_t2774,0.0
EPS1_t2775,0.0
EPS1_t2776,0.0
EPS1_t2761,0.0
EPS1_t2762,0.0
EPS1_t2763,0.0
EPS1_t2764,0.0
EPS1_t2765,0.0
EPS1_t2766,0.0
EPS1_t2767,0.0
EPS1_t2768,0.0
EPS1_t2817,0.0
EPS1_t2818,0.0
EPS1_t2819,0.0
EPS1_t2820,0.0
EPS1_t2821,0.0
EPS1_t2822,0.0
EPS1_t2823,0.0
EPS1_t2824,0.0
EPS1_t2809,0.0
EPS1_t2810,0.0
EPS1_t2811,0.0
EPS1_t2812,0.0
EPS1_t2813,0.0
EPS1_t2814,0.0
EPS1_t2815,0.0
EPS1_t2816,0.0
EPS1_t2801,0.0
EPS1_t2802,0.0
EPS1_t2803,0.0
EPS1_t2804,0.0
EPS1_t2805,0.0
EPS1_t2806,0.0
EPS1_t2807,0.0
EPS1_t2808,0.0
EPS1_t2793,0.0
EPS1_t2794,0.0
EPS1_t2795,0.0
EPS1_t2796,0.0
EPS1_t2797,0.0
EPS1_t2798,0.0
EPS1_t2799,0.0
EPS1_t2800,0.0
EPS1_t2849,0.0
EPS1_t2850,0.0
EPS1_t2851,0.0
EPS1_t2852,0.0
EPS1_t2853,0.0
EPS1_t2854,0.0
EPS1_t2855,0.0
EPS1_t2856,0.0
EPS1_t2841,0.0
EPS1_t2842,0.0
EPS1_t2843,0.0
EPS1_t2844,0.0
EPS1_t2845,0.0
EPS1_t2846,0.0
EPS1_t2847,0.0
EPS1_t2848,0.0
EPS1_t2833,0.0
EPS1_t2834,0.0
EPS1_t2835,0.0
EPS1_t2836,0.0
EPS1_t2837,0.0
EPS1_t2838,0.0
EPS1_t2839,0.0
EPS1_t2840,0.0
EPS1_t2825,0.0
EPS1_t2826,0.0
EPS1_t2827,0.0
EPS1_t2828,0.0
EPS1_t2829,0.0
EPS1_t2830,0.0
EPS1_t2831,0.0
EPS1_t2832,0.0
EPS1_t2881,0.0
EPS1_t2882,0.0
EPS1_t2883,0.0
EPS1_t2884,0.0
EPS1_t2885,0.0
EPS1_t2886,0.0
EPS1_t2887,0.0
EPS1_t2888,0.0
EPS1_t2873,0.0
EPS1_t2874,0.0
EPS1_t2875,0.0
EPS1_t2876,0.0
EPS1_t2877,0.0
EPS1_t2878,0.0
EPS1_t2879,0.0
EPS1_t2880,0.0
EPS1_t2865,0.0
EPS1_t2866,0.0
EPS1_t2867,0.0
EPS1_t2868,0.0
EPS1_t2869,0.0
EPS1_t2870,0.0
EPS1_t2871,0.0
EPS1_t2872,0.0
EPS1_t2857,0.0
EPS1_t2858,0.0
EPS1_t2859,0.0
EPS1_t2860,0.0
EPS1_t2861,0.0
EPS1_t2862,0.0
EPS1_t2863,0.0
EPS1_t2864,0.0
EPS1_t2913,0.0
EPS1_t2914,0.0
EPS1_t2915,0.0
EPS1_t2916,0.0
EPS1_t2917,0.0
EPS1_t2918,0.0
EPS1_t2919,0.0
EPS1_t2920,0.0
EPS1_t2905,0.0
EPS1_t2906,0.0
EPS1_t2907,0.0
EPS1_t2908,0.0
EPS1_t2909,0.0
EPS1_t2910,0.0
EPS1_t2911,0.0
EPS1_t2912,0.0
EPS1_t2897,0.0
EPS1_t2898,0.0
EPS1_t2899,0.0
EPS1_t2900,0.0
EPS1_t2901,0.0
EPS1_t2902,0.0
EPS1_t2903,0.0
EPS1_t2904,0.0
EPS1_t2889,0.0
EPS1_t2890,0.0
EPS1_t2891,0.0
EPS1_t2892,0.0
EPS1_t2893,0.0
EPS1_t2894,0.0
EPS1_t2895,0.0
EPS1_t2896,0.0
EPS1_t2945,0.0
EPS1_t2946,0.0
EPS1_t2947,0.0
EPS1_t2948,0.0
EPS1_t2949,0.0
EPS1_t2950,0.0
EPS1_t2951,0.0
EPS1_t2952,0.0
EPS1_t2937,0.0
EPS1_t2938,0.0
EPS1_t2939,0.0
EPS1_t2940,0.0
EPS1_t2941,0.0
EPS1_t2942,0.0
EPS1_t2943,0.0
EPS1_t2944,0.0
EPS1_t2929,0.0
EPS1_t2930,0.0
EPS1_t2931,0.0
EPS1_t2932,0.0
EPS1_t2933,0.0
EPS1_t2934,0.0
EPS1_t2935,0.0
EPS1_t2936,0.0
EPS1_t2921,0.0
EPS1_t2922,0.0
EPS1_t2923,0.0
EPS1_t2924,0.0
EPS1_t2925,0.0
EPS1_t2926,0.0
EPS1_t2927,0.0
EPS1_t2928,0.0
EPS1_t2977,0.0
EPS1_t2978,0.0
EPS1_t2979,0.0
EPS1_t2980,0.0
EPS1_t2981,0.0
EPS1_t2982,0.0
EPS1_t2983,0.0
EPS1_t2984,0.0
EPS1_t2969,0.0
EPS1_t2970,0.0
EPS1_t2971,0.0
EPS1_t2972,0.0
EPS1_t2973,0.0
EPS1_t2974,0.0
EPS1_t2975,0.0
EPS1_t2976,0.0
EPS1_t2961,0.0
EPS1_t2962,0.0
EPS1_t2963,0.0
EPS1_t2964,0.0
EPS1_t2965,0.0
EPS1_t2966,0.0
EPS1_t2967,0.0
EPS1_t2968,0.0
EPS1_t2953,0.0
EPS1_t2954,0.0
EPS1_t2955,0.0
EPS1_t2956,0.0
EPS1_t2957,0.0
EPS1_t2958,0.0
EPS1_t2959,0.0
EPS1_t2960,0.0
EPS1_t3009,0.0
EPS1_t3010,0.0
EPS1_t3011,0.0
EPS1_t3012,0.0
EPS1_t3013,0.0
EPS1_t3014,0.0
EPS1_t3015,0.0
EPS1_t3016,0.0
EPS1_t3001,0.0
EPS1_t3002,0.0
EPS1_t3003,0.0
EPS1_t3004,0.0
EPS1_t3005,0.0
EPS1_t3006,0.0
EPS1_t3007,0.0
EPS1_t3008,0.0
EPS1_t2993,0.0
EPS1_t2994,0.0
EPS1_t2995,0.0
EPS1_t2996,0.0
EPS1_t2997,0.0
EPS1_t2998,0.0
EPS1_t2999,0.0
EPS1_t3000,0.0
EPS1_t2985,0.0
EPS1_t2986,0.0
EPS1_t2987,0.0
EPS1_t2988,0.0
EPS1_t2989,0.0
EPS1_t2990,0.0
EPS1_t2991,0.0
EPS1_t2992,0.0
EPS1_t3041,0.0
EPS1_t3042,0.0
EPS1_t3043,0.0
EPS1_t3044,0.0
EPS1_t3045,0.0
EPS1_t3046,0.0
EPS1_t3047,0.0
EPS1_t3048,0.0
EPS1_t3033,0.0
EPS1_t3034,0.0
EPS1_t3035,0.0
EPS1_t3036,0.0
EPS1_t3037,0.0
EPS1_t3038,0.0
EPS1_t3039,0.0
EPS1_t3040,0.0
EPS1_t3025,0.0
EPS1_t3026,0.0
EPS1_t3027,0.0
EPS1_t3028,0.0
EPS1_t3029,0.0
EPS1_t3030,0.0
EPS1_t3031,0.0
EPS1_t3032,0.0
EPS1_t3017,0.0
EPS1_t3018,0.0
EPS1_t3019,0.0
EPS1_t3020,0.0
EPS1_t3021,0.0
EPS1_t3022,0.0
EPS1_t3023,0.0
EPS1_t3024,0.0
EPS1_t3073,0.0
EPS1_t3074,0.0
EPS1_t3075,0.0
EPS1_t3076,0.0
EPS1_t3077,0.0
EPS1_t3078,0.0
EPS1_t3079,0.0
EPS1_t3080,0.0
EPS1_t3065,0.0
EPS1_t3066,0.0
EPS1_t3067,0.0
EPS1_t3068,0.0
EPS1_t3069,0.0
EPS1_t3070,0.0
EPS1_t3071,0.0
EPS1_t3072,0.0
EPS1_t3057,0.0
EPS1_t3058,0.0
EPS1_t3059,0.0
EPS1_t3060,0.0
EPS1_t3061,0.0
EPS1_t3062,0.0
EPS1_t3063,0.0
EPS1_t3064,0.0
EPS1_t3049,0.0
EPS1_t3050,0.0
EPS1_t3051,0.0
EPS1_t3052,0.0
EPS1_t3053,0.0
EPS1_t3054,0.0
EPS1_t3055,0.0
EPS1_t3056,0.0
EPS1_t3105,0.0
EPS1_t3106,0.0
EPS1_t3107,0.0
EPS1_t3108,0.0
EPS1_t3109,0.0
EPS1_t3110,0.0
EPS1_t3111,0.0
EPS1_t3112,0.0
EPS1_t3097,0.0
EPS1_t3098,0.0
EPS1_t3099,0.0
EPS1_t3100,0.0
EPS1_t3101,0.0
EPS1_t3102,0.0
EPS1_t3103,0.0
EPS1_t3104,0.0
EPS1_t3089,0.0
EPS1_t3090,0.0
EPS1_t3091,0.0
EPS1_t3092,0.0
EPS1_t3093,0.0
EPS1_t3094,0.0
EPS1_t3095,0.0
EPS1_t3096,0.0
EPS1_t3081,0.0
EPS1_t3082,0.0
EPS1_t3083,0.0
EPS1_t3084,0.0
EPS1_t3085,0.0
EPS1_t3086,0.0
EPS1_t3087,0.0
EPS1_t3088,0.0
EPS1_t3137,0.0
EPS1_t3138,0.0
EPS1_t3139,0.0
EPS1_t3140,0.0
EPS1_t3141,0.0
EPS1_t3142,0.0
EPS1_t3143,0.0
EPS1_t3144,0.0
EPS1_t3129,0.0
EPS1_t3130,0.0
EPS1_t3131,0.0
EPS1_t3132,0.0
EPS1_t3133,0.0
EPS1_t3134,0.0
EPS1_t3135,0.0
EPS1_t3136,0.0
EPS1_t3121,0.0
EPS1_t3122,0.0
EPS1_t3123,0.0
EPS1_t3124,0.0
EPS1_t3125,0.0
EPS1_t3126,0.0
EPS1_t3127,0.0
EPS1_t3128,0.0
EPS1_t3113,0.0
EPS1_t3114,0.0
EPS1_t3115,0.0
EPS1_t3116,0.0
EPS1_t3117,0.0
EPS1_t3118,0.0
EPS1_t3119,0.0
EPS1_t3120,0.0
EPS1_t3169,0.0
EPS1_t3170,0.0
EPS1_t3171,0.0
EPS1_t3172,0.0
EPS1_t3173,0.0
EPS1_t3174,0.0
EPS1_t3175,0.0
EPS1_t3176,0.0
EPS1_t3161,0.0
EPS1_t3162,0.0
EPS1_t3163,0.0
EPS1_t3164,0.0
EPS1_t3165,0.0
EPS1_t3166,0.0
EPS1_t3167,0.0
EPS1_t3168,0.0
EPS1_t3153,0.0
EPS1_t3154,0.0
EPS1_t3155,0.0
EPS1_t3156,0.0
EPS1_t3157,0.0
EPS1_t3158,0.0
EPS1_t3159,0.0
EPS1_t3160,0.0
EPS1_t3145,0.0
EPS1_t3146,0.0
EPS1_t3147,0.0
EPS1_t3148,0.0
EPS1_t3149,0.0
EPS1_t3150,0.0
EPS1_t3151,0.0
EPS1_t3152,0.0
EPS1_t3201,0.0
EPS1_t3202,0.0
EPS1_t3203,0.0
EPS1_t3204,0.0
EPS1_t3205,0.0
EPS1_t3206,0.0
EPS1_t3207,0.0
EPS1_t3208,0.0
EPS1_t3193,0.0
EPS1_t3194,0.0
EPS1_t3195,0.0
EPS1_t3196,0.0
EPS1_t3197,0.0
EPS1_t3198,0.0
EPS1_t3199,0.0
EPS1_t3200,0.0
EPS1_t3185,0.0
EPS1_t3186,0.0
EPS1_t3187,0.0
EPS1_t3188,0.0
EPS1_t3189,0.0
EPS1_t3190,0.0
EPS1_t3191,0.0
EPS1_t3192,0.0
EPS1_t3177,0.0
EPS1_t3178,0.0
EPS1_t3179,0.0
EPS1_t3180,0.0
EPS1_t3181,0.0
EPS1_t3182,0.0
EPS1_t3183,0.0
EPS1_t3184,0.0
EPS1_t3233,0.0
EPS1_t3234,0.0
EPS1_t3235,0.0
EPS1_t3236,0.0
EPS1_t3237,0.0
EPS1_t3238,0.0
EPS1_t3239,0.0
EPS1_t3240,0.0
EPS1_t3225,0.0
EPS1_t3226,0.0
EPS1_t3227,0.0
EPS1_t3228,0.0
EPS1_t3229,0.0
EPS1_t3230,0.0
EPS1_t3231,0.0
EPS1_t3232,0.0
EPS1_t3217,0.0
EPS1_t3218,0.0
EPS1_t3219,0.0
EPS1_t3220,0.0
EPS1_t3221,0.0
EPS1_t3222,0.0
EPS1_t3223,0.0
EPS1_t3224,0.0
EPS1_t3209,0.0
EPS1_t3210,0.0
EPS1_t3211,0.0
EPS1_t3212,0.0
EPS1_t3213,0.0
EPS1_t3214,0.0
EPS1_t3215,0.0
EPS1_t3216,0.0
EPS1_t3265,0.0
EPS1_t3266,0.0
EPS1_t3267,0.0
EPS1_t3268,0.0
EPS1_t3269,0.0
EPS1_t3270,0.0
EPS1_t3271,0.0
EPS1_t3272,0.0
EPS1_t3257,0.0
EPS1_t3258,0.0
EPS1_t3259,0.0
EPS1_t3260,0.0
EPS1_t3261,0.0
EPS1_t3262,0.0
EPS1_t3263,0.0
EPS1_t3264,0.0
EPS1_t3249,0.0
EPS1_t3250,0.0
EPS1_t3251,0.0
EPS1_t3252,0.0
EPS1_t3253,0.0
EPS1_t3254,0.0
EPS1_t3255,0.0
EPS1_t3256,0.0
EPS1_t3241,0.0
EPS1_t3242,0.0
EPS1_t3243,0.0
EPS1_t3244,0.0
EPS1_t3245,0.0
EPS1_t3246,0.0
EPS1_t3247,0.0
EPS1_t3248,0.0
EPS1_t3297,0.0
EPS1_t3298,0.0
EPS1_t3299,0.0
EPS1_t3300,0.0
EPS1_t3301,0.0
EPS1_t3302,0.0
EPS1_t3303,0.0
EPS1_t3304,0.0
EPS1_t3289,0.0
EPS1_t3290,0.0
EPS1_t3291,0.0
EPS1_t3292,0.0
EPS1_t3293,0.0
EPS1_t3294,0.0
EPS1_t3295,0.0
EPS1_t3296,0.0
EPS1_t3281,0.0
EPS1_t3282,0.0
EPS1_t3283,0.0
EPS1_t3284,0.0
EPS1_t3285,0.0
EPS1_t3286,0.0
EPS1_t3287,0.0
EPS1_t3288,0.0
EPS1_t3273,0.0
EPS1_t3274,0.0
EPS1_t3275,0.0
EPS1_t3276,0.0
EPS1_t3277,0.0
EPS1_t3278,0.0
EPS1_t3279,0.0
EPS1_t3280,0.0
EPS1_t3329,0.0
EPS1_t3330,0.0
EPS1_t3331,0.0
EPS1_t3332,0.0
EPS1_t3333,0.0
EPS1_t3334,0.0
EPS1_t3335,0.0
EPS1_t3336,0.0
EPS1_t3321,0.0
EPS1_t3322,0.0
EPS1_t3323,0.0
EPS1_t3324,0.0
EPS1_t3325,0.0
EPS1_t3326,0.0
EPS1_t3327,0.0
EPS1_t3328,0.0
EPS1_t3313,0.0
EPS1_t3314,0.0
EPS1_t3315,0.0
EPS1_t3316,0.0
EPS1_t3317,0.0
EPS1_t3318,0.0
EPS1_t3319,0.0
EPS1_t3320,0.0
EPS1_t3305,0.0
EPS1_t3306,0.0
EPS1_t3307,0.0
EPS1_t3308,0.0
EPS1_t3309,0.0
EPS1_t3310,0.0
EPS1_t3311,0.0
EPS1_t3312,0.0
EPS1_t3361,0.0
EPS1_t3362,0.0
EPS1_t3363,0.0
EPS1_t3364,0.0
EPS1_t3365,0.0
EPS1_t3366,0.0
EPS1_t3367,0.0
EPS1_t3368,0.0
EPS1_t3353,0.0
EPS1_t3354,0.0
EPS1_t3355,0.0
EPS1_t3356,0.0
EPS1_t3357,0.0
EPS1_t3358,0.0
EPS1_t3359,0.0
EPS1_t3360,0.0
EPS1_t3345,0.0
EPS1_t3346,0.0
EPS1_t3347,0.0
EPS1_t3348,0.0
EPS1_t3349,0.0
EPS1_t3350,0.0
EPS1_t3351,0.0
EPS1_t3352,0.0
EPS1_t3337,0.0
EPS1_t3338,0.0
EPS1_t3339,0.0
EPS1_t3340,0.0
EPS1_t3341,0.0
EPS1_t3342,0.0
EPS1_t3343,0.0
EPS1_t3344,0.0
EPS1_t3393,0.0
EPS1_t3394,0.0
EPS1_t3395,0.0
EPS1_t3396,0.0
EPS1_t3397,0.0
EPS1_t3398,0.0
EPS1_t3399,0.0
EPS1_t3400,0.0
EPS1_t3385,0.0
EPS1_t3386,0.0
EPS1_t3387,0.0
EPS1_t3388,0.0
EPS1_t3389,0.0
EPS1_t3390,0.0
EPS1_t3391,0.0
EPS1_t3392,0.0
EPS1_t3377,0.0
EPS1_t3378,0.0
EPS1_t3379,0.0
EPS1_t3380,0.0
EPS1_t3381,0.0
EPS1_t3382,0.0
EPS1_t3383,0.0
EPS1_t3384,0.0
EPS1_t3369,0.0
EPS1_t3370,0.0
EPS1_t3371,0.0
EPS1_t3372,0.0
EPS1_t3373,0.0
EPS1_t3374,0.0
EPS1_t3375,0.0
EPS1_t3376,0.0
EPS1_t3425,0.0
EPS1_t3426,0.0
EPS1_t3427,0.0
EPS1_t3428,0.0
EPS1_t3429,0.0
EPS1_t3430,0.0
EPS1_t3431,0.0
EPS1_t3432,0.0
EPS1_t3417,0.0
EPS1_t3418,0.0
EPS1_t3419,0.0
EPS1_t3420,0.0
EPS1_t3421,0.0
EPS1_t3422,0.0
EPS1_t3423,0.0
EPS1_t3424,0.0
EPS1_t3409,0.0
EPS1_t3410,0.0
EPS1_t3411,0.0
EPS1_t3412,0.0
EPS1_t3413,0.0
EPS1_t3414,0.0
EPS1_t3415,0.0
EPS1_t3416,0.0
EPS1_t3401,0.0
EPS1_t3402,0.0
EPS1_t3403,0.0
EPS1_t3404,0.0
EPS1_t3405,0.0
EPS1_t3406,0.0
EPS1_t3407,0.0
EPS1_t3408,0.0
EPS1_t3457,0.0
EPS1_t3458,0.0
EPS1_t3459,0.0
EPS1_t3460,0.0
EPS1_t3461,0.0
EPS1_t3462,0.0
EPS1_t3463,0.0
EPS1_t3464,0.0
EPS1_t3449,0.0
EPS1_t3450,0.0
EPS1_t3451,0.0
EPS1_t3452,0.0
EPS1_t3453,0.0
EPS1_t3454,0.0
EPS1_t3455,0.0
EPS1_t3456,0.0
EPS1_t3441,0.0
EPS1_t3442,0.0
EPS1_t3443,0.0
EPS1_t3444,0.0
EPS1_t3445,0.0
EPS1_t3446,0.0
EPS1_t3447,0.0
EPS1_t3448,0.0
EPS1_t3433,0.0
EPS1_t3434,0.0
EPS1_t3435,0.0
EPS1_t3436,0.0
EPS1_t3437,0.0
EPS1_t3438,0.0
EPS1_t3439,0.0
EPS1_t3440,0.0
EPS1_t3489,0.0
EPS1_t3490,0.0
EPS1_t3491,0.0
EPS1_t3492,0.0
EPS1_t3493,0.0
EPS1_t3494,0.0
EPS1_t3495,0.0
EPS1_t3496,0.0
EPS1_t3481,0.0
EPS1_t3482,0.0
EPS1_t3483,0.0
EPS1_t3484,0.0
EPS1_t3485,0.0
EPS1_t3486,0.0
EPS1_t3487,0.0
EPS1_t3488,0.0
EPS1_t3473,0.0
EPS1_t3474,0.0
EPS1_t3475,0.0
EPS1_t3476,0.0
EPS1_t3477,0.0
EPS1_t3478,0.0
EPS1_t3479,0.0
EPS1_t3480,0.0
EPS1_t3465,0.0
EPS1_t3466,0.0
EPS1_t3467,0.0
EPS1_t3468,0.0
EPS1_t3469,0.0
EPS1_t3470,0.0
EPS1_t3471,0.0
EPS1_t3472,0.0
EPS1_t3521,0.0
EPS1_t3522,0.0
EPS1_t3523,0.0
EPS1_t3524,0.0
EPS1_t3525,0.0
EPS1_t3526,0.0
EPS1_t3527,0.0
EPS1_t3528,0.0
EPS1_t3513,0.0
EPS1_t3514,0.0
EPS1_t3515,0.0
EPS1_t3516,0.0
EPS1_t3517,0.0
EPS1_t3518,0.0
EPS1_t3519,0.0
EPS1_t3520,0.0
EPS1_t3505,0.0
EPS1_t3506,0.0
EPS1_t3507,0.0
EPS1_t3508,0.0
EPS1_t3509,0.0
EPS1_t3510,0.0
EPS1_t3511,0.0
EPS1_t3512,0.0
EPS1_t3497,0.0
EPS1_t3498,0.0
EPS1_t3499,0.0
EPS1_t3500,0.0
EPS1_t3501,0.0
EPS1_t3502,0.0
EPS1_t3503,0.0
EPS1_t3504,0.0
EPS1_t3553,0.0
EPS1_t3554,0.0
EPS1_t3555,0.0
EPS1_t3556,0.0
EPS1_t3557,0.0
EPS1_t3558,0.0
EPS1_t3559,0.0
EPS1_t3560,0.0
EPS1_t3545,0.0
EPS1_t3546,0.0
EPS1_t3547,0.0
EPS1_t3548,0.0
EPS1_t3549,0.0
EPS1_t3550,0.0
EPS1_t3551,0.0
EPS1_t3552,0.0
EPS1_t3537,0.0
EPS1_t3538,0.0
EPS1_t3539,0.0
EPS1_t3540,0.0
EPS1_t3541,0.0
EPS1_t3542,0.0
EPS1_t3543,0.0
EPS1_t3544,0.0
EPS1_t3529,0.0
EPS1_t3530,0.0
EPS1_t3531,0.0
EPS1_t3532,0.0
EPS1_t3533,0.0
EPS1_t3534,0.0
EPS1_t3535,0.0
EPS1_t3536,0.0
EPS1_t3585,0.0
EPS1_t3586,0.0
EPS1_t3587,0.0
EPS1_t3588,0.0
EPS1_t3589,0.0
EPS1_t3590,0.0
EPS1_t3591,0.0
EPS1_t3592,0.0
EPS1_t3577,0.0
EPS1_t3578,0.0
EPS1_t3579,0.0
EPS1_t3580,0.0
EPS1_t3581,0.0
EPS1_t3582,0.0
EPS1_t3583,0.0
EPS1_t3584,0.0
EPS1_t3569,0.0
EPS1_t3570,0.0
EPS1_t3571,0.0
EPS1_t3572,0.0
EPS1_t3573,0.0
EPS1_t3574,0.0
EPS1_t3575,0.0
EPS1_t3576,0.0
EPS1_t3561,0.0
EPS1_t3562,0.0
EPS1_t3563,0.0
EPS1_t3564,0.0
EPS1_t3565,0.0
EPS1_t3566,0.0
EPS1_t3567,0.0
EPS1_t3568,0.0
EPS1_t3617,0.0
EPS1_t3618,0.0
EPS1_t3619,0.0
EPS1_t3620,0.0
EPS1_t3621,0.0
EPS1_t3622,0.0
EPS1_t3623,0.0
EPS1_t3624,0.0
EPS1_t3609,0.0
EPS1_t3610,0.0
EPS1_t3611,0.0
EPS1_t3612,0.0
EPS1_t3613,0.0
EPS1_t3614,0.0
EPS1_t3615,0.0
EPS1_t3616,0.0
EPS1_t3601,0.0
EPS1_t3602,0.0
EPS1_t3603,0.0
EPS1_t3604,0.0
EPS1_t3605,0.0
EPS1_t3606,0.0
EPS1_t3607,0.0
EPS1_t3608,0.0
EPS1_t3593,0.0
EPS1_t3594,0.0
EPS1_t3595,0.0
EPS1_t3596,0.0
EPS1_t3597,0.0
EPS1_t3598,0.0
EPS1_t3599,0.0
EPS1_t3600,0.0
EPS1_t3649,0.0
EPS1_t3650,0.0
EPS1_t3651,0.0
EPS1_t3652,0.0
EPS1_t3653,0.0
EPS1_t3654,0.0
EPS1_t3655,0.0
EPS1_t3656,0.0
EPS1_t3641,0.0
EPS1_t3642,0.0
EPS1_t3643,0.0
EPS1_t3644,0.0
EPS1_t3645,0.0
EPS1_t3646,0.0
EPS1_t3647,0.0
EPS1_t3648,0.0
EPS1_t3633,0.0
EPS1_t3634,0.0
EPS1_t3635,0.0
EPS1_t3636,0.0
EPS1_t3637,0.0
EPS1_t3638,0.0
EPS1_t3639,0.0
EPS1_t3640,0.0
EPS1_t3625,0.0
EPS1_t3626,0.0
EPS1_t3627,0.0
EPS1_t3628,0.0
EPS1_t3629,0.0
EPS1_t3630,0.0
EPS1_t3631,0.0
EPS1_t3632,0.0
EPS1_t3681,0.0
EPS1_t3682,0.0
EPS1_t3683,0.0
EPS1_t3684,0.0
EPS1_t3685,0.0
EPS1_t3686,0.0
EPS1_t3687,0.0
EPS1_t3688,0.0
EPS1_t3673,0.0
EPS1_t3674,0.0
EPS1_t3675,0.0
EPS1_t3676,0.0
EPS1_t3677,0.0
EPS1_t3678,0.0
EPS1_t3679,0.0
EPS1_t3680,0.0
EPS1_t3665,0.0
EPS1_t3666,0.0
EPS1_t3667,0.0
EPS1_t3668,0.0
EPS1_t3669,0.0
EPS1_t3670,0.0
EPS1_t3671,0.0
EPS1_t3672,0.0
EPS1_t3657,0.0
EPS1_t3658,0.0
EPS1_t3659,0.0
EPS1_t3660,0.0
EPS1_t3661,0.0
EPS1_t3662,0.0
EPS1_t3663,0.0
EPS1_t3664,0.0
EPS1_t3713,0.0
EPS1_t3714,0.0
EPS1_t3715,0.0
EPS1_t3716,0.0
EPS1_t3717,0.0
EPS1_t3718,0.0
EPS1_t3719,0.0
EPS1_t3720,0.0
EPS1_t3705,0.0
EPS1_t3706,0.0
EPS1_t3707,0.0
EPS1_t3708,0.0
EPS1_t3709,0.0
EPS1_t3710,0.0
EPS1_t3711,0.0
EPS1_t3712,0.0
EPS1_t3697,0.0
EPS1_t3698,0.0
EPS1_t3699,0.0
EPS1_t3700,0.0
EPS1_t3701,0.0
EPS1_t3702,0.0
EPS1_t3703,0.0
EPS1_t3704,0.0
EPS1_t3689,0.0
EPS1_t3690,0.0
EPS1_t3691,0.0
EPS1_t3692,0.0
EPS1_t3693,0.0
EPS1_t3694,0.0
EPS1_t3695,0.0
EPS1_t3696,0.0
EPS1_t3745,0.0
EPS1_t3746,0.0
EPS1_t3747,0.0
EPS1_t3748,0.0
EPS1_t3749,0.0
EPS1_t3750,0.0
EPS1_t3751,0.0
EPS1_t3752,0.0
EPS1_t3737,0.0
EPS1_t3738,0.0
EPS1_t3739,0.0
EPS1_t3740,0.0
EPS1_t3741,0.0
EPS1_t3742,0.0
EPS1_t3743,0.0
EPS1_t3744,0.0
EPS1_t3729,0.0
EPS1_t3730,0.0
EPS1_t3731,0.0
EPS1_t3732,0.0
EPS1_t3733,0.0
EPS1_t3734,0.0
EPS1_t3735,0.0
EPS1_t3736,0.0
EPS1_t3721,0.0
EPS1_t3722,0.0
EPS1_t3723,0.0
EPS1_t3724,0.0
EPS1_t3725,0.0
EPS1_t3726,0.0
EPS1_t3727,0.0
EPS1_t3728,0.0
EPS1_t3777,0.0
EPS1_t3778,0.0
EPS1_t3779,0.0
EPS1_t3780,0.0
EPS1_t3781,0.0
EPS1_t3782,0.0
EPS1_t3783,0.0
EPS1_t3784,0.0
EPS1_t3769,0.0
EPS1_t3770,0.0
EPS1_t3771,0.0
EPS1_t3772,0.0
EPS1_t3773,0.0
EPS1_t3774,0.0
EPS1_t3775,0.0
EPS1_t3776,0.0
EPS1_t3761,0.0
EPS1_t3762,0.0
EPS1_t3763,0.0
EPS1_t3764,0.0
EPS1_t3765,0.0
EPS1_t3766,0.0
EPS1_t3767,0.0
EPS1_t3768,0.0
EPS1_t3753,0.0
EPS1_t3754,0.0
EPS1_t3755,0.0
EPS1_t3756,0.0
EPS1_t3757,0.0
EPS1_t3758,0.0
EPS1_t3759,0.0
EPS1_t3760,0.0
EPS1_t3809,0.0
EPS1_t3810,0.0
EPS1_t3811,0.0
EPS1_t3812,0.0
EPS1_t3813,0.0
EPS1_t3814,0.0
EPS1_t3815,0.0
EPS1_t3816,0.0
EPS1_t3801,0.0
EPS1_t3802,0.0
EPS1_t3803,0.0
EPS1_t3804,0.0
EPS1_t3805,0.0
EPS1_t3806,0.0
EPS1_t3807,0.0
EPS1_t3808,0.0
EPS1_t3793,0.0
EPS1_t3794,0.0
EPS1_t3795,0.0
EPS1_t3796,0.0
EPS1_t3797,0.0
EPS1_t3798,0.0
EPS1_t3799,0.0
EPS1_t3800,0.0
EPS1_t3785,0.0
EPS1_t3786,0.0
EPS1_t3787,0.0
EPS1_t3788,0.0
EPS1_t3789,0.0
EPS1_t3790,0.0
EPS1_t3791,0.0
EPS1_t3792,0.0
EPS1_t3841,0.0
EPS1_t3842,0.0
EPS1_t3843,0.0
EPS1_t3844,0.0
EPS1_t3845,0.0
EPS1_t3846,0.0
EPS1_t3847,0.0
EPS1_t3848,0.0
EPS1_t3833,0.0
EPS1_t3834,0.0
EPS1_t3835,0.0
EPS1_t3836,0.0
EPS1_t3837,0.0
EPS1_t3838,0.0
EPS1_t3839,0.0
EPS1_t3840,0.0
EPS1_t3825,0.0
EPS1_t3826,0.0
EPS1_t3827,0.0
EPS1_t3828,0.0
EPS1_t3829,0.0
EPS1_t3830,0.0
EPS1_t3831,0.0
EPS1_t3832,0.0
EPS1_t3817,0.0
EPS1_t3818,0.0
EPS1_t3819,0.0
EPS1_t3820,0.0
EPS1_t3821,0.0
EPS1_t3822,0.0
EPS1_t3823,0.0
EPS1_t3824,0.0
EPS1_t3873,0.0
EPS1_t3874,0.0
EPS1_t3875,0.0
EPS1_t3876,0.0
EPS1_t3877,0.0
EPS1_t3878,0.0
EPS1_t3879,0.0
EPS1_t3880,0.0
EPS1_t3865,0.0
EPS1_t3866,0.0
EPS1_t3867,0.0
EPS1_t3868,0.0
EPS1_t3869,0.0
EPS1_t3870,0.0
EPS1_t3871,0.0
EPS1_t3872,0.0
EPS1_t3857,0.0
EPS1_t3858,0.0
EPS1_t3859,0.0
EPS1_t3860,0.0
EPS1_t3861,0.0
EPS1_t3862,0.0
EPS1_t3863,0.0
EPS1_t3864,0.0
EPS1_t3849,0.0
EPS1_t3850,0.0
EPS1_t3851,0.0
EPS1_t3852,0.0
EPS1_t3853,0.0
EPS1_t3854,0.0
EPS1_t3855,0.0
EPS1_t3856,0.0
EPS1_t3905,0.0
EPS1_t3906,0.0
EPS1_t3907,0.0
EPS1_t3908,0.0
EPS1_t3909,0.0
EPS1_t3910,0.0
EPS1_t3911,0.0
EPS1_t3912,0.0
EPS1_t3897,0.0
EPS1_t3898,0.0
EPS1_t3899,0.0
EPS1_t3900,0.0
EPS1_t3901,0.0
EPS1_t3902,0.0
EPS1_t3903,0.0
EPS1_t3904,0.0
EPS1_t3889,0.0
EPS1_t3890,0.0
EPS1_t3891,0.0
EPS1_t3892,0.0
EPS1_t3893,0.0
EPS1_t3894,0.0
EPS1_t3895,0.0
EPS1_t3896,0.0
EPS1_t3881,0.0
EPS1_t3882,0.0
EPS1_t3883,0.0
EPS1_t3884,0.0
EPS1_t3885,0.0
EPS1_t3886,0.0
EPS1_t3887,0.0
EPS1_t3888,0.0
EPS1_t3937,0.0
EPS1_t3938,0.0
EPS1_t3939,0.0
EPS1_t3940,0.0
EPS1_t3941,0.0
EPS1_t3942,0.0
EPS1_t3943,0.0
EPS1_t3944,0.0
EPS1_t3929,0.0
EPS1_t3930,0.0
EPS1_t3931,0.0
EPS1_t3932,0.0
EPS1_t3933,0.0
EPS1_t3934,0.0
EPS1_t3935,0.0
EPS1_t3936,0.0
EPS1_t3921,0.0
EPS1_t3922,0.0
EPS1_t3923,0.0
EPS1_t3924,0.0
EPS1_t3925,0.0
EPS1_t3926,0.0
EPS1_t3927,0.0
EPS1_t3928,0.0
EPS1_t3913,0.0
EPS1_t3914,0.0
EPS1_t3915,0.0
EPS1_t3916,0.0
EPS1_t3917,0.0
EPS1_t3918,0.0
EPS1_t3919,0.0
EPS1_t3920,0.0
EPS1_t3969,0.0
EPS1_t3970,0.0
EPS1_t3971,0.0
EPS1_t3972,0.0
EPS1_t3973,0.0
EPS1_t3974,0.0
EPS1_t3975,0.0
EPS1_t3976,0.0
EPS1_t3961,0.0
EPS1_t3962,0.0
EPS1_t3963,0.0
EPS1_t3964,0.0
EPS1_t3965,0.0
EPS1_t3966,0.0
EPS1_t3967,0.0
EPS1_t3968,0.0
EPS1_t3953,0.0
EPS1_t3954,0.0
EPS1_t3955,0.0
EPS1_t3956,0.0
EPS1_t3957,0.0
EPS1_t3958,0.0
EPS1_t3959,0.0
EPS1_t3960,0.0
EPS1_t3945,0.0
EPS1_t3946,0.0
EPS1_t3947,0.0
EPS1_t3948,0.0
EPS1_t3949,0.0
EPS1_t3950,0.0
EPS1_t3951,0.0
EPS1_t3952,0.0
EPS1_t4001,0.0
EPS1_t4002,0.0
EPS1_t4003,0.0
EPS1_t4004,0.0
EPS1_t4005,0.0
EPS1_t4006,0.0
EPS1_t4007,0.0
EPS1_t4008,0.0
EPS1_t3993,0.0
EPS1_t3994,0.0
EPS1_t3995,0.0
EPS1_t3996,0.0
EPS1_t3997,0.0
EPS1_t3998,0.0
EPS1_t3999,0.0
EPS1_t4000,0.0
EPS1_t3985,0.0
EPS1_t3986,0.0
EPS1_t3987,0.0
EPS1_t3988,0.0
EPS1_t3989,0.0
EPS1_t3990,0.0
EPS1_t3991,0.0
EPS1_t3992,0.0
EPS1_t3977,0.0
EPS1_t3978,0.0
EPS1_t3979,0.0
EPS1_t3980,0.0
EPS1_t3981,0.0
EPS1_t3982,0.0
EPS1_t3983,0.0
EPS1_t3984,0.0
EPS1_t4033,0.0
EPS1_t4034,0.0
EPS1_t4035,0.0
EPS1_t4036,0.0
EPS1_t4037,0.0
EPS1_t4038,0.0
EPS1_t4039,0.0
EPS1_t4040,0.0
EPS1_t4025,0.0
EPS1_t4026,0.0
EPS1_t4027,0.0
EPS1_t4028,0.0
EPS1_t4029,0.0
EPS1_t4030,0.0
EPS1_t4031,0.0
EPS1_t4032,0.0
EPS1_t4017,0.0
EPS1_t4018,0.0
EPS1_t4019,0.0
EPS1_t4020,0.0
EPS1_t4021,0.0
EPS1_t4022,0.0
EPS1_t4023,0.0
EPS1_t4024,0.0
EPS1_t4009,0.0
EPS1_t4010,0.0
EPS1_t4011,0.0
EPS1_t4012,0.0
EPS1_t4013,0.0
EPS1_t4014,0.0
EPS1_t4015,0.0
EPS1_t4016,0.0
EPS1_t4065,0.0
EPS1_t4066,0.0
EPS1_t4067,0.0
EPS1_t4068,0.0
EPS1_t4069,0.0
EPS1_t4070,0.0
EPS1_t4071,0.0
EPS1_t4072,0.0
EPS1_t4057,0.0
EPS1_t4058,0.0
EPS1_t4059,0.0
EPS1_t4060,0.0
EPS1_t4061,0.0
EPS1_t4062,0.0
EPS1_t4063,0.0
EPS1_t4064,0.0
EPS1_t4049,0.0
EPS1_t4050,0.0
EPS1_t4051,0.0
EPS1_t4052,0.0
EPS1_t4053,0.0
EPS1_t4054,0.0
EPS1_t4055,0.0
EPS1_t4056,0.0
EPS1_t4041,0.0
EPS1_t4042,0.0
EPS1_t4043,0.0
EPS1_t4044,0.0
EPS1_t4045,0.0
EPS1_t4046,0.0
EPS1_t4047,0.0
EPS1_t4048,0.0
EPS1_t4097,0.0
EPS1_t4098,0.0
EPS1_t4099,0.0
EPS1_t4100,0.0
EPS1_t4101,0.0
EPS1_t4102,0.0
EPS1_t4103,0.0
EPS1_t4104,0.0
EPS1_t4089,0.0
EPS1_t4090,0.0
EPS1_t4091,0.0
EPS1_t4092,0.0
EPS1_t4093,0.0
EPS1_t4094,0.0
EPS1_t4095,0.0
EPS1_t4096,0.0
EPS1_t4081,0.0
EPS1_t4082,0.0
EPS1_t4083,0.0
EPS1_t4084,0.0
EPS1_t4085,0.0
EPS1_t4086,0.0
EPS1_t4087,0.0
EPS1_t4088,0.0
EPS1_t4073,0.0
EPS1_t4074,0.0
EPS1_t4075,0.0
EPS1_t4076,0.0
EPS1_t4077,0.0
EPS1_t4078,0.0
EPS1_t4079,0.0
EPS1_t4080,0.0
EPS1_t4129,0.0
EPS1_t4130,0.0
EPS1_t4131,0.0
EPS1_t4132,0.0
EPS1_t4133,0.0
EPS1_t4134,0.0
EPS1_t4135,0.0
EPS1_t4136,0.0
EPS1_t4121,0.0
EPS1_t4122,0.0
EPS1_t4123,0.0
EPS1_t4124,0.0
EPS1_t4125,0.0
EPS1_t4126,0.0
EPS1_t4127,0.0
EPS1_t4128,0.0
EPS1_t4113,0.0
EPS1_t4114,0.0
EPS1_t4115,0.0
EPS1_t4116,0.0
EPS1_t4117,0.0
EPS1_t4118,0.0
EPS1_t4119,0.0
EPS1_t4120,0.0
EPS1_t4105,0.0
EPS1_t4106,0.0
EPS1_t4107,0.0
EPS1_t4108,0.0
EPS1_t4109,0.0
EPS1_t4110,0.0
EPS1_t4111,0.0
EPS1_t4112,0.0
EPS1_t4161,0.0
EPS1_t4162,0.0
EPS1_t4163,0.0
EPS1_t4164,0.0
EPS1_t4165,0.0
EPS1_t4166,0.0
EPS1_t4167,0.0
EPS1_t4168,0.0
EPS1_t4153,0.0
EPS1_t4154,0.0
EPS1_t4155,0.0
EPS1_t4156,0.0
EPS1_t4157,0.0
EPS1_t4158,0.0
EPS1_t4159,0.0
EPS1_t4160,0.0
EPS1_t4145,0.0
EPS1_t4146,0.0
EPS1_t4147,0.0
EPS1_t4148,0.0
EPS1_t4149,0.0
EPS1_t4150,0.0
EPS1_t4151,0.0
EPS1_t4152,0.0
EPS1_t4137,0.0
EPS1_t4138,0.0
EPS1_t4139,0.0
EPS1_t4140,0.0
EPS1_t4141,0.0
EPS1_t4142,0.0
EPS1_t4143,0.0
EPS1_t4144,0.0
EPS1_t4193,0.0
EPS1_t4194,0.0
EPS1_t4195,0.0
EPS1_t4196,0.0
EPS1_t4197,0.0
EPS1_t4198,0.0
EPS1_t4199,0.0
EPS1_t4200,0.0
EPS1_t4185,0.0
EPS1_t4186,0.0
EPS1_t4187,0.0
EPS1_t4188,0.0
EPS1_t4189,0.0
EPS1_t4190,0.0
EPS1_t4191,0.0
EPS1_t4192,0.0
EPS1_t4177,0.0
EPS1_t4178,0.0
EPS1_t4179,0.0
EPS1_t4180,0.0
EPS1_t4181,0.0
EPS1_t4182,0.0
EPS1_t4183,0.0
EPS1_t4184,0.0
EPS1_t4169,0.0
EPS1_t4170,0.0
EPS1_t4171,0.0
EPS1_t4172,0.0
EPS1_t4173,0.0
EPS1_t4174,0.0
EPS1_t4175,0.0
EPS1_t4176,0.0
EPS1_t4225,0.0
EPS1_t4226,0.0
EPS1_t4227,0.0
EPS1_t4228,0.0
EPS1_t4229,0.0
EPS1_t4230,0.0
EPS1_t4231,0.0
EPS1_t4232,0.0
EPS1_t4217,0.0
EPS1_t4218,0.0
EPS1_t4219,0.0
EPS1_t4220,0.0
EPS1_t4221,0.0
EPS1_t4222,0.0
EPS1_t4223,0.0
EPS1_t4224,0.0
EPS1_t4209,0.0
EPS1_t4210,0.0
EPS1_t4211,0.0
EPS1_t4212,0.0
EPS1_t4213,0.0
EPS1_t4214,0.0
EPS1_t4215,0.0
EPS1_t4216,0.0
EPS1_t4201,0.0
EPS1_t4202,0.0
EPS1_t4203,0.0
EPS1_t4204,0.0
EPS1_t4205,0.0
EPS1_t4206,0.0
EPS1_t4207,0.0
EPS1_t4208,0.0
EPS1_t4257,0.0
EPS1_t4258,0.0
EPS1_t4259,0.0
EPS1_t4260,0.0
EPS1_t4261,0.0
EPS1_t4262,0.0
EPS1_t4263,0.0
EPS1_t4264,0.0
EPS1_t4249,0.0
EPS1_t4250,0.0
EPS1_t4251,0.0
EPS1_t4252,0.0
EPS1_t4253,0.0
EPS1_t4254,0.0
EPS1_t4255,0.0
EPS1_t4256,0.0
EPS1_t4241,0.0
EPS1_t4242,0.0
EPS1_t4243,0.0
EPS1_t4244,0.0
EPS1_t4245,0.0
EPS1_t4246,0.0
EPS1_t4247,0.0
EPS1_t4248,0.0
EPS1_t4233,0.0
EPS1_t4234,0.0
EPS1_t4235,0.0
EPS1_t4236,0.0
EPS1_t4237,0.0
EPS1_t4238,0.0
EPS1_t4239,0.0
EPS1_t4240,0.0
EPS1_t4289,0.0
EPS1_t4290,0.0
EPS1_t4291,0.0
EPS1_t4292,0.0
EPS1_t4293,0.0
EPS1_t4294,0.0
EPS1_t4295,0.0
EPS1_t4296,0.0
EPS1_t4281,0.0
EPS1_t4282,0.0
EPS1_t4283,0.0
EPS1_t4284,0.0
EPS1_t4285,0.0
EPS1_t4286,0.0
EPS1_t4287,0.0
EPS1_t4288,0.0
EPS1_t4273,0.0
EPS1_t4274,0.0
EPS1_t4275,0.0
EPS1_t4276,0.0
EPS1_t4277,0.0
EPS1_t4278,0.0
EPS1_t4279,0.0
EPS1_t4280,0.0
EPS1_t4265,0.0
EPS1_t4266,0.0
EPS1_t4267,0.0
EPS1_t4268,0.0
EPS1_t4269,0.0
EPS1_t4270,0.0
EPS1_t4271,0.0
EPS1_t4272,0.0
EPS1_t4321,0.0
EPS1_t4322,0.0
EPS1_t4323,0.0
EPS1_t4324,0.0
EPS1_t4325,0.0
EPS1_t4326,0.0
EPS1_t4327,0.0
EPS1_t4328,0.0
EPS1_t4313,0.0
EPS1_t4314,0.0
EPS1_t4315,0.0
EPS1_t4316,0.0
EPS1_t4317,0.0
EPS1_t4318,0.0
EPS1_t4319,0.0
EPS1_t4320,0.0
EPS1_t4305,0.0
EPS1_t4306,0.0
EPS1_t4307,0.0
EPS1_t4308,0.0
EPS1_t4309,0.0
EPS1_t4310,0.0
EPS1_t4311,0.0
EPS1_t4312,0.0
EPS1_t4297,0.0
EPS1_t4298,0.0
EPS1_t4299,0.0
EPS1_t4300,0.0
EPS1_t4301,0.0
EPS1_t4302,0.0
EPS1_t4303,0.0
EPS1_t4304,0.0
EPS1_t4353,0.0
EPS1_t4354,0.0
EPS1_t4355,0.0
EPS1_t4356,0.0
EPS1_t4357,0.0
EPS1_t4358,0.0
EPS1_t4359,0.0
EPS1_t4360,0.0
EPS1_t4345,0.0
EPS1_t4346,0.0
EPS1_t4347,0.0
EPS1_t4348,0.0
EPS1_t4349,0.0
EPS1_t4350,0.0
EPS1_t4351,0.0
EPS1_t4352,0.0
EPS1_t4337,0.0
EPS1_t4338,0.0
EPS1_t4339,0.0
EPS1_t4340,0.0
EPS1_t4341,0.0
EPS1_t4342,0.0
EPS1_t4343,0.0
EPS1_t4344,0.0
EPS1_t4329,0.0
EPS1_t4330,0.0
EPS1_t4331,0.0
EPS1_t4332,0.0
EPS1_t4333,0.0
EPS1_t4334,0.0
EPS1_t4335,0.0
EPS1_t4336,0.0
EPS1_t4385,0.0
EPS1_t4386,0.0
EPS1_t4387,0.0
EPS1_t4388,0.0
EPS1_t4389,0.0
EPS1_t4390,0.0
EPS1_t4391,0.0
EPS1_t4392,0.0
EPS1_t4377,0.0
EPS1_t4378,0.0
EPS1_t4379,0.0
EPS1_t4380,0.0
EPS1_t4381,0.0
EPS1_t4382,0.0
EPS1_t4383,0.0
EPS1_t4384,0.0
EPS1_t4369,0.0
EPS1_t4370,0.0
EPS1_t4371,0.0
EPS1_t4372,0.0
EPS1_t4373,0.0
EPS1_t4374,0.0
EPS1_t4375,0.0
EPS1_t4376,0.0
EPS1_t4361,0.0
EPS1_t4362,0.0
EPS1_t4363,0.0
EPS1_t4364,0.0
EPS1_t4365,0.0
EPS1_t4366,0.0
EPS1_t4367,0.0
EPS1_t4368,0.0
EPS1_t4417,0.0
EPS1_t4418,0.0
EPS1_t4419,0.0
EPS1_t4420,0.0
EPS1_t4421,0.0
EPS1_t4422,0.0
EPS1_t4423,0.0
EPS1_t4424,0.0
EPS1_t4409,0.0
EPS1_t4410,0.0
EPS1_t4411,0.0
EPS1_t4412,0.0
EPS1_t4413,0.0
EPS1_t4414,0.0
EPS1_t4415,0.0
EPS1_t4416,0.0
EPS1_t4401,0.0
EPS1_t4402,0.0
EPS1_t4403,0.0
EPS1_t4404,0.0
EPS1_t4405,0.0
EPS1_t4406,0.0
EPS1_t4407,0.0
EPS1_t4408,0.0
EPS1_t4393,0.0
EPS1_t4394,0.0
EPS1_t4395,0.0
EPS1_t4396,0.0
EPS1_t4397,0.0
EPS1_t4398,0.0
EPS1_t4399,0.0
EPS1_t4400,0.0
EPS1_t4449,0.0
EPS1_t4450,0.0
EPS1_t4451,0.0
EPS1_t4452,0.0
EPS1_t4453,0.0
EPS1_t4454,0.0
EPS1_t4455,0.0
EPS1_t4456,0.0
EPS1_t4441,0.0
EPS1_t4442,0.0
EPS1_t4443,0.0
EPS1_t4444,0.0
EPS1_t4445,0.0
EPS1_t4446,0.0
EPS1_t4447,0.0
EPS1_t4448,0.0
EPS1_t4433,0.0
EPS1_t4434,0.0
EPS1_t4435,0.0
EPS1_t4436,0.0
EPS1_t4437,0.0
EPS1_t4438,0.0
EPS1_t4439,0.0
EPS1_t4440,0.0
EPS1_t4425,0.0
EPS1_t4426,0.0
EPS1_t4427,0.0
EPS1_t4428,0.0
EPS1_t4429,0.0
EPS1_t4430,0.0
EPS1_t4431,0.0
EPS1_t4432,0.0
EPS1_t4481,0.0
EPS1_t4482,0.0
EPS1_t4483,0.0
EPS1_t4484,0.0
EPS1_t4485,0.0
EPS1_t4486,0.0
EPS1_t4487,0.0
EPS1_t4488,0.0
EPS1_t4473,0.0
EPS1_t4474,0.0
EPS1_t4475,0.0
EPS1_t4476,0.0
EPS1_t4477,0.0
EPS1_t4478,0.0
EPS1_t4479,0.0
EPS1_t4480,0.0
EPS1_t4465,0.0
EPS1_t4466,0.0
EPS1_t4467,0.0
EPS1_t4468,0.0
EPS1_t4469,0.0
EPS1_t4470,0.0
EPS1_t4471,0.0
EPS1_t4472,0.0
EPS1_t4457,0.0
EPS1_t4458,0.0
EPS1_t4459,0.0
EPS1_t4460,0.0
EPS1_t4461,0.0
EPS1_t4462,0.0
EPS1_t4463,0.0
EPS1_t4464,0.0
EPS1_t4513,0.0
EPS1_t4514,0.0
EPS1_t4515,0.0
EPS1_t4516,0.0
EPS1_t4517,0.0
EPS1_t4518,0.0
EPS1_t4519,0.0
EPS1_t4520,0.0
EPS1_t4505,0.0
EPS1_t4506,0.0
EPS1_t4507,0.0
EPS1_t4508,0.0
EPS1_t4509,0.0
EPS1_t4510,0.0
EPS1_t4511,0.0
EPS1_t4512,0.0
EPS1_t4497,0.0
EPS1_t4498,0.0
EPS1_t4499,0.0
EPS1_t4500,0.0
EPS1_t4501,0.0
EPS1_t4502,0.0
EPS1_t4503,0.0
EPS1_t4504,0.0
EPS1_t4489,0.0
EPS1_t4490,0.0
EPS1_t4491,0.0
EPS1_t4492,0.0
EPS1_t4493,0.0
EPS1_t4494,0.0
EPS1_t4495,0.0
EPS1_t4496,0.0
EPS1_t4545,0.0
EPS1_t4546,0.0
EPS1_t4547,0.0
EPS1_t4548,0.0
EPS1_t4549,0.0
EPS1_t4550,0.0
EPS1_t4551,0.0
EPS1_t4552,0.0
EPS1_t4537,0.0
EPS1_t4538,0.0
EPS1_t4539,0.0
EPS1_t4540,0.0
EPS1_t4541,0.0
EPS1_t4542,0.0
EPS1_t4543,0.0
EPS1_t4544,0.0
EPS1_t4529,0.0
EPS1_t4530,0.0
EPS1_t4531,0.0
EPS1_t4532,0.0
EPS1_t4533,0.0
EPS1_t4534,0.0
EPS1_t4535,0.0
EPS1_t4536,0.0
EPS1_t4521,0.0
EPS1_t4522,0.0
EPS1_t4523,0.0
EPS1_t4524,0.0
EPS1_t4525,0.0
EPS1_t4526,0.0
EPS1_t4527,0.0
EPS1_t4528,0.0
EPS1_t4577,0.0
EPS1_t4578,0.0
EPS1_t4579,0.0
EPS1_t4580,0.0
EPS1_t4581,0.0
EPS1_t4582,0.0
EPS1_t4583,0.0
EPS1_t4584,0.0
EPS1_t4569,0.0
EPS1_t4570,0.0
EPS1_t4571,0.0
EPS1_t4572,0.0
EPS1_t4573,0.0
EPS1_t4574,0.0
EPS1_t4575,0.0
EPS1_t4576,0.0
EPS1_t4561,0.0
EPS1_t4562,0.0
EPS1_t4563,0.0
EPS1_t4564,0.0
EPS1_t4565,0.0
EPS1_t4566,0.0
EPS1_t4567,0.0
EPS1_t4568,0.0
EPS1_t4553,0.0
EPS1_t4554,0.0
EPS1_t4555,0.0
EPS1_t4556,0.0
EPS1_t4557,0.0
EPS1_t4558,0.0
EPS1_t4559,0.0
EPS1_t4560,0.0
EPS1_t4609,0.0
EPS1_t4610,0.0
EPS1_t4611,0.0
EPS1_t4612,0.0
EPS1_t4613,0.0
EPS1_t4614,0.0
EPS1_t4615,0.0
EPS1_t4616,0.0
EPS1_t4601,0.0
EPS1_t4602,0.0
EPS1_t4603,0.0
EPS1_t4604,0.0
EPS1_t4605,0.0
EPS1_t4606,0.0
EPS1_t4607,0.0
EPS1_t4608,0.0
EPS1_t4593,0.0
EPS1_t4594,0.0
EPS1_t4595,0.0
EPS1_t4596,0.0
EPS1_t4597,0.0
EPS1_t4598,0.0
EPS1_t4599,0.0
EPS1_t4600,0.0
EPS1_t4585,0.0
EPS1_t4586,0.0
EPS1_t4587,0.0
EPS1_t4588,0.0
EPS1_t4589,0.0
EPS1_t4590,0.0
EPS1_t4591,0.0
EPS1_t4592,0.0
EPS1_t4641,0.0
EPS1_t4642,0.0
EPS1_t4643,0.0
EPS1_t4644,0.0
EPS1_t4645,0.0
EPS1_t4646,0.0
EPS1_t4647,0.0
EPS1_t4648,0.0
EPS1_t4633,0.0
EPS1_t4634,0.0
EPS1_t4635,0.0
EPS1_t4636,0.0
EPS1_t4637,0.0
EPS1_t4638,0.0
EPS1_t4639,0.0
EPS1_t4640,0.0
EPS1_t4625,0.0
EPS1_t4626,0.0
EPS1_t4627,0.0
EPS1_t4628,0.0
EPS1_t4629,0.0
EPS1_t4630,0.0
EPS1_t4631,0.0
EPS1_t4632,0.0
EPS1_t4617,0.0
EPS1_t4618,0.0
EPS1_t4619,0.0
EPS1_t4620,0.0
EPS1_t4621,0.0
EPS1_t4622,0.0
EPS1_t4623,0.0
EPS1_t4624,0.0
EPS1_t4673,0.0
EPS1_t4674,0.0
EPS1_t4675,0.0
EPS1_t4676,0.0
EPS1_t4677,0.0
EPS1_t4678,0.0
EPS1_t4679,0.0
EPS1_t4680,0.0
EPS1_t4665,0.0
EPS1_t4666,0.0
EPS1_t4667,0.0
EPS1_t4668,0.0
EPS1_t4669,0.0
EPS1_t4670,0.0
EPS1_t4671,0.0
EPS1_t4672,0.0
EPS1_t4657,0.0
EPS1_t4658,0.0
EPS1_t4659,0.0
EPS1_t4660,0.0
EPS1_t4661,0.0
EPS1_t4662,0.0
EPS1_t4663,0.0
EPS1_t4664,0.0
EPS1_t4649,0.0
EPS1_t4650,0.0
EPS1_t4651,0.0
EPS1_t4652,0.0
EPS1_t4653,0.0
EPS1_t4654,0.0
EPS1_t4655,0.0
EPS1_t4656,0.0
EPS1_t4705,0.0
EPS1_t4706,0.0
EPS1_t4707,0.0
EPS1_t4708,0.0
EPS1_t4709,0.0
EPS1_t4710,0.0
EPS1_t4711,0.0
EPS1_t4712,0.0
EPS1_t4697,0.0
EPS1_t4698,0.0
EPS1_t4699,0.0
EPS1_t4700,0.0
EPS1_t4701,0.0
EPS1_t4702,0.0
EPS1_t4703,0.0
EPS1_t4704,0.0
EPS1_t4689,0.0
EPS1_t4690,0.0
EPS1_t4691,0.0
EPS1_t4692,0.0
EPS1_t4693,0.0
EPS1_t4694,0.0
EPS1_t4695,0.0
EPS1_t4696,0.0
EPS1_t4681,0.0
EPS1_t4682,0.0
EPS1_t4683,0.0
EPS1_t4684,0.0
EPS1_t4685,0.0
EPS1_t4686,0.0
EPS1_t4687,0.0
EPS1_t4688,0.0
EPS1_t4737,0.0
EPS1_t4738,0.0
EPS1_t4739,0.0
EPS1_t4740,0.0
EPS1_t4741,0.0
EPS1_t4742,0.0
EPS1_t4743,0.0
EPS1_t4744,0.0
EPS1_t4729,0.0
EPS1_t4730,0.0
EPS1_t4731,0.0
EPS1_t4732,0.0
EPS1_t4733,0.0
EPS1_t4734,0.0
EPS1_t4735,0.0
EPS1_t4736,0.0
EPS1_t4721,0.0
EPS1_t4722,0.0
EPS1_t4723,0.0
EPS1_t4724,0.0
EPS1_t4725,0.0
EPS1_t4726,0.0
EPS1_t4727,0.0
EPS1_t4728,0.0
EPS1_t4713,0.0
EPS1_t4714,0.0
EPS1_t4715,0.0
EPS1_t4716,0.0
EPS1_t4717,0.0
EPS1_t4718,0.0
EPS1_t4719,0.0
EPS1_t4720,0.0
EPS1_t4769,0.0
EPS1_t4770,0.0
EPS1_t4771,0.0
EPS1_t4772,0.0
EPS1_t4773,0.0
EPS1_t4774,0.0
EPS1_t4775,0.0
EPS1_t4776,0.0
EPS1_t4761,0.0
EPS1_t4762,0.0
EPS1_t4763,0.0
EPS1_t4764,0.0
EPS1_t4765,0.0
EPS1_t4766,0.0
EPS1_t4767,0.0
EPS1_t4768,0.0
EPS1_t4753,0.0
EPS1_t4754,0.0
EPS1_t4755,0.0
EPS1_t4756,0.0
EPS1_t4757,0.0
EPS1_t4758,0.0
EPS1_t4759,0.0
EPS1_t4760,0.0
EPS1_t4745,0.0
EPS1_t4746,0.0
EPS1_t4747,0.0
EPS1_t4748,0.0
EPS1_t4749,0.0
EPS1_t4750,0.0
EPS1_t4751,0.0
EPS1_t4752,0.0
EPS1_t4801,0.0
EPS1_t4802,0.0
EPS1_t4803,0.0
EPS1_t4804,0.0
EPS1_t4805,0.0
EPS1_t4806,0.0
EPS1_t4807,0.0
EPS1_t4808,0.0
EPS1_t4793,0.0
EPS1_t4794,0.0
EPS1_t4795,0.0
EPS1_t4796,0.0
EPS1_t4797,0.0
EPS1_t4798,0.0
EPS1_t4799,0.0
EPS1_t4800,0.0
EPS1_t4785,0.0
EPS1_t4786,0.0
EPS1_t4787,0.0
EPS1_t4788,0.0
EPS1_t4789,0.0
EPS1_t4790,0.0
EPS1_t4791,0.0
EPS1_t4792,0.0
EPS1_t4777,0.0
EPS1_t4778,0.0
EPS1_t4779,0.0
EPS1_t4780,0.0
EPS1_t4781,0.0
EPS1_t4782,0.0
EPS1_t4783,0.0
EPS1_t4784,0.0
EPS1_t4833,0.0
EPS1_t4834,0.0
EPS1_t4835,0.0
EPS1_t4836,0.0
EPS1_t4837,0.0
EPS1_t4838,0.0
EPS1_t4839,0.0
EPS1_t4840,0.0
EPS1_t4825,0.0
EPS1_t4826,0.0
EPS1_t4827,0.0
EPS1_t4828,0.0
EPS1_t4829,0.0
EPS1_t4830,0.0
EPS1_t4831,0.0
EPS1_t4832,0.0
EPS1_t4817,0.0
EPS1_t4818,0.0
EPS1_t4819,0.0
EPS1_t4820,0.0
EPS1_t4821,0.0
EPS1_t4822,0.0
EPS1_t4823,0.0
EPS1_t4824,0.0
EPS1_t4809,0.0
EPS1_t4810,0.0
EPS1_t4811,0.0
EPS1_t4812,0.0
EPS1_t4813,0.0
EPS1_t4814,0.0
EPS1_t4815,0.0
EPS1_t4816,0.0
EPS1_t4865,0.0
EPS1_t4866,0.0
EPS1_t4867,0.0
EPS1_t4868,0.0
EPS1_t4869,0.0
EPS1_t4870,0.0
EPS1_t4871,0.0
EPS1_t4872,0.0
EPS1_t4857,0.0
EPS1_t4858,0.0
EPS1_t4859,0.0
EPS1_t4860,0.0
EPS1_t4861,0.0
EPS1_t4862,0.0
EPS1_t4863,0.0
EPS1_t4864,0.0
EPS1_t4849,0.0
EPS1_t4850,0.0
EPS1_t4851,0.0
EPS1_t4852,0.0
EPS1_t4853,0.0
EPS1_t4854,0.0
EPS1_t4855,0.0
EPS1_t4856,0.0
EPS1_t4841,0.0
EPS1_t4842,0.0
EPS1_t4843,0.0
EPS1_t4844,0.0
EPS1_t4845,0.0
EPS1_t4846,0.0
EPS1_t4847,0.0
EPS1_t4848,0.0
EPS1_t4897,0.0
EPS1_t4898,0.0
EPS1_t4899,0.0
EPS1_t4900,0.0
EPS1_t4901,0.0
EPS1_t4902,0.0
EPS1_t4903,0.0
EPS1_t4904,0.0
EPS1_t4889,0.0
EPS1_t4890,0.0
EPS1_t4891,0.0
EPS1_t4892,0.0
EPS1_t4893,0.0
EPS1_t4894,0.0
EPS1_t4895,0.0
EPS1_t4896,0.0
EPS1_t4881,0.0
EPS1_t4882,0.0
EPS1_t4883,0.0
EPS1_t4884,0.0
EPS1_t4885,0.0
EPS1_t4886,0.0
EPS1_t4887,0.0
EPS1_t4888,0.0
EPS1_t4873,0.0
EPS1_t4874,0.0
EPS1_t4875,0.0
EPS1_t4876,0.0
EPS1_t4877,0.0
EPS1_t4878,0.0
EPS1_t4879,0.0
EPS1_t4880,0.0
EPS1_t4929,0.0
EPS1_t4930,0.0
EPS1_t4931,0.0
EPS1_t4932,0.0
EPS1_t4933,0.0
EPS1_t4934,0.0
EPS1_t4935,0.0
EPS1_t4936,0.0
EPS1_t4921,0.0
EPS1_t4922,0.0
EPS1_t4923,0.0
EPS1_t4924,0.0
EPS1_t4925,0.0
EPS1_t4926,0.0
EPS1_t4927,0.0
EPS1_t4928,0.0
EPS1_t4913,0.0
EPS1_t4914,0.0
EPS1_t4915,0.0
EPS1_t4916,0.0
EPS1_t4917,0.0
EPS1_t4918,0.0
EPS1_t4919,0.0
EPS1_t4920,0.0
EPS1_t4905,0.0
EPS1_t4906,0.0
EPS1_t4907,0.0
EPS1_t4908,0.0
EPS1_t4909,0.0
EPS1_t4910,0.0
EPS1_t4911,0.0
EPS1_t4912,0.0
EPS1_t4961,0.0
EPS1_t4962,0.0
EPS1_t4963,0.0
EPS1_t4964,0.0
EPS1_t4965,0.0
EPS1_t4966,0.0
EPS1_t4967,0.0
EPS1_t4968,0.0
EPS1_t4953,0.0
EPS1_t4954,0.0
EPS1_t4955,0.0
EPS1_t4956,0.0
EPS1_t4957,0.0
EPS1_t4958,0.0
EPS1_t4959,0.0
EPS1_t4960,0.0
EPS1_t4945,0.0
EPS1_t4946,0.0
EPS1_t4947,0.0
EPS1_t4948,0.0
EPS1_t4949,0.0
EPS1_t4950,0.0
EPS1_t4951,0.0
EPS1_t4952,0.0
EPS1_t4937,0.0
EPS1_t4938,0.0
EPS1_t4939,0.0
EPS1_t4940,0.0
EPS1_t4941,0.0
EPS1_t4942,0.0
EPS1_t4943,0.0
EPS1_t4944,0.0
EPS1_t4993,0.0
EPS1_t4994,0.0
EPS1_t4995,0.0
EPS1_t4996,0.0
EPS1_t4997,0.0
EPS1_t4998,0.0
EPS1_t4999,0.0
EPS1_t5000,0.0
EPS1_t4985,0.0
EPS1_t4986,0.0
EPS1_t4987,0.0
EPS1_t4988,0.0
EPS1_t4989,0.0
EPS1_t4990,0.0
EPS1_t4991,0.0
EPS1_t4992,0.0
EPS1_t4977,0.0
EPS1_t4978,0.0
EPS1_t4979,0.0
EPS1_t4980,0.0
EPS1_t4981,0.0
EPS1_t4982,0.0
EPS1_t4983,0.0
EPS1_t4984,0.0
EPS1_t4969,0.0
EPS1_t4970,0.0
EPS1_t4971,0.0
EPS1_t4972,0.0
EPS1_t4973,0.0
EPS1_t4974,0.0
EPS1_t4975,0.0
EPS1_t4976,0.0
EPS1_t5025,0.0
EPS1_t5026,0.0
EPS1_t5027,0.0
EPS1_t5028,0.0
EPS1_t5029,0.0
EPS1_t5030,0.0
EPS1_t5031,0.0
EPS1_t5032,0.0
EPS1_t5017,0.0
EPS1_t5018,0.0
EPS1_t5019,0.0
EPS1_t5020,0.0
EPS1_t5021,0.0
EPS1_t5022,0.0
EPS1_t5023,0.0
EPS1_t5024,0.0
EPS1_t5009,0.0
EPS1_t5010,0.0
EPS1_t5011,0.0
EPS1_t5012,0.0
EPS1_t5013,0.0
EPS1_t5014,0.0
EPS1_t5015,0.0
EPS1_t5016,0.0
EPS1_t5001,0.0
EPS1_t5002,0.0
EPS1_t5003,0.0
EPS1_t5004,0.0
EPS1_t5005,0.0
EPS1_t5006,0.0
EPS1_t5007,0.0
EPS1_t5008,0.0
EPS1_t5057,0.0
EPS1_t5058,0.0
EPS1_t5059,0.0
EPS1_t5060,0.0
EPS1_t5061,0.0
EPS1_t5062,0.0
EPS1_t5063,0.0
EPS1_t5064,0.0
EPS1_t5049,0.0
EPS1_t5050,0.0
EPS1_t5051,0.0
EPS1_t5052,0.0
EPS1_t5053,0.0
EPS1_t5054,0.0
EPS1_t5055,0.0
EPS1_t5056,0.0
EPS1_t5041,0.0
EPS1_t5042,0.0
EPS1_t5043,0.0
EPS1_t5044,0.0
EPS1_t5045,0.0
EPS1_t5046,0.0
EPS1_t5047,0.0
EPS1_t5048,0.0
EPS1_t5033,0.0
EPS1_t5034,0.0
EPS1_t5035,0.0
EPS1_t5036,0.0
EPS1_t5037,0.0
EPS1_t5038,0.0
EPS1_t5039,0.0
EPS1_t5040,0.0
EPS1_t5089,0.0
EPS1_t5090,0.0
EPS1_t5091,0.0
EPS1_t5092,0.0
EPS1_t5093,0.0
EPS1_t5094,0.0
EPS1_t5095,0.0
EPS1_t5096,0.0
EPS1_t5081,0.0
EPS1_t5082,0.0
EPS1_t5083,0.0
EPS1_t5084,0.0
EPS1_t5085,0.0
EPS1_t5086,0.0
EPS1_t5087,0.0
EPS1_t5088,0.0
EPS1_t5073,0.0
EPS1_t5074,0.0
EPS1_t5075,0.0
EPS1_t5076,0.0
EPS1_t5077,0.0
EPS1_t5078,0.0
EPS1_t5079,0.0
EPS1_t5080,0.0
EPS1_t5065,0.0
EPS1_t5066,0.0
EPS1_t5067,0.0
EPS1_t5068,0.0
EPS1_t5069,0.0
EPS1_t5070,0.0
EPS1_t5071,0.0
EPS1_t5072,0.0
EPS1_t5121,0.0
EPS1_t5122,0.0
EPS1_t5123,0.0
EPS1_t5124,0.0
EPS1_t5125,0.0
EPS1_t5126,0.0
EPS1_t5127,0.0
EPS1_t5128,0.0
EPS1_t5113,0.0
EPS1_t5114,0.0
EPS1_t5115,0.0
EPS1_t5116,0.0
EPS1_t5117,0.0
EPS1_t5118,0.0
EPS1_t5119,0.0
EPS1_t5120,0.0
EPS1_t5105,0.0
EPS1_t5106,0.0
EPS1_t5107,0.0
EPS1_t5108,0.0
EPS1_t5109,0.0
EPS1_t5110,0.0
EPS1_t5111,0.0
EPS1_t5112,0.0
EPS1_t5097,0.0
EPS1_t5098,0.0
EPS1_t5099,0.0
EPS1_t5100,0.0
EPS1_t5101,0.0
EPS1_t5102,0.0
EPS1_t5103,0.0
EPS1_t5104,0.0
EPS1_t5153,0.0
EPS1_t5154,0.0
EPS1_t5155,0.0
EPS1_t5156,0.0
EPS1_t5157,0.0
EPS1_t5158,0.0
EPS1_t5159,0.0
EPS1_t5160,0.0
EPS1_t5145,0.0
EPS1_t5146,0.0
EPS1_t5147,0.0
EPS1_t5148,0.0
EPS1_t5149,0.0
EPS1_t5150,0.0
EPS1_t5151,0.0
EPS1_t5152,0.0
EPS1_t5137,0.0
EPS1_t5138,0.0
EPS1_t5139,0.0
EPS1_t5140,0.0
EPS1_t5141,0.0
EPS1_t5142,0.0
EPS1_t5143,0.0
EPS1_t5144,0.0
EPS1_t5129,0.0
EPS1_t5130,0.0
EPS1_t5131,0.0
EPS1_t5132,0.0
EPS1_t5133,0.0
EPS1_t5134,0.0
EPS1_t5135,0.0
EPS1_t5136,0.0
EPS1_t5185,0.0
EPS1_t5186,0.0
EPS1_t5187,0.0
EPS1_t5188,0.0
EPS1_t5189,0.0
EPS1_t5190,0.0
EPS1_t5191,0.0
EPS1_t5192,0.0
EPS1_t5177,0.0
EPS1_t5178,0.0
EPS1_t5179,0.0
EPS1_t5180,0.0
EPS1_t5181,0.0
EPS1_t5182,0.0
EPS1_t5183,0.0
EPS1_t5184,0.0
EPS1_t5169,0.0
EPS1_t5170,0.0
EPS1_t5171,0.0
EPS1_t5172,0.0
EPS1_t5173,0.0
EPS1_t5174,0.0
EPS1_t5175,0.0
EPS1_t5176,0.0
EPS1_t5161,0.0
EPS1_t5162,0.0
EPS1_t5163,0.0
EPS1_t5164,0.0
EPS1_t5165,0.0
EPS1_t5166,0.0
EPS1_t5167,0.0
EPS1_t5168,0.0
EPS1_t5217,0.0
EPS1_t5218,0.0
EPS1_t5219,0.0
EPS1_t5220,0.0
EPS1_t5221,0.0
EPS1_t5222,0.0
EPS1_t5223,0.0
EPS1_t5224,0.0
EPS1_t5209,0.0
EPS1_t5210,0.0
EPS1_t5211,0.0
EPS1_t5212,0.0
EPS1_t5213,0.0
EPS1_t5214,0.0
EPS1_t5215,0.0
EPS1_t5216,0.0
EPS1_t5201,0.0
EPS1_t5202,0.0
EPS1_t5203,0.0
EPS1_t5204,0.0
EPS1_t5205,0.0
EPS1_t5206,0.0
EPS1_t5207,0.0
EPS1_t5208,0.0
EPS1_t5193,0.0
EPS1_t5194,0.0
EPS1_t5195,0.0
EPS1_t5196,0.0
EPS1_t5197,0.0
EPS1_t5198,0.0
EPS1_t5199,0.0
EPS1_t5200,0.0
EPS1_t5249,0.0
EPS1_t5250,0.0
EPS1_t5251,0.0
EPS1_t5252,0.0
EPS1_t5253,0.0
EPS1_t5254,0.0
EPS1_t5255,0.0
EPS1_t5256,0.0
EPS1_t5241,0.0
EPS1_t5242,0.0
EPS1_t5243,0.0
EPS1_t5244,0.0
EPS1_t5245,0.0
EPS1_t5246,0.0
EPS1_t5247,0.0
EPS1_t5248,0.0
EPS1_t5233,0.0
EPS1_t5234,0.0
EPS1_t5235,0.0
EPS1_t5236,0.0
EPS1_t5237,0.0
EPS1_t5238,0.0
EPS1_t5239,0.0
EPS1_t5240,0.0
EPS1_t5225,0.0
EPS1_t5226,0.0
EPS1_t5227,0.0
EPS1_t5228,0.0
EPS1_t5229,0.0
EPS1_t5230,0.0
EPS1_t5231,0.0
EPS1_t5232,0.0
EPS1_t5281,0.0
EPS1_t5282,0.0
EPS1_t5283,0.0
EPS1_t5284,0.0
EPS1_t5285,0.0
EPS1_t5286,0.0
EPS1_t5287,0.0
EPS1_t5288,0.0
EPS1_t5273,0.0
EPS1_t5274,0.0
EPS1_t5275,0.0
EPS1_t5276,0.0
EPS1_t5277,0.0
EPS1_t5278,0.0
EPS1_t5279,0.0
EPS1_t5280,0.0
EPS1_t5265,0.0
EPS1_t5266,0.0
EPS1_t5267,0.0
EPS1_t5268,0.0
EPS1_t5269,0.0
EPS1_t5270,0.0
EPS1_t5271,0.0
EPS1_t5272,0.0
EPS1_t5257,0.0
EPS1_t5258,0.0
EPS1_t5259,0.0
EPS1_t5260,0.0
EPS1_t5261,0.0
EPS1_t5262,0.0
EPS1_t5263,0.0
EPS1_t5264,0.0
EPS1_t5313,0.0
EPS1_t5314,0.0
EPS1_t5315,0.0
EPS1_t5316,0.0
EPS1_t5317,0.0
EPS1_t5318,0.0
EPS1_t5319,0.0
EPS1_t5320,0.0
EPS1_t5305,0.0
EPS1_t5306,0.0
EPS1_t5307,0.0
EPS1_t5308,0.0
EPS1_t5309,0.0
EPS1_t5310,0.0
EPS1_t5311,0.0
EPS1_t5312,0.0
EPS1_t5297,0.0
EPS1_t5298,0.0
EPS1_t5299,0.0
EPS1_t5300,0.0
EPS1_t5301,0.0
EPS1_t5302,0.0
EPS1_t5303,0.0
EPS1_t5304,0.0
EPS1_t5289,0.0
EPS1_t5290,0.0
EPS1_t5291,0.0
EPS1_t5292,0.0
EPS1_t5293,0.0
EPS1_t5294,0.0
EPS1_t5295,0.0
EPS1_t5296,0.0
EPS1_t5345,0.0
EPS1_t5346,0.0
EPS1_t5347,0.0
EPS1_t5348,0.0
EPS1_t5349,0.0
EPS1_t5350,0.0
EPS1_t5351,0.0
EPS1_t5352,0.0
EPS1_t5337,0.0
EPS1_t5338,0.0
EPS1_t5339,0.0
EPS1_t5340,0.0
EPS1_t5341,0.0
EPS1_t5342,0.0
EPS1_t5343,0.0
EPS1_t5344,0.0
EPS1_t5329,0.0
EPS1_t5330,0.0
EPS1_t5331,0.0
EPS1_t5332,0.0
EPS1_t5333,0.0
EPS1_t5334,0.0
EPS1_t5335,0.0
EPS1_t5336,0.0
EPS1_t5321,0.0
EPS1_t5322,0.0
EPS1_t5323,0.0
EPS1_t5324,0.0
EPS1_t5325,0.0
EPS1_t5326,0.0
EPS1_t5327,0.0
EPS1_t5328,0.0
EPS1_t5377,0.0
EPS1_t5378,0.0
EPS1_t5379,0.0
EPS1_t5380,0.0
EPS1_t5381,0.0
EPS1_t5382,0.0
EPS1_t5383,0.0
EPS1_t5384,0.0
EPS1_t5369,0.0
EPS1_t5370,0.0
EPS1_t5371,0.0
EPS1_t5372,0.0
EPS1_t5373,0.0
EPS1_t5374,0.0
EPS1_t5375,0.0
EPS1_t5376,0.0
EPS1_t5361,0.0
EPS1_t5362,0.0
EPS1_t5363,0.0
EPS1_t5364,0.0
EPS1_t5365,0.0
EPS1_t5366,0.0
EPS1_t5367,0.0
EPS1_t5368,0.0
EPS1_t5353,0.0
EPS1_t5354,0.0
EPS1_t5355,0.0
EPS1_t5356,0.0
EPS1_t5357,0.0
EPS1_t5358,0.0
EPS1_t5359,0.0
EPS1_t5360,0.0
EPS1_t5409,0.0
EPS1_t5410,0.0
EPS1_t5411,0.0
EPS1_t5412,0.0
EPS1_t5413,0.0
EPS1_t5414,0.0
EPS1_t5415,0.0
EPS1_t5416,0.0
EPS1_t5401,0.0
EPS1_t5402,0.0
EPS1_t5403,0.0
EPS1_t5404,0.0
EPS1_t5405,0.0
EPS1_t5406,0.0
EPS1_t5407,0.0
EPS1_t5408,0.0
EPS1_t5393,0.0
EPS1_t5394,0.0
EPS1_t5395,0.0
EPS1_t5396,0.0
EPS1_t5397,0.0
EPS1_t5398,0.0
EPS1_t5399,0.0
EPS1_t5400,0.0
EPS1_t5385,0.0
EPS1_t5386,0.0
EPS1_t5387,0.0
EPS1_t5388,0.0
EPS1_t5389,0.0
EPS1_t5390,0.0
EPS1_t5391,0.0
EPS1_t5392,0.0
EPS1_t5441,0.0
EPS1_t5442,0.0
EPS1_t5443,0.0
EPS1_t5444,0.0
EPS1_t5445,0.0
EPS1_t5446,0.0
EPS1_t5447,0.0
EPS1_t5448,0.0
EPS1_t5433,0.0
EPS1_t5434,0.0
EPS1_t5435,0.0
EPS1_t5436,0.0
EPS1_t5437,0.0
EPS1_t5438,0.0
EPS1_t5439,0.0
EPS1_t5440,0.0
EPS1_t5425,0.0
EPS1_t5426,0.0
EPS1_t5427,0.0
EPS1_t5428,0.0
EPS1_t5429,0.0
EPS1_t5430,0.0
EPS1_t5431,0.0
EPS1_t5432,0.0
EPS1_t5417,0.0
EPS1_t5418,0.0
EPS1_t5419,0.0
EPS1_t5420,0.0
EPS1_t5421,0.0
EPS1_t5422,0.0
EPS1_t5423,0.0
EPS1_t5424,0.0
EPS1_t5473,0.0
EPS1_t5474,0.0
EPS1_t5475,0.0
EPS1_t5476,0.0
EPS1_t5477,0.0
EPS1_t5478,0.0
EPS1_t5479,0.0
EPS1_t5480,0.0
EPS1_t5465,0.0
EPS1_t5466,0.0
EPS1_t5467,0.0
EPS1_t5468,0.0
EPS1_t5469,0.0
EPS1_t5470,0.0
EPS1_t5471,0.0
EPS1_t5472,0.0
EPS1_t5457,0.0
EPS1_t5458,0.0
EPS1_t5459,0.0
EPS1_t5460,0.0
EPS1_t5461,0.0
EPS1_t5462,0.0
EPS1_t5463,0.0
EPS1_t5464,0.0
EPS1_t5449,0.0
EPS1_t5450,0.0
EPS1_t5451,0.0
EPS1_t5452,0.0
EPS1_t5453,0.0
EPS1_t5454,0.0
EPS1_t5455,0.0
EPS1_t5456,0.0
EPS1_t5505,0.0
EPS1_t5506,0.0
EPS1_t5507,0.0
EPS1_t5508,0.0
EPS1_t5509,0.0
EPS1_t5510,0.0
EPS1_t5511,0.0
EPS1_t5512,0.0
EPS1_t5497,0.0
EPS1_t5498,0.0
EPS1_t5499,0.0
EPS1_t5500,0.0
EPS1_t5501,0.0
EPS1_t5502,0.0
EPS1_t5503,0.0
EPS1_t5504,0.0
EPS1_t5489,0.0
EPS1_t5490,0.0
EPS1_t5491,0.0
EPS1_t5492,0.0
EPS1_t5493,0.0
EPS1_t5494,0.0
EPS1_t5495,0.0
EPS1_t5496,0.0
EPS1_t5481,0.0
EPS1_t5482,0.0
EPS1_t5483,0.0
EPS1_t5484,0.0
EPS1_t5485,0.0
EPS1_t5486,0.0
EPS1_t5487,0.0
EPS1_t5488,0.0
EPS1_t5537,0.0
EPS1_t5538,0.0
EPS1_t5539,0.0
EPS1_t5540,0.0
EPS1_t5541,0.0
EPS1_t5542,0.0
EPS1_t5543,0.0
EPS1_t5544,0.0
EPS1_t5529,0.0
EPS1_t5530,0.0
EPS1_t5531,0.0
EPS1_t5532,0.0
EPS1_t5533,0.0
EPS1_t5534,0.0
EPS1_t5535,0.0
EPS1_t5536,0.0
EPS1_t5521,0.0
EPS1_t5522,0.0
EPS1_t5523,0.0
EPS1_t5524,0.0
EPS1_t5525,0.0
EPS1_t5526,0.0
EPS1_t5527,0.0
EPS1_t5528,0.0
EPS1_t5513,0.0
EPS1_t5514,0.0
EPS1_t5515,0.0
EPS1_t5516,0.0
EPS1_t5517,0.0
EPS1_t5518,0.0
EPS1_t5519,0.0
EPS1_t5520,0.0
EPS1_t5569,0.0
EPS1_t5570,0.0
EPS1_t5571,0.0
EPS1_t5572,0.0
EPS1_t5573,0.0
EPS1_t5574,0.0
EPS1_t5575,0.0
EPS1_t5576,0.0
EPS1_t5561,0.0
EPS1_t5562,0.0
EPS1_t5563,0.0
EPS1_t5564,0.0
EPS1_t5565,0.0
EPS1_t5566,0.0
EPS1_t5567,0.0
EPS1_t5568,0.0
EPS1_t5553,0.0
EPS1_t5554,0.0
EPS1_t5555,0.0
EPS1_t5556,0.0
EPS1_t5557,0.0
EPS1_t5558,0.0
EPS1_t5559,0.0
EPS1_t5560,0.0
EPS1_t5545,0.0
EPS1_t5546,0.0
EPS1_t5547,0.0
EPS1_t5548,0.0
EPS1_t5549,0.0
EPS1_t5550,0.0
EPS1_t5551,0.0
EPS1_t5552,0.0
EPS1_t5601,0.0
EPS1_t5602,0.0
EPS1_t5603,0.0
EPS1_t5604,0.0
EPS1_t5605,0.0
EPS1_t5606,0.0
EPS1_t5607,0.0
EPS1_t5608,0.0
EPS1_t5593,0.0
EPS1_t5594,0.0
EPS1_t5595,0.0
EPS1_t5596,0.0
EPS1_t5597,0.0
EPS1_t5598,0.0
EPS1_t5599,0.0
EPS1_t5600,0.0
EPS1_t5585,0.0
EPS1_t5586,0.0
EPS1_t5587,0.0
EPS1_t5588,0.0
EPS1_t5589,0.0
EPS1_t5590,0.0
EPS1_t5591,0.0
EPS1_t5592,0.0
EPS1_t5577,0.0
EPS1_t5578,0.0
EPS1_t5579,0.0
EPS1_t5580,0.0
EPS1_t5581,0.0
EPS1_t5582,0.0
EPS1_t5583,0.0
EPS1_t5584,0.0
EPS1_t5633,0.0
EPS1_t5634,0.0
EPS1_t5635,0.0
EPS1_t5636,0.0
EPS1_t5637,0.0
EPS1_t5638,0.0
EPS1_t5639,0.0
EPS1_t5640,0.0
EPS1_t5625,0.0
EPS1_t5626,0.0
EPS1_t5627,0.0
EPS1_t5628,0.0
EPS1_t5629,0.0
EPS1_t5630,0.0
EPS1_t5631,0.0
EPS1_t5632,0.0
EPS1_t5617,0.0
EPS1_t5618,0.0
EPS1_t5619,0.0
EPS1_t5620,0.0
EPS1_t5621,0.0
EPS1_t5622,0.0
EPS1_t5623,0.0
EPS1_t5624,0.0
EPS1_t5609,0.0
EPS1_t5610,0.0
EPS1_t5611,0.0
EPS1_t5612,0.0
EPS1_t5613,0.0
EPS1_t5614,0.0
EPS1_t5615,0.0
EPS1_t5616,0.0
EPS1_t5665,0.0
EPS1_t5666,0.0
EPS1_t5667,0.0
EPS1_t5668,0.0
EPS1_t5669,0.0
EPS1_t5670,0.0
EPS1_t5671,0.0
EPS1_t5672,0.0
EPS1_t5657,0.0
EPS1_t5658,0.0
EPS1_t5659,0.0
EPS1_t5660,0.0
EPS1_t5661,0.0
EPS1_t5662,0.0
EPS1_t5663,0.0
EPS1_t5664,0.0
EPS1_t5649,0.0
EPS1_t5650,0.0
EPS1_t5651,0.0
EPS1_t5652,0.0
EPS1_t5653,0.0
EPS1_t5654,0.0
EPS1_t5655,0.0
EPS1_t5656,0.0
EPS1_t5641,0.0
EPS1_t5642,0.0
EPS1_t5643,0.0
EPS1_t5644,0.0
EPS1_t5645,0.0
EPS1_t5646,0.0
EPS1_t5647,0.0
EPS1_t5648,0.0
EPS1_t5697,0.0
EPS1_t5698,0.0
EPS1_t5699,0.0
EPS1_t5700,0.0
EPS1_t5701,0.0
EPS1_t5702,0.0
EPS1_t5703,0.0
EPS1_t5704,0.0
EPS1_t5689,0.0
EPS1_t5690,0.0
EPS1_t5691,0.0
EPS1_t5692,0.0
EPS1_t5693,0.0
EPS1_t5694,0.0
EPS1_t5695,0.0
EPS1_t5696,0.0
EPS1_t5681,0.0
EPS1_t5682,0.0
EPS1_t5683,0.0
EPS1_t5684,0.0
EPS1_t5685,0.0
EPS1_t5686,0.0
EPS1_t5687,0.0
EPS1_t5688,0.0
EPS1_t5673,0.0
EPS1_t5674,0.0
EPS1_t5675,0.0
EPS1_t5676,0.0
EPS1_t5677,0.0
EPS1_t5678,0.0
EPS1_t5679,0.0
EPS1_t5680,0.0
EPS1_t5729,0.0
EPS1_t5730,0.0
EPS1_t5731,0.0
EPS1_t5732,0.0
EPS1_t5733,0.0
EPS1_t5734,0.0
EPS1_t5735,0.0
EPS1_t5736,0.0
EPS1_t5721,0.0
EPS1_t5722,0.0
EPS1_t5723,0.0
EPS1_t5724,0.0
EPS1_t5725,0.0
EPS1_t5726,0.0
EPS1_t5727,0.0
EPS1_t5728,0.0
EPS1_t5713,0.0
EPS1_t5714,0.0
EPS1_t5715,0.0
EPS1_t5716,0.0
EPS1_t5717,0.0
EPS1_t5718,0.0
EPS1_t5719,0.0
EPS1_t5720,0.0
EPS1_t5705,0.0
EPS1_t5706,0.0
EPS1_t5707,0.0
EPS1_t5708,0.0
EPS1_t5709,0.0
EPS1_t5710,0.0
EPS1_t5711,0.0
EPS1_t5712,0.0
EPS1_t5761,0.0
EPS1_t5762,0.0
EPS1_t5763,0.0
EPS1_t5764,0.0
EPS1_t5765,0.0
EPS1_t5766,0.0
EPS1_t5767,0.0
EPS1_t5768,0.0
EPS1_t5753,0.0
EPS1_t5754,0.0
EPS1_t5755,0.0
EPS1_t5756,0.0
EPS1_t5757,0.0
EPS1_t5758,0.0
EPS1_t5759,0.0
EPS1_t5760,0.0
EPS1_t5745,0.0
EPS1_t5746,0.0
EPS1_t5747,0.0
EPS1_t5748,0.0
EPS1_t5749,0.0
EPS1_t5750,0.0
EPS1_t5751,0.0
EPS1_t5752,0.0
EPS1_t5737,0.0
EPS1_t5738,0.0
EPS1_t5739,0.0
EPS1_t5740,0.0
EPS1_t5741,0.0
EPS1_t5742,0.0
EPS1_t5743,0.0
EPS1_t5744,0.0
EPS1_t5793,0.0
EPS1_t5794,0.0
EPS1_t5795,0.0
EPS1_t5796,0.0
EPS1_t5797,0.0
EPS1_t5798,0.0
EPS1_t5799,0.0
EPS1_t5800,0.0
EPS1_t5785,0.0
EPS1_t5786,0.0
EPS1_t5787,0.0
EPS1_t5788,0.0
EPS1_t5789,0.0
EPS1_t5790,0.0
EPS1_t5791,0.0
EPS1_t5792,0.0
EPS1_t5777,0.0
EPS1_t5778,0.0
EPS1_t5779,0.0
EPS1_t5780,0.0
EPS1_t5781,0.0
EPS1_t5782,0.0
EPS1_t5783,0.0
EPS1_t5784,0.0
EPS1_t5769,0.0
EPS1_t5770,0.0
EPS1_t5771,0.0
EPS1_t5772,0.0
EPS1_t5773,0.0
EPS1_t5774,0.0
EPS1_t5775,0.0
EPS1_t5776,0.0
EPS1_t5825,0.0
EPS1_t5826,0.0
EPS1_t5827,0.0
EPS1_t5828,0.0
EPS1_t5829,0.0
EPS1_t5830,0.0
EPS1_t5831,0.0
EPS1_t5832,0.0
EPS1_t5817,0.0
EPS1_t5818,0.0
EPS1_t5819,0.0
EPS1_t5820,0.0
EPS1_t5821,0.0
EPS1_t5822,0.0
EPS1_t5823,0.0
EPS1_t5824,0.0
EPS1_t5809,0.0
EPS1_t5810,0.0
EPS1_t5811,0.0
EPS1_t5812,0.0
EPS1_t5813,0.0
EPS1_t5814,0.0
EPS1_t5815,0.0
EPS1_t5816,0.0
EPS1_t5801,0.0
EPS1_t5802,0.0
EPS1_t5803,0.0
EPS1_t5804,0.0
EPS1_t5805,0.0
EPS1_t5806,0.0
EPS1_t5807,0.0
EPS1_t5808,0.0
EPS1_t5857,0.0
EPS1_t5858,0.0
EPS1_t5859,0.0
EPS1_t5860,0.0
EPS1_t5861,0.0
EPS1_t5862,0.0
EPS1_t5863,0.0
EPS1_t5864,0.0
EPS1_t5849,0.0
EPS1_t5850,0.0
EPS1_t5851,0.0
EPS1_t5852,0.0
EPS1_t5853,0.0
EPS1_t5854,0.0
EPS1_t5855,0.0
EPS1_t5856,0.0
EPS1_t5841,0.0
EPS1_t5842,0.0
EPS1_t5843,0.0
EPS1_t5844,0.0
EPS1_t5845,0.0
EPS1_t5846,0.0
EPS1_t5847,0.0
EPS1_t5848,0.0
EPS1_t5833,0.0
EPS1_t5834,0.0
EPS1_t5835,0.0
EPS1_t5836,0.0
EPS1_t5837,0.0
EPS1_t5838,0.0
EPS1_t5839,0.0
EPS1_t5840,0.0
EPS1_t5889,0.0
EPS1_t5890,0.0
EPS1_t5891,0.0
EPS1_t5892,0.0
EPS1_t5893,0.0
EPS1_t5894,0.0
EPS1_t5895,0.0
EPS1_t5896,0.0
EPS1_t5881,0.0
EPS1_t5882,0.0
EPS1_t5883,0.0
EPS1_t5884,0.0
EPS1_t5885,0.0
EPS1_t5886,0.0
EPS1_t5887,0.0
EPS1_t5888,0.0
EPS1_t5873,0.0
EPS1_t5874,0.0
EPS1_t5875,0.0
EPS1_t5876,0.0
EPS1_t5877,0.0
EPS1_t5878,0.0
EPS1_t5879,0.0
EPS1_t5880,0.0
EPS1_t5865,0.0
EPS1_t5866,0.0
EPS1_t5867,0.0
EPS1_t5868,0.0
EPS1_t5869,0.0
EPS1_t5870,0.0
EPS1_t5871,0.0
EPS1_t5872,0.0
EPS1_t5921,0.0
EPS1_t5922,0.0
EPS1_t5923,0.0
EPS1_t5924,0.0
EPS1_t5925,0.0
EPS1_t5926,0.0
EPS1_t5927,0.0
EPS1_t5928,0.0
EPS1_t5913,0.0
EPS1_t5914,0.0
EPS1_t5915,0.0
EPS1_t5916,0.0
EPS1_t5917,0.0
EPS1_t5918,0.0
EPS1_t5919,0.0
EPS1_t5920,0.0
EPS1_t5905,0.0
EPS1_t5906,0.0
EPS1_t5907,0.0
EPS1_t5908,0.0
EPS1_t5909,0.0
EPS1_t5910,0.0
EPS1_t5911,0.0
EPS1_t5912,0.0
EPS1_t5897,0.0
EPS1_t5898,0.0
EPS1_t5899,0.0
EPS1_t5900,0.0
EPS1_t5901,0.0
EPS1_t5902,0.0
EPS1_t5903,0.0
EPS1_t5904,0.0
EPS1_t5953,0.0
EPS1_t5954,0.0
EPS1_t5955,0.0
EPS1_t5956,0.0
EPS1_t5957,0.0
EPS1_t5958,0.0
EPS1_t5959,0.0
EPS1_t5960,0.0
EPS1_t5945,0.0
EPS1_t5946,0.0
EPS1_t5947,0.0
EPS1_t5948,0.0
EPS1_t5949,0.0
EPS1_t5950,0.0
EPS1_t5951,0.0
EPS1_t5952,0.0
EPS1_t5937,0.0
EPS1_t5938,0.0
EPS1_t5939,0.0
EPS1_t5940,0.0
EPS1_t5941,0.0
EPS1_t5942,0.0
EPS1_t5943,0.0
EPS1_t5944,0.0
EPS1_t5929,0.0
EPS1_t5930,0.0
EPS1_t5931,0.0
EPS1_t5932,0.0
EPS1_t5933,0.0
EPS1_t5934,0.0
EPS1_t5935,0.0
EPS1_t5936,0.0
EPS1_t5985,0.0
EPS1_t5986,0.0
EPS1_t5987,0.0
EPS1_t5988,0.0
EPS1_t5989,0.0
EPS1_t5990,0.0
EPS1_t5991,0.0
EPS1_t5992,0.0
EPS1_t5977,0.0
EPS1_t5978,0.0
EPS1_t5979,0.0
EPS1_t5980,0.0
EPS1_t5981,0.0
EPS1_t5982,0.0
EPS1_t5983,0.0
EPS1_t5984,0.0
EPS1_t5969,0.0
EPS1_t5970,0.0
EPS1_t5971,0.0
EPS1_t5972,0.0
EPS1_t5973,0.0
EPS1_t5974,0.0
EPS1_t5975,0.0
EPS1_t5976,0.0
EPS1_t5961,0.0
EPS1_t5962,0.0
EPS1_t5963,0.0
EPS1_t5964,0.0
EPS1_t5965,0.0
EPS1_t5966,0.0
EPS1_t5967,0.0
EPS1_t5968,0.0
FS1_t17,0.0
FS1_t18,0.0
FS1_t19,0.0
FS1_t20,0.0
FS1_t21,0.0
FS1_t22,0.0
FS1_t23,0.0
FS1_t24,0.0
FS1_t9,0.0
FS1_t10,0.0
FS1_t11,0.0
FS1_t12,0.0
FS1_t13,0.0
FS1_t14,0.0
FS1_t15,0.0
FS1_t16,0.0
FS1_t1,0.0
FS1_t2,0.0
FS1_t3,0.0
FS1_t4,0.0
FS1_t5,0.0
FS1_t6,0.0
FS1_t7,0.0
FS1_t8,0.0
EPS1_t5993,0.0
EPS1_t5994,0.0
EPS1_t5995,0.0
EPS1_t5996,0.0
EPS1_t5997,0.0
EPS1_t5998,0.0
EPS1_t5999,0.0
EPS1_t6000,0.0
FS1_t49,0.0
FS1_t50,0.0
FS1_t51,0.0
FS1_t52,0.0
FS1_t53,0.0
FS1_t54,0.0
FS1_t55,0.0
FS1_t56,0.0
FS1_t41,0.0
FS1_t42,0.0
FS1_t43,0.0
FS1_t44,0.0
FS1_t45,0.0
FS1_t46,0.0
FS1_t47,0.0
FS1_t48,0.0
FS1_t33,0.0
FS1_t34,0.0
FS1_t35,0.0
FS1_t36,0.0
FS1_t37,0.0
FS1_t38,0.0
FS1_t39,0.0
FS1_t40,0.0
FS1_t25,0.0
FS1_t26,0.0
FS1_t27,0.0
FS1_t28,0.0
FS1_t29,0.0
FS1_t30,0.0
FS1_t31,0.0
FS1_t32,0.0
FS1_t81,0.0
FS1_t82,0.0
FS1_t83,0.0
FS1_t84,0.0
FS1_t85,0.0
FS1_t86,0.0
FS1_t87,0.0
FS1_t88,0.0
FS1_t73,0.0
FS1_t74,0.0
FS1_t75,0.0
FS1_t76,0.0
FS1_t77,0.0
FS1_t78,0.0
FS1_t79,0.0
FS1_t80,0.0
FS1_t65,0.0
FS1_t66,0.0
FS1_t67,0.0
FS1_t68,0.0
FS1_t69,0.0
FS1_t70,0.0
FS1_t71,0.0
FS1_t72,0.0
FS1_t57,0.0
FS1_t58,0.0
FS1_t59,0.0
FS1_t60,0.0
FS1_t61,0.0
FS1_t62,0.0
FS1_t63,0.0
FS1_t64,0.0
FS1_t113,0.0
FS1_t114,0.0
FS1_t115,0.0
FS1_t116,0.0
FS1_t117,0.0
FS1_t118,0.0
FS1_t119,0.0
FS1_t120,0.0
FS1_t105,0.0
FS1_t106,0.0
FS1_t107,0.0
FS1_t108,0.0
FS1_t109,0.0
FS1_t110,0.0
FS1_t111,0.0
FS1_t112,0.0
FS1_t97,0.0
FS1_t98,0.0
FS1_t99,0.0
FS1_t100,0.0
FS1_t101,0.0
FS1_t102,0.0
FS1_t103,0.0
FS1_t104,0.0
FS1_t89,0.0
FS1_t90,0.0
FS1_t91,0.0
FS1_t92,0.0
FS1_t93,0.0
FS1_t94,0.0
FS1_t95,0.0
FS1_t96,0.0
FS1_t145,0.0
FS1_t146,0.0
FS1_t147,0.0
FS1_t148,0.0
FS1_t149,0.0
FS1_t150,0.0
FS1_t151,0.0
FS1_t152,0.0
FS1_t137,0.0
FS1_t138,0.0
FS1_t139,0.0
FS1_t140,0.0
FS1_t141,0.0
FS1_t142,0.0
FS1_t143,0.0
FS1_t144,0.0
FS1_t129,0.0
FS1_t130,0.0
FS1_t131,0.0
FS1_t132,0.0
FS1_t133,0.0
FS1_t134,0.0
FS1_t135,0.0
FS1_t136,0.0
FS1_t121,0.0
FS1_t122,0.0
FS1_t123,0.0
FS1_t124,0.0
FS1_t125,0.0
FS1_t126,0.0
FS1_t127,0.0
FS1_t128,0.0
FS1_t177,0.0
FS1_t178,0.0
FS1_t179,0.0
FS1_t180,0.0
FS1_t181,0.0
FS1_t182,0.0
FS1_t183,0.0
FS1_t184,0.0
FS1_t169,0.0
FS1_t170,0.0
FS1_t171,0.0
FS1_t172,0.0
FS1_t173,0.0
FS1_t174,0.0
FS1_t175,0.0
FS1_t176,0.0
FS1_t161,0.0
FS1_t162,0.0
FS1_t163,0.0
FS1_t164,0.0
FS1_t165,0.0
FS1_t166,0.0
FS1_t167,0.0
FS1_t168,0.0
FS1_t153,0.0
FS1_t154,0.0
FS1_t155,0.0
FS1_t156,0.0
FS1_t157,0.0
FS1_t158,0.0
FS1_t159,0.0
FS1_t160,0.0
FS1_t209,0.0
FS1_t210,0.0
FS1_t211,0.0
FS1_t212,0.0
FS1_t213,0.0
FS1_t214,0.0
FS1_t215,0.0
FS1_t216,0.0
FS1_t201,0.0
FS1_t202,0.0
FS1_t203,0.0
FS1_t204,0.0
FS1_t205,0.0
FS1_t206,0.0
FS1_t207,0.0
FS1_t208,0.0
FS1_t193,0.0
FS1_t194,0.0
FS1_t195,0.0
FS1_t196,0.0
FS1_t197,0.0
FS1_t198,0.0
FS1_t199,0.0
FS1_t200,0.0
FS1_t185,0.0
FS1_t186,0.0
FS1_t187,0.0
FS1_t188,0.0
FS1_t189,0.0
FS1_t190,0.0
FS1_t191,0.0
FS1_t192,0.0
FS1_t241,0.0
FS1_t242,0.0
FS1_t243,0.0
FS1_t244,0.0
FS1_t245,0.0
FS1_t246,0.0
FS1_t247,0.0
FS1_t248,0.0
FS1_t233,0.0
FS1_t234,0.0
FS1_t235,0.0
FS1_t236,0.0
FS1_t237,0.0
FS1_t238,0.0
FS1_t239,0.0
FS1_t240,0.0
FS1_t225,0.0
FS1_t226,0.0
FS1_t227,0.0
FS1_t228,0.0
FS1_t229,0.0
FS1_t230,0.0
FS1_t231,0.0
FS1_t232,0.0
FS1_t217,0.0
FS1_t218,0.0
FS1_t219,0.0
FS1_t220,0.0
FS1_t221,0.0
FS1_t222,0.0
FS1_t223,0.0
FS1_t224,0.0
FS1_t273,0.0
FS1_t274,0.0
FS1_t275,0.0
FS1_t276,0.0
FS1_t277,0.0
FS1_t278,0.0
FS1_t279,0.0
FS1_t280,0.0
FS1_t265,0.0
FS1_t266,0.0
FS1_t267,0.0
FS1_t268,0.0
FS1_t269,0.0
FS1_t270,0.0
FS1_t271,0.0
FS1_t272,0.0
FS1_t257,0.0
FS1_t258,0.0
FS1_t259,0.0
FS1_t260,0.0
FS1_t261,0.0
FS1_t262,0.0
FS1_t263,0.0
FS1_t264,0.0
FS1_t249,0.0
FS1_t250,0.0
FS1_t251,0.0
FS1_t252,0.0
FS1_t253,0.0
FS1_t254,0.0
FS1_t255,0.0
FS1_t256,0.0
FS1_t305,0.0
FS1_t306,0.0
FS1_t307,0.0
FS1_t308,0.0
FS1_t309,0.0
FS1_t310,0.0
FS1_t311,0.0
FS1_t312,0.0
FS1_t297,0.0
FS1_t298,0.0
FS1_t299,0.0
FS1_t300,0.0
FS1_t301,0.0
FS1_t302,0.0
FS1_t303,0.0
FS1_t304,0.0
FS1_t289,0.0
FS1_t290,0.0
FS1_t291,0.0
FS1_t292,0.0
FS1_t293,0.0
FS1_t294,0.0
FS1_t295,0.0
FS1_t296,0.0
FS1_t281,0.0
FS1_t282,0.0
FS1_t283,0.0
FS1_t284,0.0
FS1_t285,0.0
FS1_t286,0.0
FS1_t287,0.0
FS1_t288,0.0
FS1_t337,0.0
FS1_t338,0.0
FS1_t339,0.0
FS1_t340,0.0
FS1_t341,0.0
FS1_t342,0.0
FS1_t343,0.0
FS1_t344,0.0
FS1_t329,0.0
FS1_t330,0.0
FS1_t331,0.0
FS1_t332,0.0
FS1_t333,0.0
FS1_t334,0.0
FS1_t335,0.0
FS1_t336,0.0
FS1_t321,0.0
FS1_t322,0.0
FS1_t323,0.0
FS1_t324,0.0
FS1_t325,0.0
FS1_t326,0.0
FS1_t327,0.0
FS1_t328,0.0
FS1_t313,0.0
FS1_t314,0.0
FS1_t315,0.0
FS1_t316,0.0
FS1_t317,0.0
FS1_t318,0.0
FS1_t319,0.0
FS1_t320,0.0
FS1_t369,0.0
FS1_t370,0.0
FS1_t371,0.0
FS1_t372,0.0
FS1_t373,0.0
FS1_t374,0.0
FS1_t375,0.0
FS1_t376,0.0
FS1_t361,0.0
FS1_t362,0.0
FS1_t363,0.0
FS1_t364,0.0
FS1_t365,0.0
FS1_t366,0.0
FS1_t367,0.0
FS1_t368,0.0
FS1_t353,0.0
FS1_t354,0.0
FS1_t355,0.0
FS1_t356,0.0
FS1_t357,0.0
FS1_t358,0.0
FS1_t359,0.0
FS1_t360,0.0
FS1_t345,0.0
FS1_t346,0.0
FS1_t347,0.0
FS1_t348,0.0
FS1_t349,0.0
FS1_t350,0.0
FS1_t351,0.0
FS1_t352,0.0
FS1_t401,0.0
FS1_t402,0.0
FS1_t403,0.0
FS1_t404,0.0
FS1_t405,0.0
FS1_t406,0.0
FS1_t407,0.0
FS1_t408,0.0
FS1_t393,0.0
FS1_t394,0.0
FS1_t395,0.0
FS1_t396,0.0
FS1_t397,0.0
FS1_t398,0.0
FS1_t399,0.0
FS1_t400,0.0
FS1_t385,0.0
FS1_t386,0.0
FS1_t387,0.0
FS1_t388,0.0
FS1_t389,0.0
FS1_t390,0.0
FS1_t391,0.0
FS1_t392,0.0
FS1_t377,0.0
FS1_t378,0.0
FS1_t379,0.0
FS1_t380,0.0
FS1_t381,0.0
FS1_t382,0.0
FS1_t383,0.0
FS1_t384,0.0
FS1_t433,0.0
FS1_t434,0.0
FS1_t435,0.0
FS1_t436,0.0
FS1_t437,0.0
FS1_t438,0.0
FS1_t439,0.0
FS1_t440,0.0
FS1_t425,0.0
FS1_t426,0.0
FS1_t427,0.0
FS1_t428,0.0
FS1_t429,0.0
FS1_t430,0.0
FS1_t431,0.0
FS1_t432,0.0
FS1_t417,0.0
FS1_t418,0.0
FS1_t419,0.0
FS1_t420,0.0
FS1_t421,0.0
FS1_t422,0.0
FS1_t423,0.0
FS1_t424,0.0
FS1_t409,0.0
FS1_t410,0.0
FS1_t411,0.0
FS1_t412,0.0
FS1_t413,0.0
FS1_t414,0.0
FS1_t415,0.0
FS1_t416,0.0
FS1_t465,0.0
FS1_t466,0.0
FS1_t467,0.0
FS1_t468,0.0
FS1_t469,0.0
FS1_t470,0.0
FS1_t471,0.0
FS1_t472,0.0
FS1_t457,0.0
FS1_t458,0.0
FS1_t459,0.0
FS1_t460,0.0
FS1_t461,0.0
FS1_t462,0.0
FS1_t463,0.0
FS1_t464,0.0
FS1_t449,0.0
FS1_t450,0.0
FS1_t451,0.0
FS1_t452,0.0
FS1_t453,0.0
FS1_t454,0.0
FS1_t455,0.0
FS1_t456,0.0
FS1_t441,0.0
FS1_t442,0.0
FS1_t443,0.0
FS1_t444,0.0
FS1_t445,0.0
FS1_t446,0.0
FS1_t447,0.0
FS1_t448,0.0
FS1_t497,0.0
FS1_t498,0.0
FS1_t499,0.0
FS1_t500,0.0
FS1_t501,0.0
FS1_t502,0.0
FS1_t503,0.0
FS1_t504,0.0
FS1_t489,0.0
FS1_t490,0.0
FS1_t491,0.0
FS1_t492,0.0
FS1_t493,0.0
FS1_t494,0.0
FS1_t495,0.0
FS1_t496,0.0
FS1_t481,0.0
FS1_t482,0.0
FS1_t483,0.0
FS1_t484,0.0
FS1_t485,0.0
FS1_t486,0.0
FS1_t487,0.0
FS1_t488,0.0
FS1_t473,0.0
FS1_t474,0.0
FS1_t475,0.0
FS1_t476,0.0
FS1_t477,0.0
FS1_t478,0.0
FS1_t479,0.0
FS1_t480,0.0
FS1_t529,0.0
FS1_t530,0.0
FS1_t531,0.0
FS1_t532,0.0
FS1_t533,0.0
FS1_t534,0.0
FS1_t535,0.0
FS1_t536,0.0
FS1_t521,0.0
FS1_t522,0.0
FS1_t523,0.0
FS1_t524,0.0
FS1_t525,0.0
FS1_t526,0.0
FS1_t527,0.0
FS1_t528,0.0
FS1_t513,0.0
FS1_t514,0.0
FS1_t515,0.0
FS1_t516,0.0
FS1_t517,0.0
FS1_t518,0.0
FS1_t519,0.0
FS1_t520,0.0
FS1_t505,0.0
FS1_t506,0.0
FS1_t507,0.0
FS1_t508,0.0
FS1_t509,0.0
FS1_t510,0.0
FS1_t511,0.0
FS1_t512,0.0
FS1_t561,0.0
FS1_t562,0.0
FS1_t563,0.0
FS1_t564,0.0
FS1_t565,0.0
FS1_t566,0.0
FS1_t567,0.0
FS1_t568,0.0
FS1_t553,0.0
FS1_t554,0.0
FS1_t555,0.0
FS1_t556,0.0
FS1_t557,0.0
FS1_t558,0.0
FS1_t559,0.0
FS1_t560,0.0
FS1_t545,0.0
FS1_t546,0.0
FS1_t547,0.0
FS1_t548,0.0
FS1_t549,0.0
FS1_t550,0.0
FS1_t551,0.0
FS1_t552,0.0
FS1_t537,0.0
FS1_t538,0.0
FS1_t539,0.0
FS1_t540,0.0
FS1_t541,0.0
FS1_t542,0.0
FS1_t543,0.0
FS1_t544,0.0
FS1_t593,0.0
FS1_t594,0.0
FS1_t595,0.0
FS1_t596,0.0
FS1_t597,0.0
FS1_t598,0.0
FS1_t599,0.0
FS1_t600,0.0
FS1_t585,0.0
FS1_t586,0.0
FS1_t587,0.0
FS1_t588,0.0
FS1_t589,0.0
FS1_t590,0.0
FS1_t591,0.0
FS1_t592,0.0
FS1_t577,0.0
FS1_t578,0.0
FS1_t579,0.0
FS1_t580,0.0
FS1_t581,0.0
FS1_t582,0.0
FS1_t583,0.0
FS1_t584,0.0
FS1_t569,0.0
FS1_t570,0.0
FS1_t571,0.0
FS1_t572,0.0
FS1_t573,0.0
FS1_t574,0.0
FS1_t575,0.0
FS1_t576,0.0
FS2_t25,0.0
FS2_t26,0.0
FS2_t27,0.0
FS2_t28,0.0
FS2_t29,0.0
FS2_t30,0.0
FS2_t31,0.0
FS2_t32,0.0
FS2_t17,0.0
FS2_t18,0.0
FS2_t19,0.0
FS2_t20,0.0
FS2_t21,0.0
FS2_t22,0.0
FS2_t23,0.0
FS2_t24,0.0
FS2_t9,0.0
FS2_t10,0.0
FS2_t11,0.0
FS2_t12,0.0
FS2_t13,0.0
FS2_t14,0.0
FS2_t15,0.0
FS2_t16,0.0
FS2_t1,0.0
FS2_t2,0.0
FS2_t3,0.0
FS2_t4,0.0
FS2_t5,0.0
FS2_t6,0.0
FS2_t7,0.0
FS2_t8,0.0
FS2_t57,0.0
FS2_t58,0.0
FS2_t59,0.0
FS2_t60,0.0
FS2_t61,0.0
FS2_t62,0.0
FS2_t63,0.0
FS2_t64,0.0
FS2_t49,0.0
FS2_t50,0.0
FS2_t51,0.0
FS2_t52,0.0
FS2_t53,0.0
FS2_t54,0.0
FS2_t55,0.0
FS2_t56,0.0
FS2_t41,0.0
FS2_t42,0.0
FS2_t43,0.0
FS2_t44,0.0
FS2_t45,0.0
FS2_t46,0.0
FS2_t47,0.0
FS2_t48,0.0
FS2_t33,0.0
FS2_t34,0.0
FS2_t35,0.0
FS2_t36,0.0
FS2_t37,0.0
FS2_t38,0.0
FS2_t39,0.0
FS2_t40,0.0
FS2_t89,0.0
FS2_t90,0.0
FS2_t91,0.0
FS2_t92,0.0
FS2_t93,0.0
FS2_t94,0.0
FS2_t95,0.0
FS2_t96,0.0
FS2_t81,0.0
FS2_t82,0.0
FS2_t83,0.0
FS2_t84,0.0
FS2_t85,0.0
FS2_t86,0.0
FS2_t87,0.0
FS2_t88,0.0
FS2_t73,0.0
FS2_t74,0.0
FS2_t75,0.0
FS2_t76,0.0
FS2_t77,0.0
FS2_t78,0.0
FS2_t79,0.0
FS2_t80,0.0
FS2_t65,0.0
FS2_t66,0.0
FS2_t67,0.0
FS2_t68,0.0
FS2_t69,0.0
FS2_t70,0.0
FS2_t71,0.0
FS2_t72,0.0
FS2_t121,0.0
FS2_t122,0.0
FS2_t123,0.0
FS2_t124,0.0
FS2_t125,0.0
FS2_t126,0.0
FS2_t127,0.0
FS2_t128,0.0
FS2_t113,0.0
FS2_t114,0.0
FS2_t115,0.0
FS2_t116,0.0
FS2_t117,0.0
FS2_t118,0.0
FS2_t119,0.0
FS2_t120,0.0
FS2_t105,0.0
FS2_t106,0.0
FS2_t107,0.0
FS2_t108,0.0
FS2_t109,0.0
FS2_t110,0.0
FS2_t111,0.0
FS2_t112,0.0
FS2_t97,0.0
FS2_t98,0.0
FS2_t99,0.0
FS2_t100,0.0
FS2_t101,0.0
FS2_t102,0.0
FS2_t103,0.0
FS2_t104,0.0
FS2_t153,0.0
FS2_t154,0.0
FS2_t155,0.0
FS2_t156,0.0
FS2_t157,0.0
FS2_t158,0.0
FS2_t159,0.0
FS2_t160,0.0
FS2_t145,0.0
FS2_t146,0.0
FS2_t147,0.0
FS2_t148,0.0
FS2_t149,0.0
FS2_t150,0.0
FS2_t151,0.0
FS2_t152,0.0
FS2_t137,0.0
FS2_t138,0.0
FS2_t139,0.0
FS2_t140,0.0
FS2_t141,0.0
FS2_t142,0.0
FS2_t143,0.0
FS2_t144,0.0
FS2_t129,0.0
FS2_t130,0.0
FS2_t131,0.0
FS2_t132,0.0
FS2_t133,0.0
FS2_t134,0.0
FS2_t135,0.0
FS2_t136,0.0
FS2_t185,0.0
FS2_t186,0.0
FS2_t187,0.0
FS2_t188,0.0
FS2_t189,0.0
FS2_t190,0.0
FS2_t191,0.0
FS2_t192,0.0
FS2_t177,0.0
FS2_t178,0.0
FS2_t179,0.0
FS2_t180,0.0
FS2_t181,0.0
FS2_t182,0.0
FS2_t183,0.0
FS2_t184,0.0
FS2_t169,0.0
FS2_t170,0.0
FS2_t171,0.0
FS2_t172,0.0
FS2_t173,0.0
FS2_t174,0.0
FS2_t175,0.0
FS2_t176,0.0
FS2_t161,0.0
FS2_t162,0.0
FS2_t163,0.0
FS2_t164,0.0
FS2_t165,0.0
FS2_t166,0.0
FS2_t167,0.0
FS2_t168,0.0
FS2_t217,0.0
FS2_t218,0.0
FS2_t219,0.0
FS2_t220,0.0
FS2_t221,0.0
FS2_t222,0.0
FS2_t223,0.0
FS2_t224,0.0
FS2_t209,0.0
FS2_t210,0.0
FS2_t211,0.0
FS2_t212,0.0
FS2_t213,0.0
FS2_t214,0.0
FS2_t215,0.0
FS2_t216,0.0
FS2_t201,0.0
FS2_t202,0.0
FS2_t203,0.0
FS2_t204,0.0
FS2_t205,0.0
FS2_t206,0.0
FS2_t207,0.0
FS2_t208,0.0
FS2_t193,0.0
FS2_t194,0.0
FS2_t195,0.0
FS2_t196,0.0
FS2_t197,0.0
FS2_t198,0.0
FS2_t199,0.0
FS2_t200,0.0
FS2_t249,0.0
FS2_t250,0.0
FS2_t251,0.0
FS2_t252,0.0
FS2_t253,0.0
FS2_t254,0.0
FS2_t255,0.0
FS2_t256,0.0
FS2_t241,0.0
FS2_t242,0.0
FS2_t243,0.0
FS2_t244,0.0
FS2_t245,0.0
FS2_t246,0.0
FS2_t247,0.0
FS2_t248,0.0
FS2_t233,0.0
FS2_t234,0.0
FS2_t235,0.0
FS2_t236,0.0
FS2_t237,0.0
FS2_t238,0.0
FS2_t239,0.0
FS2_t240,0.0
FS2_t225,0.0
FS2_t226,0.0
FS2_t227,0.0
FS2_t228,0.0
FS2_t229,0.0
FS2_t230,0.0
FS2_t231,0.0
FS2_t232,0.0
FS2_t281,0.0
FS2_t282,0.0
FS2_t283,0.0
FS2_t284,0.0
FS2_t285,0.0
FS2_t286,0.0
FS2_t287,0.0
FS2_t288,0.0
FS2_t273,0.0
FS2_t274,0.0
FS2_t275,0.0
FS2_t276,0.0
FS2_t277,0.0
FS2_t278,0.0
FS2_t279,0.0
FS2_t280,0.0
FS2_t265,0.0
FS2_t266,0.0
FS2_t267,0.0
FS2_t268,0.0
FS2_t269,0.0
FS2_t270,0.0
FS2_t271,0.0
FS2_t272,0.0
FS2_t257,0.0
FS2_t258,0.0
FS2_t259,0.0
FS2_t260,0.0
FS2_t261,0.0
FS2_t262,0.0
FS2_t263,0.0
FS2_t264,0.0
FS2_t313,0.0
FS2_t314,0.0
FS2_t315,0.0
FS2_t316,0.0
FS2_t317,0.0
FS2_t318,0.0
FS2_t319,0.0
FS2_t320,0.0
FS2_t305,0.0
FS2_t306,0.0
FS2_t307,0.0
FS2_t308,0.0
FS2_t309,0.0
FS2_t310,0.0
FS2_t311,0.0
FS2_t312,0.0
FS2_t297,0.0
FS2_t298,0.0
FS2_t299,0.0
FS2_t300,0.0
FS2_t301,0.0
FS2_t302,0.0
FS2_t303,0.0
FS2_t304,0.0
FS2_t289,0.0
FS2_t290,0.0
FS2_t291,0.0
FS2_t292,0.0
FS2_t293,0.0
FS2_t294,0.0
FS2_t295,0.0
FS2_t296,0.0
FS2_t345,0.0
FS2_t346,0.0
FS2_t347,0.0
FS2_t348,0.0
FS2_t349,0.0
FS2_t350,0.0
FS2_t351,0.0
FS2_t352,0.0
FS2_t337,0.0
FS2_t338,0.0
FS2_t339,0.0
FS2_t340,0.0
FS2_t341,0.0
FS2_t342,0.0
FS2_t343,0.0
FS2_t344,0.0
FS2_t329,0.0
FS2_t330,0.0
FS2_t331,0.0
FS2_t332,0.0
FS2_t333,0.0
FS2_t334,0.0
FS2_t335,0.0
FS2_t336,0.0
FS2_t321,0.0
FS2_t322,0.0
FS2_t323,0.0
FS2_t324,0.0
FS2_t325,0.0
FS2_t326,0.0
FS2_t327,0.0
FS2_t328,0.0
FS2_t377,0.0
FS2_t378,0.0
FS2_t379,0.0
FS2_t380,0.0
FS2_t381,0.0
FS2_t382,0.0
FS2_t383,0.0
FS2_t384,0.0
FS2_t369,0.0
FS2_t370,0.0
FS2_t371,0.0
FS2_t372,0.0
FS2_t373,0.0
FS2_t374,0.0
FS2_t375,0.0
FS2_t376,0.0
FS2_t361,0.0
FS2_t362,0.0
FS2_t363,0.0
FS2_t364,0.0
FS2_t365,0.0
FS2_t366,0.0
FS2_t367,0.0
FS2_t368,0.0
FS2_t353,0.0
FS2_t354,0.0
FS2_t355,0.0
FS2_t356,0.0
FS2_t357,0.0
FS2_t358,0.0
FS2_t359,0.0
FS2_t360,0.0
FS2_t409,0.0
FS2_t410,0.0
FS2_t411,0.0
FS2_t412,0.0
FS2_t413,0.0
FS2_t414,0.0
FS2_t415,0.0
FS2_t416,0.0
FS2_t401,0.0
FS2_t402,0.0
FS2_t403,0.0
FS2_t404,0.0
FS2_t405,0.0
FS2_t406,0.0
FS2_t407,0.0
FS2_t408,0.0
FS2_t393,0.0
FS2_t394,0.0
FS2_t395,0.0
FS2_t396,0.0
FS2_t397,0.0
FS2_t398,0.0
FS2_t399,0.0
FS2_t400,0.0
FS2_t385,0.0
FS2_t386,0.0
FS2_t387,0.0
FS2_t388,0.0
FS2_t389,0.0
FS2_t390,0.0
FS2_t391,0.0
FS2_t392,0.0
FS2_t441,0.0
FS2_t442,0.0
FS2_t443,0.0
FS2_t444,0.0
FS2_t445,0.0
FS2_t446,0.0
FS2_t447,0.0
FS2_t448,0.0
FS2_t433,0.0
FS2_t434,0.0
FS2_t435,0.0
FS2_t436,0.0
FS2_t437,0.0
FS2_t438,0.0
FS2_t439,0.0
FS2_t440,0.0
FS2_t425,0.0
FS2_t426,0.0
FS2_t427,0.0
FS2_t428,0.0
FS2_t429,0.0
FS2_t430,0.0
FS2_t431,0.0
FS2_t432,0.0
FS2_t417,0.0
FS2_t418,0.0
FS2_t419,0.0
FS2_t420,0.0
FS2_t421,0.0
FS2_t422,0.0
FS2_t423,0.0
FS2_t424,0.0
FS2_t473,0.0
FS2_t474,0.0
FS2_t475,0.0
FS2_t476,0.0
FS2_t477,0.0
FS2_t478,0.0
FS2_t479,0.0
FS2_t480,0.0
FS2_t465,0.0
FS2_t466,0.0
FS2_t467,0.0
FS2_t468,0.0
FS2_t469,0.0
FS2_t470,0.0
FS2_t471,0.0
FS2_t472,0.0
FS2_t457,0.0
FS2_t458,0.0
FS2_t459,0.0
FS2_t460,0.0
FS2_t461,0.0
FS2_t462,0.0
FS2_t463,0.0
FS2_t464,0.0
FS2_t449,0.0
FS2_t450,0.0
FS2_t451,0.0
FS2_t452,0.0
FS2_t453,0.0
FS2_t454,0.0
FS2_t455,0.0
FS2_t456,0.0
FS2_t505,0.0
FS2_t506,0.0
FS2_t507,0.0
FS2_t508,0.0
FS2_t509,0.0
FS2_t510,0.0
FS2_t511,0.0
FS2_t512,0.0
FS2_t497,0.0
FS2_t498,0.0
FS2_t499,0.0
FS2_t500,0.0
FS2_t501,0.0
FS2_t502,0.0
FS2_t503,0.0
FS2_t504,0.0
FS2_t489,0.0
FS2_t490,0.0
FS2_t491,0.0
FS2_t492,0.0
FS2_t493,0.0
FS2_t494,0.0
FS2_t495,0.0
FS2_t496,0.0
FS2_t481,0.0
FS2_t482,0.0
FS2_t483,0.0
FS2_t484,0.0
FS2_t485,0.0
FS2_t486,0.0
FS2_t487,0.0
FS2_t488,0.0
FS2_t537,0.0
FS2_t538,0.0
FS2_t539,0.0
FS2_t540,0.0
FS2_t541,0.0
FS2_t542,0.0
FS2_t543,0.0
FS2_t544,0.0
FS2_t529,0.0
FS2_t530,0.0
FS2_t531,0.0
FS2_t532,0.0
FS2_t533,0.0
FS2_t534,0.0
FS2_t535,0.0
FS2_t536,0.0
FS2_t521,0.0
FS2_t522,0.0
FS2_t523,0.0
FS2_t524,0.0
FS2_t525,0.0
FS2_t526,0.0
FS2_t527,0.0
FS2_t528,0.0
FS2_t513,0.0
FS2_t514,0.0
FS2_t515,0.0
FS2_t516,0.0
FS2_t517,0.0
FS2_t518,0.0
FS2_t519,0.0
FS2_t520,0.0
FS2_t569,0.0
FS2_t570,0.0
FS2_t571,0.0
FS2_t572,0.0
FS2_t573,0.0
FS2_t574,0.0
FS2_t575,0.0
FS2_t576,0.0
FS2_t561,0.0
FS2_t562,0.0
FS2_t563,0.0
FS2_t564,0.0
FS2_t565,0.0
FS2_t566,0.0
FS2_t567,0.0
FS2_t568,0.0
FS2_t553,0.0
FS2_t554,0.0
FS2_t555,0.0
FS2_t556,0.0
FS2_t557,0.0
FS2_t558,0.0
FS2_t559,0.0
FS2_t560,0.0
FS2_t545,0.0
FS2_t546,0.0
FS2_t547,0.0
FS2_t548,0.0
FS2_t549,0.0
FS2_t550,0.0
FS2_t551,0.0
FS2_t552,0.0
PS1_t1,0.0
PS1_t2,0.0
PS1_t3,0.0
PS1_t4,0.0
PS1_t5,0.0
PS1_t6,0.0
PS1_t7,0.0
PS1_t8,0.0
FS2_t593,0.0
FS2_t594,0.0
FS2_t595,0.0
FS2_t596,0.0
FS2_t597,0.0
FS2_t598,0.0
FS2_t599,0.0
FS2_t600,0.0
FS2_t585,0.0
FS2_t586,0.0
FS2_t587,0.0
FS2_t588,0.0
FS2_t589,0.0
FS2_t590,0.0
FS2_t591,0.0
FS2_t592,0.0
FS2_t577,0.0
FS2_t578,0.0
FS2_t579,0.0
FS2_t580,0.0
FS2_t581,0.0
FS2_t582,0.0
FS2_t583,0.0
FS2_t584,0.0
PS1_t33,0.0
PS1_t34,0.0
PS1_t35,0.0
PS1_t36,0.0
PS1_t37,0.0
PS1_t38,0.0
PS1_t39,0.0
PS1_t40,0.0
PS1_t25,0.0
PS1_t26,0.0
PS1_t27,0.0
PS1_t28,0.0
PS1_t29,0.0
PS1_t30,0.0
PS1_t31,0.0
PS1_t32,0.0
PS1_t17,0.0
PS1_t18,0.0
PS1_t19,0.0
PS1_t20,0.0
PS1_t21,0.0
PS1_t22,0.0
PS1_t23,0.0
PS1_t24,0.0
PS1_t9,0.0
PS1_t10,0.0
PS1_t11,0.0
PS1_t12,0.0
PS1_t13,0.0
PS1_t14,0.0
PS1_t15,0.0
PS1_t16,0.0
PS1_t65,0.0
PS1_t66,0.0
PS1_t67,0.0
PS1_t68,0.0
PS1_t69,0.0
PS1_t70,0.0
PS1_t71,0.0
PS1_t72,0.0
PS1_t57,0.0
PS1_t58,0.0
PS1_t59,0.0
PS1_t60,0.0
PS1_t61,0.0
PS1_t62,0.0
PS1_t63,0.0
PS1_t64,0.0
PS1_t49,0.0
PS1_t50,0.0
PS1_t51,0.0
PS1_t52,0.0
PS1_t53,0.0
PS1_t54,0.0
PS1_t55,0.0
PS1_t56,0.0
PS1_t41,0.0
PS1_t42,0.0
PS1_t43,0.0
PS1_t44,0.0
PS1_t45,0.0
PS1_t46,0.0
PS1_t47,0.0
PS1_t48,0.0
PS1_t97,0.0
PS1_t98,0.0
PS1_t99,0.0
PS1_t100,0.0
PS1_t101,0.0
PS1_t102,0.0
PS1_t103,0.0
PS1_t104,0.0
PS1_t89,0.0
PS1_t90,0.0
PS1_t91,0.0
PS1_t92,0.0
PS1_t93,0.0
PS1_t94,0.0
PS1_t95,0.0
PS1_t96,0.0
PS1_t81,0.0
PS1_t82,0.0
PS1_t83,0.0
PS1_t84,0.0
PS1_t85,0.0
PS1_t86,0.0
PS1_t87,0.0
PS1_t88,0.0
PS1_t73,0.0
PS1_t74,0.0
PS1_t75,0.0
PS1_t76,0.0
PS1_t77,0.0
PS1_t78,0.0
PS1_t79,0.0
PS1_t80,0.0
PS1_t129,0.0
PS1_t130,0.0
PS1_t131,0.0
PS1_t132,0.0
PS1_t133,0.0
PS1_t134,0.0
PS1_t135,0.0
PS1_t136,0.0
PS1_t121,0.0
PS1_t122,0.0
PS1_t123,0.0
PS1_t124,0.0
PS1_t125,0.0
PS1_t126,0.0
PS1_t127,0.0
PS1_t128,0.0
PS1_t113,0.0
PS1_t114,0.0
PS1_t115,0.0
PS1_t116,0.0
PS1_t117,0.0
PS1_t118,0.0
PS1_t119,0.0
PS1_t120,0.0
PS1_t105,0.0
PS1_t106,0.0
PS1_t107,0.0
PS1_t108,0.0
PS1_t109,0.0
PS1_t110,0.0
PS1_t111,0.0
PS1_t112,0.0
PS1_t161,0.0
PS1_t162,0.0
PS1_t163,0.0
PS1_t164,0.0
PS1_t165,0.0
PS1_t166,0.0
PS1_t167,0.0
PS1_t168,0.0
PS1_t153,0.0
PS1_t154,0.0
PS1_t155,0.0
PS1_t156,0.0
PS1_t157,0.0
PS1_t158,0.0
PS1_t159,0.0
PS1_t160,0.0
PS1_t145,0.0
PS1_t146,0.0
PS1_t147,0.0
PS1_t148,0.0
PS1_t149,0.0
PS1_t150,0.0
PS1_t151,0.0
PS1_t152,0.0
PS1_t137,0.0
PS1_t138,0.0
PS1_t139,0.0
PS1_t140,0.0
PS1_t141,0.0
PS1_t142,0.0
PS1_t143,0.0
PS1_t144,0.0
PS1_t193,0.0
PS1_t194,0.0
PS1_t195,0.0
PS1_t196,0.0
PS1_t197,0.0
PS1_t198,0.0
PS1_t199,0.0
PS1_t200,0.0
PS1_t185,0.0
PS1_t186,0.0
PS1_t187,0.0
PS1_t188,0.0
PS1_t189,0.0
PS1_t190,0.0
PS1_t191,0.0
PS1_t192,0.0
PS1_t177,0.0
PS1_t178,0.0
PS1_t179,0.0
PS1_t180,0.0
PS1_t181,0.0
PS1_t182,0.0
PS1_t183,0.0
PS1_t184,0.0
PS1_t169,0.0
PS1_t170,0.0
PS1_t171,0.0
PS1_t172,0.0
PS1_t173,0.0
PS1_t174,0.0
PS1_t175,0.0
PS1_t176,0.0
PS1_t225,0.0
PS1_t226,0.0
PS1_t227,0.0
PS1_t228,0.0
PS1_t229,0.0
PS1_t230,0.0
PS1_t231,0.0
PS1_t232,0.0
PS1_t217,0.0
PS1_t218,0.0
PS1_t219,0.0
PS1_t220,0.0
PS1_t221,0.0
PS1_t222,0.0
PS1_t223,0.0
PS1_t224,0.0
PS1_t209,0.0
PS1_t210,0.0
PS1_t211,0.0
PS1_t212,0.0
PS1_t213,0.0
PS1_t214,0.0
PS1_t215,0.0
PS1_t216,0.0
PS1_t201,0.0
PS1_t202,0.0
PS1_t203,0.0
PS1_t204,0.0
PS1_t205,0.0
PS1_t206,0.0
PS1_t207,0.0
PS1_t208,0.0
PS1_t257,0.0
PS1_t258,0.0
PS1_t259,0.0
PS1_t260,0.0
PS1_t261,0.0
PS1_t262,0.0
PS1_t263,0.0
PS1_t264,0.0
PS1_t249,0.0
PS1_t250,0.0
PS1_t251,0.0
PS1_t252,0.0
PS1_t253,0.0
PS1_t254,0.0
PS1_t255,0.0
PS1_t256,0.0
PS1_t241,0.0
PS1_t242,0.0
PS1_t243,0.0
PS1_t244,0.0
PS1_t245,0.0
PS1_t246,0.0
PS1_t247,0.0
PS1_t248,0.0
PS1_t233,0.0
PS1_t234,0.0
PS1_t235,0.0
PS1_t236,0.0
PS1_t237,0.0
PS1_t238,0.0
PS1_t239,0.0
PS1_t240,0.0
PS1_t289,0.0
PS1_t290,0.0
PS1_t291,0.0
PS1_t292,0.0
PS1_t293,0.0
PS1_t294,0.0
PS1_t295,0.0
PS1_t296,0.0
PS1_t281,0.0
PS1_t282,0.0
PS1_t283,0.0
PS1_t284,0.0
PS1_t285,0.0
PS1_t286,0.0
PS1_t287,0.0
PS1_t288,0.0
PS1_t273,0.0
PS1_t274,0.0
PS1_t275,0.0
PS1_t276,0.0
PS1_t277,0.0
PS1_t278,0.0
PS1_t279,0.0
PS1_t280,0.0
PS1_t265,0.0
PS1_t266,0.0
PS1_t267,0.0
PS1_t268,0.0
PS1_t269,0.0
PS1_t270,0.0
PS1_t271,0.0
PS1_t272,0.0
PS1_t321,0.0
PS1_t322,0.0
PS1_t323,0.0
PS1_t324,0.0
PS1_t325,0.0
PS1_t326,0.0
PS1_t327,0.0
PS1_t328,0.0
PS1_t313,0.0
PS1_t314,0.0
PS1_t315,0.0
PS1_t316,0.0
PS1_t317,0.0
PS1_t318,0.0
PS1_t319,0.0
PS1_t320,0.0
PS1_t305,0.0
PS1_t306,0.0
PS1_t307,0.0
PS1_t308,0.0
PS1_t309,0.0
PS1_t310,0.0
PS1_t311,0.0
PS1_t312,0.0
PS1_t297,0.0
PS1_t298,0.0
PS1_t299,0.0
PS1_t300,0.0
PS1_t301,0.0
PS1_t302,0.0
PS1_t303,0.0
PS1_t304,0.0
PS1_t353,0.0
PS1_t354,0.0
PS1_t355,0.0
PS1_t356,0.0
PS1_t357,0.0
PS1_t358,0.0
PS1_t359,0.0
PS1_t360,0.0
PS1_t345,0.0
PS1_t346,0.0
PS1_t347,0.0
PS1_t348,0.0
PS1_t349,0.0
PS1_t350,0.0
PS1_t351,0.0
PS1_t352,0.0
PS1_t337,0.0
PS1_t338,0.0
PS1_t339,0.0
PS1_t340,0.0
PS1_t341,0.0
PS1_t342,0.0
PS1_t343,0.0
PS1_t344,0.0
PS1_t329,0.0
PS1_t330,0.0
PS1_t331,0.0
PS1_t332,0.0
PS1_t333,0.0
PS1_t334,0.0
PS1_t335,0.0
PS1_t336,0.0
PS1_t385,0.0
PS1_t386,0.0
PS1_t387,0.0
PS1_t388,0.0
PS1_t389,0.0
PS1_t390,0.0
PS1_t391,0.0
PS1_t392,0.0
PS1_t377,0.0
PS1_t378,0.0
PS1_t379,0.0
PS1_t380,0.0
PS1_t381,0.0
PS1_t382,0.0
PS1_t383,0.0
PS1_t384,0.0
PS1_t369,0.0
PS1_t370,0.0
PS1_t371,0.0
PS1_t372,0.0
PS1_t373,0.0
PS1_t374,0.0
PS1_t375,0.0
PS1_t376,0.0
PS1_t361,0.0
PS1_t362,0.0
PS1_t363,0.0
PS1_t364,0.0
PS1_t365,0.0
PS1_t366,0.0
PS1_t367,0.0
PS1_t368,0.0
PS1_t417,0.0
PS1_t418,0.0
PS1_t419,0.0
PS1_t420,0.0
PS1_t421,0.0
PS1_t422,0.0
PS1_t423,0.0
PS1_t424,0.0
PS1_t409,0.0
PS1_t410,0.0
PS1_t411,0.0
PS1_t412,0.0
PS1_t413,0.0
PS1_t414,0.0
PS1_t415,0.0
PS1_t416,0.0
PS1_t401,0.0
PS1_t402,0.0
PS1_t403,0.0
PS1_t404,0.0
PS1_t405,0.0
PS1_t406,0.0
PS1_t407,0.0
PS1_t408,0.0
PS1_t393,0.0
PS1_t394,0.0
PS1_t395,0.0
PS1_t396,0.0
PS1_t397,0.0
PS1_t398,0.0
PS1_t399,0.0
PS1_t400,0.0
PS1_t449,0.0
PS1_t450,0.0
PS1_t451,0.0
PS1_t452,0.0
PS1_t453,0.0
PS1_t454,0.0
PS1_t455,0.0
PS1_t456,0.0
PS1_t441,0.0
PS1_t442,0.0
PS1_t443,0.0
PS1_t444,0.0
PS1_t445,0.0
PS1_t446,0.0
PS1_t447,0.0
PS1_t448,0.0
PS1_t433,0.0
PS1_t434,0.0
PS1_t435,0.0
PS1_t436,0.0
PS1_t437,0.0
PS1_t438,0.0
PS1_t439,0.0
PS1_t440,0.0
PS1_t425,0.0
PS1_t426,0.0
PS1_t427,0.0
PS1_t428,0.0
PS1_t429,0.0
PS1_t430,0.0
PS1_t431,0.0
PS1_t432,0.0
PS1_t481,0.0
PS1_t482,0.0
PS1_t483,0.0
PS1_t484,0.0
PS1_t485,0.0
PS1_t486,0.0
PS1_t487,0.0
PS1_t488,0.0
PS1_t473,0.0
PS1_t474,0.0
PS1_t475,0.0
PS1_t476,0.0
PS1_t477,0.0
PS1_t478,0.0
PS1_t479,0.0
PS1_t480,0.0
PS1_t465,0.0
PS1_t466,0.0
PS1_t467,0.0
PS1_t468,0.0
PS1_t469,0.0
PS1_t470,0.0
PS1_t471,0.0
PS1_t472,0.0
PS1_t457,0.0
PS1_t458,0.0
PS1_t459,0.0
PS1_t460,0.0
PS1_t461,0.0
PS1_t462,0.0
PS1_t463,0.0
PS1_t464,0.0
PS1_t513,0.0
PS1_t514,0.0
PS1_t515,0.0
PS1_t516,0.0
PS1_t517,0.0
PS1_t518,0.0
PS1_t519,0.0
PS1_t520,0.0
PS1_t505,0.0
PS1_t506,0.0
PS1_t507,0.0
PS1_t508,0.0
PS1_t509,0.0
PS1_t510,0.0
PS1_t511,0.0
PS1_t512,0.0
PS1_t497,0.0
PS1_t498,0.0
PS1_t499,0.0
PS1_t500,0.0
PS1_t501,0.0
PS1_t502,0.0
PS1_t503,0.0
PS1_t504,0.0
PS1_t489,0.0
PS1_t490,0.0
PS1_t491,0.0
PS1_t492,0.0
PS1_t493,0.0
PS1_t494,0.0
PS1_t495,0.0
PS1_t496,0.0
PS1_t545,0.0
PS1_t546,0.0
PS1_t547,0.0
PS1_t548,0.0
PS1_t549,0.0
PS1_t550,0.0
PS1_t551,0.0
PS1_t552,0.0
PS1_t537,0.0
PS1_t538,0.0
PS1_t539,0.0
PS1_t540,0.0
PS1_t541,0.0
PS1_t542,0.0
PS1_t543,0.0
PS1_t544,0.0
PS1_t529,0.0
PS1_t530,0.0
PS1_t531,0.0
PS1_t532,0.0
PS1_t533,0.0
PS1_t534,0.0
PS1_t535,0.0
PS1_t536,0.0
PS1_t521,0.0
PS1_t522,0.0
PS1_t523,0.0
PS1_t524,0.0
PS1_t525,0.0
PS1_t526,0.0
PS1_t527,0.0
PS1_t528,0.0
PS1_t577,0.0
PS1_t578,0.0
PS1_t579,0.0
PS1_t580,0.0
PS1_t581,0.0
PS1_t582,0.0
PS1_t583,0.0
PS1_t584,0.0
PS1_t569,0.0
PS1_t570,0.0
PS1_t571,0.0
PS1_t572,0.0
PS1_t573,0.0
PS1_t574,0.0
PS1_t575,0.0
PS1_t576,0.0
PS1_t561,0.0
PS1_t562,0.0
PS1_t563,0.0
PS1_t564,0.0
PS1_t565,0.0
PS1_t566,0.0
PS1_t567,0.0
PS1_t568,0.0
PS1_t553,0.0
PS1_t554,0.0
PS1_t555,0.0
PS1_t556,0.0
PS1_t557,0.0
PS1_t558,0.0
PS1_t559,0.0
PS1_t560,0.0
PS1_t609,0.0
PS1_t610,0.0
PS1_t611,0.0
PS1_t612,0.0
PS1_t613,0.0
PS1_t614,0.0
PS1_t615,0.0
PS1_t616,0.0
PS1_t601,0.0
PS1_t602,0.0
PS1_t603,0.0
PS1_t604,0.0
PS1_t605,0.0
PS1_t606,0.0
PS1_t607,0.0
PS1_t608,0.0
PS1_t593,0.0
PS1_t594,0.0
PS1_t595,0.0
PS1_t596,0.0
PS1_t597,0.0
PS1_t598,0.0
PS1_t599,0.0
PS1_t600,0.0
PS1_t585,0.0
PS1_t586,0.0
PS1_t587,0.0
PS1_t588,0.0
PS1_t589,0.0
PS1_t590,0.0
PS1_t591,0.0
PS1_t592,0.0
PS1_t641,0.0
PS1_t642,0.0
PS1_t643,0.0
PS1_t644,0.0
PS1_t645,0.0
PS1_t646,0.0
PS1_t647,0.0
PS1_t648,0.0
PS1_t633,0.0
PS1_t634,0.0
PS1_t635,0.0
PS1_t636,0.0
PS1_t637,0.0
PS1_t638,0.0
PS1_t639,0.0
PS1_t640,0.0
PS1_t625,0.0
PS1_t626,0.0
PS1_t627,0.0
PS1_t628,0.0
PS1_t629,0.0
PS1_t630,0.0
PS1_t631,0.0
PS1_t632,0.0
PS1_t617,0.0
PS1_t618,0.0
PS1_t619,0.0
PS1_t620,0.0
PS1_t621,0.0
PS1_t622,0.0
PS1_t623,0.0
PS1_t624,0.0
PS1_t673,0.0
PS1_t674,0.0
PS1_t675,0.0
PS1_t676,0.0
PS1_t677,0.0
PS1_t678,0.0
PS1_t679,0.0
PS1_t680,0.0
PS1_t665,0.0
PS1_t666,0.0
PS1_t667,0.0
PS1_t668,0.0
PS1_t669,0.0
PS1_t670,0.0
PS1_t671,0.0
PS1_t672,0.0
PS1_t657,0.0
PS1_t658,0.0
PS1_t659,0.0
PS1_t660,0.0
PS1_t661,0.0
PS1_t662,0.0
PS1_t663,0.0
PS1_t664,0.0
PS1_t649,0.0
PS1_t650,0.0
PS1_t651,0.0
PS1_t652,0.0
PS1_t653,0.0
PS1_t654,0.0
PS1_t655,0.0
PS1_t656,0.0
PS1_t705,0.0
PS1_t706,0.0
PS1_t707,0.0
PS1_t708,0.0
PS1_t709,0.0
PS1_t710,0.0
PS1_t711,0.0
PS1_t712,0.0
PS1_t697,0.0
PS1_t698,0.0
PS1_t699,0.0
PS1_t700,0.0
PS1_t701,0.0
PS1_t702,0.0
PS1_t703,0.0
PS1_t704,0.0
PS1_t689,0.0
PS1_t690,0.0
PS1_t691,0.0
PS1_t692,0.0
PS1_t693,0.0
PS1_t694,0.0
PS1_t695,0.0
PS1_t696,0.0
PS1_t681,0.0
PS1_t682,0.0
PS1_t683,0.0
PS1_t684,0.0
PS1_t685,0.0
PS1_t686,0.0
PS1_t687,0.0
PS1_t688,0.0
PS1_t737,0.0
PS1_t738,0.0
PS1_t739,0.0
PS1_t740,0.0
PS1_t741,0.0
PS1_t742,0.0
PS1_t743,0.0
PS1_t744,0.0
PS1_t729,0.0
PS1_t730,0.0
PS1_t731,0.0
PS1_t732,0.0
PS1_t733,0.0
PS1_t734,0.0
PS1_t735,0.0
PS1_t736,0.0
PS1_t721,0.0
PS1_t722,0.0
PS1_t723,0.0
PS1_t724,0.0
PS1_t725,0.0
PS1_t726,0.0
PS1_t727,0.0
PS1_t728,0.0
PS1_t713,0.0
PS1_t714,0.0
PS1_t715,0.0
PS1_t716,0.0
PS1_t717,0.0
PS1_t718,0.0
PS1_t719,0.0
PS1_t720,0.0
PS1_t769,0.0
PS1_t770,0.0
PS1_t771,0.0
PS1_t772,0.0
PS1_t773,0.0
PS1_t774,0.0
PS1_t775,0.0
PS1_t776,0.0
PS1_t761,0.0
PS1_t762,0.0
PS1_t763,0.0
PS1_t764,0.0
PS1_t765,0.0
PS1_t766,0.0
PS1_t767,0.0
PS1_t768,0.0
PS1_t753,0.0
PS1_t754,0.0
PS1_t755,0.0
PS1_t756,0.0
PS1_t757,0.0
PS1_t758,0.0
PS1_t759,0.0
PS1_t760,0.0
PS1_t745,0.0
PS1_t746,0.0
PS1_t747,0.0
PS1_t748,0.0
PS1_t749,0.0
PS1_t750,0.0
PS1_t751,0.0
PS1_t752,0.0
PS1_t801,0.0
PS1_t802,0.0
PS1_t803,0.0
PS1_t804,0.0
PS1_t805,0.0
PS1_t806,0.0
PS1_t807,0.0
PS1_t808,0.0
PS1_t793,0.0
PS1_t794,0.0
PS1_t795,0.0
PS1_t796,0.0
PS1_t797,0.0
PS1_t798,0.0
PS1_t799,0.0
PS1_t800,0.0
PS1_t785,0.0
PS1_t786,0.0
PS1_t787,0.0
PS1_t788,0.0
PS1_t789,0.0
PS1_t790,0.0
PS1_t791,0.0
PS1_t792,0.0
PS1_t777,0.0
PS1_t778,0.0
PS1_t779,0.0
PS1_t780,0.0
PS1_t781,0.0
PS1_t782,0.0
PS1_t783,0.0
PS1_t784,0.0
PS1_t833,0.0
PS1_t834,0.0
PS1_t835,0.0
PS1_t836,0.0
PS1_t837,0.0
PS1_t838,0.0
PS1_t839,0.0
PS1_t840,0.0
PS1_t825,0.0
PS1_t826,0.0
PS1_t827,0.0
PS1_t828,0.0
PS1_t829,0.0
PS1_t830,0.0
PS1_t831,0.0
PS1_t832,0.0
PS1_t817,0.0
PS1_t818,0.0
PS1_t819,0.0
PS1_t820,0.0
PS1_t821,0.0
PS1_t822,0.0
PS1_t823,0.0
PS1_t824,0.0
PS1_t809,0.0
PS1_t810,0.0
PS1_t811,0.0
PS1_t812,0.0
PS1_t813,0.0
PS1_t814,0.0
PS1_t815,0.0
PS1_t816,0.0
PS1_t865,0.0
PS1_t866,0.0
PS1_t867,0.0
PS1_t868,0.0
PS1_t869,0.0
PS1_t870,0.0
PS1_t871,0.0
PS1_t872,0.0
PS1_t857,0.0
PS1_t858,0.0
PS1_t859,0.0
PS1_t860,0.0
PS1_t861,0.0
PS1_t862,0.0
PS1_t863,0.0
PS1_t864,0.0
PS1_t849,0.0
PS1_t850,0.0
PS1_t851,0.0
PS1_t852,0.0
PS1_t853,0.0
PS1_t854,0.0
PS1_t855,0.0
PS1_t856,0.0
PS1_t841,0.0
PS1_t842,0.0
PS1_t843,0.0
PS1_t844,0.0
PS1_t845,0.0
PS1_t846,0.0
PS1_t847,0.0
PS1_t848,0.0
PS1_t897,0.0
PS1_t898,0.0
PS1_t899,0.0
PS1_t900,0.0
PS1_t901,0.0
PS1_t902,0.0
PS1_t903,0.0
PS1_t904,0.0
PS1_t889,0.0
PS1_t890,0.0
PS1_t891,0.0
PS1_t892,0.0
PS1_t893,0.0
PS1_t894,0.0
PS1_t895,0.0
PS1_t896,0.0
PS1_t881,0.0
PS1_t882,0.0
PS1_t883,0.0
PS1_t884,0.0
PS1_t885,0.0
PS1_t886,0.0
PS1_t887,0.0
PS1_t888,0.0
PS1_t873,0.0
PS1_t874,0.0
PS1_t875,0.0
PS1_t876,0.0
PS1_t877,0.0
PS1_t878,0.0
PS1_t879,0.0
PS1_t880,0.0
PS1_t929,0.0
PS1_t930,0.0
PS1_t931,0.0
PS1_t932,0.0
PS1_t933,0.0
PS1_t934,0.0
PS1_t935,0.0
PS1_t936,0.0
PS1_t921,0.0
PS1_t922,0.0
PS1_t923,0.0
PS1_t924,0.0
PS1_t925,0.0
PS1_t926,0.0
PS1_t927,0.0
PS1_t928,0.0
PS1_t913,0.0
PS1_t914,0.0
PS1_t915,0.0
PS1_t916,0.0
PS1_t917,0.0
PS1_t918,0.0
PS1_t919,0.0
PS1_t920,0.0
PS1_t905,0.0
PS1_t906,0.0
PS1_t907,0.0
PS1_t908,0.0
PS1_t909,0.0
PS1_t910,0.0
PS1_t911,0.0
PS1_t912,0.0
PS1_t961,0.0
PS1_t962,0.0
PS1_t963,0.0
PS1_t964,0.0
PS1_t965,0.0
PS1_t966,0.0
PS1_t967,0.0
PS1_t968,0.0
PS1_t953,0.0
PS1_t954,0.0
PS1_t955,0.0
PS1_t956,0.0
PS1_t957,0.0
PS1_t958,0.0
PS1_t959,0.0
PS1_t960,0.0
PS1_t945,0.0
PS1_t946,0.0
PS1_t947,0.0
PS1_t948,0.0
PS1_t949,0.0
PS1_t950,0.0
PS1_t951,0.0
PS1_t952,0.0
PS1_t937,0.0
PS1_t938,0.0
PS1_t939,0.0
PS1_t940,0.0
PS1_t941,0.0
PS1_t942,0.0
PS1_t943,0.0
PS1_t944,0.0
PS1_t993,0.0
PS1_t994,0.0
PS1_t995,0.0
PS1_t996,0.0
PS1_t997,0.0
PS1_t998,0.0
PS1_t999,0.0
PS1_t1000,0.0
PS1_t985,0.0
PS1_t986,0.0
PS1_t987,0.0
PS1_t988,0.0
PS1_t989,0.0
PS1_t990,0.0
PS1_t991,0.0
PS1_t992,0.0
PS1_t977,0.0
PS1_t978,0.0
PS1_t979,0.0
PS1_t980,0.0
PS1_t981,0.0
PS1_t982,0.0
PS1_t983,0.0
PS1_t984,0.0
PS1_t969,0.0
PS1_t970,0.0
PS1_t971,0.0
PS1_t972,0.0
PS1_t973,0.0
PS1_t974,0.0
PS1_t975,0.0
PS1_t976,0.0
PS1_t1025,0.0
PS1_t1026,0.0
PS1_t1027,0.0
PS1_t1028,0.0
PS1_t1029,0.0
PS1_t1030,0.0
PS1_t1031,0.0
PS1_t1032,0.0
PS1_t1017,0.0
PS1_t1018,0.0
PS1_t1019,0.0
PS1_t1020,0.0
PS1_t1021,0.0
PS1_t1022,0.0
PS1_t1023,0.0
PS1_t1024,0.0
PS1_t1009,0.0
PS1_t1010,0.0
PS1_t1011,0.0
PS1_t1012,0.0
PS1_t1013,0.0
PS1_t1014,0.0
PS1_t1015,0.0
PS1_t1016,0.0
PS1_t1001,0.0
PS1_t1002,0.0
PS1_t1003,0.0
PS1_t1004,0.0
PS1_t1005,0.0
PS1_t1006,0.0
PS1_t1007,0.0
PS1_t1008,0.0
PS1_t1057,0.0
PS1_t1058,0.0
PS1_t1059,0.0
PS1_t1060,0.0
PS1_t1061,0.0
PS1_t1062,0.0
PS1_t1063,0.0
PS1_t1064,0.0
PS1_t1049,0.0
PS1_t1050,0.0
PS1_t1051,0.0
PS1_t1052,0.0
PS1_t1053,0.0
PS1_t1054,0.0
PS1_t1055,0.0
PS1_t1056,0.0
PS1_t1041,0.0
PS1_t1042,0.0
PS1_t1043,0.0
PS1_t1044,0.0
PS1_t1045,0.0
PS1_t1046,0.0
PS1_t1047,0.0
PS1_t1048,0.0
PS1_t1033,0.0
PS1_t1034,0.0
PS1_t1035,0.0
PS1_t1036,0.0
PS1_t1037,0.0
PS1_t1038,0.0
PS1_t1039,0.0
PS1_t1040,0.0
PS1_t1089,0.0
PS1_t1090,0.0
PS1_t1091,0.0
PS1_t1092,0.0
PS1_t1093,0.0
PS1_t1094,0.0
PS1_t1095,0.0
PS1_t1096,0.0
PS1_t1081,0.0
PS1_t1082,0.0
PS1_t1083,0.0
PS1_t1084,0.0
PS1_t1085,0.0
PS1_t1086,0.0
PS1_t1087,0.0
PS1_t1088,0.0
PS1_t1073,0.0
PS1_t1074,0.0
PS1_t1075,0.0
PS1_t1076,0.0
PS1_t1077,0.0
PS1_t1078,0.0
PS1_t1079,0.0
PS1_t1080,0.0
PS1_t1065,0.0
PS1_t1066,0.0
PS1_t1067,0.0
PS1_t1068,0.0
PS1_t1069,0.0
PS1_t1070,0.0
PS1_t1071,0.0
PS1_t1072,0.0
PS1_t1121,0.0
PS1_t1122,0.0
PS1_t1123,0.0
PS1_t1124,0.0
PS1_t1125,0.0
PS1_t1126,0.0
PS1_t1127,0.0
PS1_t1128,0.0
PS1_t1113,0.0
PS1_t1114,0.0
PS1_t1115,0.0
PS1_t1116,0.0
PS1_t1117,0.0
PS1_t1118,0.0
PS1_t1119,0.0
PS1_t1120,0.0
PS1_t1105,0.0
PS1_t1106,0.0
PS1_t1107,0.0
PS1_t1108,0.0
PS1_t1109,0.0
PS1_t1110,0.0
PS1_t1111,0.0
PS1_t1112,0.0
PS1_t1097,0.0
PS1_t1098,0.0
PS1_t1099,0.0
PS1_t1100,0.0
PS1_t1101,0.0
PS1_t1102,0.0
PS1_t1103,0.0
PS1_t1104,0.0
PS1_t1153,0.0
PS1_t1154,0.0
PS1_t1155,0.0
PS1_t1156,0.0
PS1_t1157,0.0
PS1_t1158,0.0
PS1_t1159,0.0
PS1_t1160,0.0
PS1_t1145,0.0
PS1_t1146,0.0
PS1_t1147,0.0
PS1_t1148,0.0
PS1_t1149,0.0
PS1_t1150,0.0
PS1_t1151,0.0
PS1_t1152,0.0
PS1_t1137,0.0
PS1_t1138,0.0
PS1_t1139,0.0
PS1_t1140,0.0
PS1_t1141,0.0
PS1_t1142,0.0
PS1_t1143,0.0
PS1_t1144,0.0
PS1_t1129,0.0
PS1_t1130,0.0
PS1_t1131,0.0
PS1_t1132,0.0
PS1_t1133,0.0
PS1_t1134,0.0
PS1_t1135,0.0
PS1_t1136,0.0
PS1_t1185,0.0
PS1_t1186,0.0
PS1_t1187,0.0
PS1_t1188,0.0
PS1_t1189,0.0
PS1_t1190,0.0
PS1_t1191,0.0
PS1_t1192,0.0
PS1_t1177,0.0
PS1_t1178,0.0
PS1_t1179,0.0
PS1_t1180,0.0
PS1_t1181,0.0
PS1_t1182,0.0
PS1_t1183,0.0
PS1_t1184,0.0
PS1_t1169,0.0
PS1_t1170,0.0
PS1_t1171,0.0
PS1_t1172,0.0
PS1_t1173,0.0
PS1_t1174,0.0
PS1_t1175,0.0
PS1_t1176,0.0
PS1_t1161,0.0
PS1_t1162,0.0
PS1_t1163,0.0
PS1_t1164,0.0
PS1_t1165,0.0
PS1_t1166,0.0
PS1_t1167,0.0
PS1_t1168,0.0
PS1_t1217,0.0
PS1_t1218,0.0
PS1_t1219,0.0
PS1_t1220,0.0
PS1_t1221,0.0
PS1_t1222,0.0
PS1_t1223,0.0
PS1_t1224,0.0
PS1_t1209,0.0
PS1_t1210,0.0
PS1_t1211,0.0
PS1_t1212,0.0
PS1_t1213,0.0
PS1_t1214,0.0
PS1_t1215,0.0
PS1_t1216,0.0
PS1_t1201,0.0
PS1_t1202,0.0
PS1_t1203,0.0
PS1_t1204,0.0
PS1_t1205,0.0
PS1_t1206,0.0
PS1_t1207,0.0
PS1_t1208,0.0
PS1_t1193,0.0
PS1_t1194,0.0
PS1_t1195,0.0
PS1_t1196,0.0
PS1_t1197,0.0
PS1_t1198,0.0
PS1_t1199,0.0
PS1_t1200,0.0
PS1_t1249,0.0
PS1_t1250,0.0
PS1_t1251,0.0
PS1_t1252,0.0
PS1_t1253,0.0
PS1_t1254,0.0
PS1_t1255,0.0
PS1_t1256,0.0
PS1_t1241,0.0
PS1_t1242,0.0
PS1_t1243,0.0
PS1_t1244,0.0
PS1_t1245,0.0
PS1_t1246,0.0
PS1_t1247,0.0
PS1_t1248,0.0
PS1_t1233,0.0
PS1_t1234,0.0
PS1_t1235,0.0
PS1_t1236,0.0
PS1_t1237,0.0
PS1_t1238,0.0
PS1_t1239,0.0
PS1_t1240,0.0
PS1_t1225,0.0
PS1_t1226,0.0
PS1_t1227,0.0
PS1_t1228,0.0
PS1_t1229,0.0
PS1_t1230,0.0
PS1_t1231,0.0
PS1_t1232,0.0
PS1_t1281,0.0
PS1_t1282,0.0
PS1_t1283,0.0
PS1_t1284,0.0
PS1_t1285,0.0
PS1_t1286,0.0
PS1_t1287,0.0
PS1_t1288,0.0
PS1_t1273,0.0
PS1_t1274,0.0
PS1_t1275,0.0
PS1_t1276,0.0
PS1_t1277,0.0
PS1_t1278,0.0
PS1_t1279,0.0
PS1_t1280,0.0
PS1_t1265,0.0
PS1_t1266,0.0
PS1_t1267,0.0
PS1_t1268,0.0
PS1_t1269,0.0
PS1_t1270,0.0
PS1_t1271,0.0
PS1_t1272,0.0
PS1_t1257,0.0
PS1_t1258,0.0
PS1_t1259,0.0
PS1_t1260,0.0
PS1_t1261,0.0
PS1_t1262,0.0
PS1_t1263,0.0
PS1_t1264,0.0
PS1_t1313,0.0
PS1_t1314,0.0
PS1_t1315,0.0
PS1_t1316,0.0
PS1_t1317,0.0
PS1_t1318,0.0
PS1_t1319,0.0
PS1_t1320,0.0
PS1_t1305,0.0
PS1_t1306,0.0
PS1_t1307,0.0
PS1_t1308,0.0
PS1_t1309,0.0
PS1_t1310,0.0
PS1_t1311,0.0
PS1_t1312,0.0
PS1_t1297,0.0
PS1_t1298,0.0
PS1_t1299,0.0
PS1_t1300,0.0
PS1_t1301,0.0
PS1_t1302,0.0
PS1_t1303,0.0
PS1_t1304,0.0
PS1_t1289,0.0
PS1_t1290,0.0
PS1_t1291,0.0
PS1_t1292,0.0
PS1_t1293,0.0
PS1_t1294,0.0
PS1_t1295,0.0
PS1_t1296,0.0
PS1_t1345,0.0
PS1_t1346,0.0
PS1_t1347,0.0
PS1_t1348,0.0
PS1_t1349,0.0
PS1_t1350,0.0
PS1_t1351,0.0
PS1_t1352,0.0
PS1_t1337,0.0
PS1_t1338,0.0
PS1_t1339,0.0
PS1_t1340,0.0
PS1_t1341,0.0
PS1_t1342,0.0
PS1_t1343,0.0
PS1_t1344,0.0
PS1_t1329,0.0
PS1_t1330,0.0
PS1_t1331,0.0
PS1_t1332,0.0
PS1_t1333,0.0
PS1_t1334,0.0
PS1_t1335,0.0
PS1_t1336,0.0
PS1_t1321,0.0
PS1_t1322,0.0
PS1_t1323,0.0
PS1_t1324,0.0
PS1_t1325,0.0
PS1_t1326,0.0
PS1_t1327,0.0
PS1_t1328,0.0
PS1_t1377,0.0
PS1_t1378,0.0
PS1_t1379,0.0
PS1_t1380,0.0
PS1_t1381,0.0
PS1_t1382,0.0
PS1_t1383,0.0
PS1_t1384,0.0
PS1_t1369,0.0
PS1_t1370,0.0
PS1_t1371,0.0
PS1_t1372,0.0
PS1_t1373,0.0
PS1_t1374,0.0
PS1_t1375,0.0
PS1_t1376,0.0
PS1_t1361,0.0
PS1_t1362,0.0
PS1_t1363,0.0
PS1_t1364,0.0
PS1_t1365,0.0
PS1_t1366,0.0
PS1_t1367,0.0
PS1_t1368,0.0
PS1_t1353,0.0
PS1_t1354,0.0
PS1_t1355,0.0
PS1_t1356,0.0
PS1_t1357,0.0
PS1_t1358,0.0
PS1_t1359,0.0
PS1_t1360,0.0
PS1_t1409,0.0
PS1_t1410,0.0
PS1_t1411,0.0
PS1_t1412,0.0
PS1_t1413,0.0
PS1_t1414,0.0
PS1_t1415,0.0
PS1_t1416,0.0
PS1_t1401,0.0
PS1_t1402,0.0
PS1_t1403,0.0
PS1_t1404,0.0
PS1_t1405,0.0
PS1_t1406,0.0
PS1_t1407,0.0
PS1_t1408,0.0
PS1_t1393,0.0
PS1_t1394,0.0
PS1_t1395,0.0
PS1_t1396,0.0
PS1_t1397,0.0
PS1_t1398,0.0
PS1_t1399,0.0
PS1_t1400,0.0
PS1_t1385,0.0
PS1_t1386,0.0
PS1_t1387,0.0
PS1_t1388,0.0
PS1_t1389,0.0
PS1_t1390,0.0
PS1_t1391,0.0
PS1_t1392,0.0
PS1_t1441,0.0
PS1_t1442,0.0
PS1_t1443,0.0
PS1_t1444,0.0
PS1_t1445,0.0
PS1_t1446,0.0
PS1_t1447,0.0
PS1_t1448,0.0
PS1_t1433,0.0
PS1_t1434,0.0
PS1_t1435,0.0
PS1_t1436,0.0
PS1_t1437,0.0
PS1_t1438,0.0
PS1_t1439,0.0
PS1_t1440,0.0
PS1_t1425,0.0
PS1_t1426,0.0
PS1_t1427,0.0
PS1_t1428,0.0
PS1_t1429,0.0
PS1_t1430,0.0
PS1_t1431,0.0
PS1_t1432,0.0
PS1_t1417,0.0
PS1_t1418,0.0
PS1_t1419,0.0
PS1_t1420,0.0
PS1_t1421,0.0
PS1_t1422,0.0
PS1_t1423,0.0
PS1_t1424,0.0
PS1_t1473,0.0
PS1_t1474,0.0
PS1_t1475,0.0
PS1_t1476,0.0
PS1_t1477,0.0
PS1_t1478,0.0
PS1_t1479,0.0
PS1_t1480,0.0
PS1_t1465,0.0
PS1_t1466,0.0
PS1_t1467,0.0
PS1_t1468,0.0
PS1_t1469,0.0
PS1_t1470,0.0
PS1_t1471,0.0
PS1_t1472,0.0
PS1_t1457,0.0
PS1_t1458,0.0
PS1_t1459,0.0
PS1_t1460,0.0
PS1_t1461,0.0
PS1_t1462,0.0
PS1_t1463,0.0
PS1_t1464,0.0
PS1_t1449,0.0
PS1_t1450,0.0
PS1_t1451,0.0
PS1_t1452,0.0
PS1_t1453,0.0
PS1_t1454,0.0
PS1_t1455,0.0
PS1_t1456,0.0
PS1_t1505,0.0
PS1_t1506,0.0
PS1_t1507,0.0
PS1_t1508,0.0
PS1_t1509,0.0
PS1_t1510,0.0
PS1_t1511,0.0
PS1_t1512,0.0
PS1_t1497,0.0
PS1_t1498,0.0
PS1_t1499,0.0
PS1_t1500,0.0
PS1_t1501,0.0
PS1_t1502,0.0
PS1_t1503,0.0
PS1_t1504,0.0
PS1_t1489,0.0
PS1_t1490,0.0
PS1_t1491,0.0
PS1_t1492,0.0
PS1_t1493,0.0
PS1_t1494,0.0
PS1_t1495,0.0
PS1_t1496,0.0
PS1_t1481,0.0
PS1_t1482,0.0
PS1_t1483,0.0
PS1_t1484,0.0
PS1_t1485,0.0
PS1_t1486,0.0
PS1_t1487,0.0
PS1_t1488,0.0
PS1_t1537,0.0
PS1_t1538,0.0
PS1_t1539,0.0
PS1_t1540,0.0
PS1_t1541,0.0
PS1_t1542,0.0
PS1_t1543,0.0
PS1_t1544,0.0
PS1_t1529,0.0
PS1_t1530,0.0
PS1_t1531,0.0
PS1_t1532,0.0
PS1_t1533,0.0
PS1_t1534,0.0
PS1_t1535,0.0
PS1_t1536,0.0
PS1_t1521,0.0
PS1_t1522,0.0
PS1_t1523,0.0
PS1_t1524,0.0
PS1_t1525,0.0
PS1_t1526,0.0
PS1_t1527,0.0
PS1_t1528,0.0
PS1_t1513,0.0
PS1_t1514,0.0
PS1_t1515,0.0
PS1_t1516,0.0
PS1_t1517,0.0
PS1_t1518,0.0
PS1_t1519,0.0
PS1_t1520,0.0
PS1_t1569,0.0
PS1_t1570,0.0
PS1_t1571,0.0
PS1_t1572,0.0
PS1_t1573,0.0
PS1_t1574,0.0
PS1_t1575,0.0
PS1_t1576,0.0
PS1_t1561,0.0
PS1_t1562,0.0
PS1_t1563,0.0
PS1_t1564,0.0
PS1_t1565,0.0
PS1_t1566,0.0
PS1_t1567,0.0
PS1_t1568,0.0
PS1_t1553,0.0
PS1_t1554,0.0
PS1_t1555,0.0
PS1_t1556,0.0
PS1_t1557,0.0
PS1_t1558,0.0
PS1_t1559,0.0
PS1_t1560,0.0
PS1_t1545,0.0
PS1_t1546,0.0
PS1_t1547,0.0
PS1_t1548,0.0
PS1_t1549,0.0
PS1_t1550,0.0
PS1_t1551,0.0
PS1_t1552,0.0
PS1_t1601,0.0
PS1_t1602,0.0
PS1_t1603,0.0
PS1_t1604,0.0
PS1_t1605,0.0
PS1_t1606,0.0
PS1_t1607,0.0
PS1_t1608,0.0
PS1_t1593,0.0
PS1_t1594,0.0
PS1_t1595,0.0
PS1_t1596,0.0
PS1_t1597,0.0
PS1_t1598,0.0
PS1_t1599,0.0
PS1_t1600,0.0
PS1_t1585,0.0
PS1_t1586,0.0
PS1_t1587,0.0
PS1_t1588,0.0
PS1_t1589,0.0
PS1_t1590,0.0
PS1_t1591,0.0
PS1_t1592,0.0
PS1_t1577,0.0
PS1_t1578,0.0
PS1_t1579,0.0
PS1_t1580,0.0
PS1_t1581,0.0
PS1_t1582,0.0
PS1_t1583,0.0
PS1_t1584,0.0
PS1_t1633,0.0
PS1_t1634,0.0
PS1_t1635,0.0
PS1_t1636,0.0
PS1_t1637,0.0
PS1_t1638,0.0
PS1_t1639,0.0
PS1_t1640,0.0
PS1_t1625,0.0
PS1_t1626,0.0
PS1_t1627,0.0
PS1_t1628,0.0
PS1_t1629,0.0
PS1_t1630,0.0
PS1_t1631,0.0
PS1_t1632,0.0
PS1_t1617,0.0
PS1_t1618,0.0
PS1_t1619,0.0
PS1_t1620,0.0
PS1_t1621,0.0
PS1_t1622,0.0
PS1_t1623,0.0
PS1_t1624,0.0
PS1_t1609,0.0
PS1_t1610,0.0
PS1_t1611,0.0
PS1_t1612,0.0
PS1_t1613,0.0
PS1_t1614,0.0
PS1_t1615,0.0
PS1_t1616,0.0
PS1_t1665,0.0
PS1_t1666,0.0
PS1_t1667,0.0
PS1_t1668,0.0
PS1_t1669,0.0
PS1_t1670,0.0
PS1_t1671,0.0
PS1_t1672,0.0
PS1_t1657,0.0
PS1_t1658,0.0
PS1_t1659,0.0
PS1_t1660,0.0
PS1_t1661,0.0
PS1_t1662,0.0
PS1_t1663,0.0
PS1_t1664,0.0
PS1_t1649,0.0
PS1_t1650,0.0
PS1_t1651,0.0
PS1_t1652,0.0
PS1_t1653,0.0
PS1_t1654,0.0
PS1_t1655,0.0
PS1_t1656,0.0
PS1_t1641,0.0
PS1_t1642,0.0
PS1_t1643,0.0
PS1_t1644,0.0
PS1_t1645,0.0
PS1_t1646,0.0
PS1_t1647,0.0
PS1_t1648,0.0
PS1_t1697,0.0
PS1_t1698,0.0
PS1_t1699,0.0
PS1_t1700,0.0
PS1_t1701,0.0
PS1_t1702,0.0
PS1_t1703,0.0
PS1_t1704,0.0
PS1_t1689,0.0
PS1_t1690,0.0
PS1_t1691,0.0
PS1_t1692,0.0
PS1_t1693,0.0
PS1_t1694,0.0
PS1_t1695,0.0
PS1_t1696,0.0
PS1_t1681,0.0
PS1_t1682,0.0
PS1_t1683,0.0
PS1_t1684,0.0
PS1_t1685,0.0
PS1_t1686,0.0
PS1_t1687,0.0
PS1_t1688,0.0
PS1_t1673,0.0
PS1_t1674,0.0
PS1_t1675,0.0
PS1_t1676,0.0
PS1_t1677,0.0
PS1_t1678,0.0
PS1_t1679,0.0
PS1_t1680,0.0
PS1_t1729,0.0
PS1_t1730,0.0
PS1_t1731,0.0
PS1_t1732,0.0
PS1_t1733,0.0
PS1_t1734,0.0
PS1_t1735,0.0
PS1_t1736,0.0
PS1_t1721,0.0
PS1_t1722,0.0
PS1_t1723,0.0
PS1_t1724,0.0
PS1_t1725,0.0
PS1_t1726,0.0
PS1_t1727,0.0
PS1_t1728,0.0
PS1_t1713,0.0
PS1_t1714,0.0
PS1_t1715,0.0
PS1_t1716,0.0
PS1_t1717,0.0
PS1_t1718,0.0
PS1_t1719,0.0
PS1_t1720,0.0
PS1_t1705,0.0
PS1_t1706,0.0
PS1_t1707,0.0
PS1_t1708,0.0
PS1_t1709,0.0
PS1_t1710,0.0
PS1_t1711,0.0
PS1_t1712,0.0
PS1_t1761,0.0
PS1_t1762,0.0
PS1_t1763,0.0
PS1_t1764,0.0
PS1_t1765,0.0
PS1_t1766,0.0
PS1_t1767,0.0
PS1_t1768,0.0
PS1_t1753,0.0
PS1_t1754,0.0
PS1_t1755,0.0
PS1_t1756,0.0
PS1_t1757,0.0
PS1_t1758,0.0
PS1_t1759,0.0
PS1_t1760,0.0
PS1_t1745,0.0
PS1_t1746,0.0
PS1_t1747,0.0
PS1_t1748,0.0
PS1_t1749,0.0
PS1_t1750,0.0
PS1_t1751,0.0
PS1_t1752,0.0
PS1_t1737,0.0
PS1_t1738,0.0
PS1_t1739,0.0
PS1_t1740,0.0
PS1_t1741,0.0
PS1_t1742,0.0
PS1_t1743,0.0
PS1_t1744,0.0
PS1_t1793,0.0
PS1_t1794,0.0
PS1_t1795,0.0
PS1_t1796,0.0
PS1_t1797,0.0
PS1_t1798,0.0
PS1_t1799,0.0
PS1_t1800,0.0
PS1_t1785,0.0
PS1_t1786,0.0
PS1_t1787,0.0
PS1_t1788,0.0
PS1_t1789,0.0
PS1_t1790,0.0
PS1_t1791,0.0
PS1_t1792,0.0
PS1_t1777,0.0
PS1_t1778,0.0
PS1_t1779,0.0
PS1_t1780,0.0
PS1_t1781,0.0
PS1_t1782,0.0
PS1_t1783,0.0
PS1_t1784,0.0
PS1_t1769,0.0
PS1_t1770,0.0
PS1_t1771,0.0
PS1_t1772,0.0
PS1_t1773,0.0
PS1_t1774,0.0
PS1_t1775,0.0
PS1_t1776,0.0
PS1_t1825,0.0
PS1_t1826,0.0
PS1_t1827,0.0
PS1_t1828,0.0
PS1_t1829,0.0
PS1_t1830,0.0
PS1_t1831,0.0
PS1_t1832,0.0
PS1_t1817,0.0
PS1_t1818,0.0
PS1_t1819,0.0
PS1_t1820,0.0
PS1_t1821,0.0
PS1_t1822,0.0
PS1_t1823,0.0
PS1_t1824,0.0
PS1_t1809,0.0
PS1_t1810,0.0
PS1_t1811,0.0
PS1_t1812,0.0
PS1_t1813,0.0
PS1_t1814,0.0
PS1_t1815,0.0
PS1_t1816,0.0
PS1_t1801,0.0
PS1_t1802,0.0
PS1_t1803,0.0
PS1_t1804,0.0
PS1_t1805,0.0
PS1_t1806,0.0
PS1_t1807,0.0
PS1_t1808,0.0
PS1_t1857,0.0
PS1_t1858,0.0
PS1_t1859,0.0
PS1_t1860,0.0
PS1_t1861,0.0
PS1_t1862,0.0
PS1_t1863,0.0
PS1_t1864,0.0
PS1_t1849,0.0
PS1_t1850,0.0
PS1_t1851,0.0
PS1_t1852,0.0
PS1_t1853,0.0
PS1_t1854,0.0
PS1_t1855,0.0
PS1_t1856,0.0
PS1_t1841,0.0
PS1_t1842,0.0
PS1_t1843,0.0
PS1_t1844,0.0
PS1_t1845,0.0
PS1_t1846,0.0
PS1_t1847,0.0
PS1_t1848,0.0
PS1_t1833,0.0
PS1_t1834,0.0
PS1_t1835,0.0
PS1_t1836,0.0
PS1_t1837,0.0
PS1_t1838,0.0
PS1_t1839,0.0
PS1_t1840,0.0
PS1_t1889,0.0
PS1_t1890,0.0
PS1_t1891,0.0
PS1_t1892,0.0
PS1_t1893,0.0
PS1_t1894,0.0
PS1_t1895,0.0
PS1_t1896,0.0
PS1_t1881,0.0
PS1_t1882,0.0
PS1_t1883,0.0
PS1_t1884,0.0
PS1_t1885,0.0
PS1_t1886,0.0
PS1_t1887,0.0
PS1_t1888,0.0
PS1_t1873,0.0
PS1_t1874,0.0
PS1_t1875,0.0
PS1_t1876,0.0
PS1_t1877,0.0
PS1_t1878,0.0
PS1_t1879,0.0
PS1_t1880,0.0
PS1_t1865,0.0
PS1_t1866,0.0
PS1_t1867,0.0
PS1_t1868,0.0
PS1_t1869,0.0
PS1_t1870,0.0
PS1_t1871,0.0
PS1_t1872,0.0
PS1_t1921,0.0
PS1_t1922,0.0
PS1_t1923,0.0
PS1_t1924,0.0
PS1_t1925,0.0
PS1_t1926,0.0
PS1_t1927,0.0
PS1_t1928,0.0
PS1_t1913,0.0
PS1_t1914,0.0
PS1_t1915,0.0
PS1_t1916,0.0
PS1_t1917,0.0
PS1_t1918,0.0
PS1_t1919,0.0
PS1_t1920,0.0
PS1_t1905,0.0
PS1_t1906,0.0
PS1_t1907,0.0
PS1_t1908,0.0
PS1_t1909,0.0
PS1_t1910,0.0
PS1_t1911,0.0
PS1_t1912,0.0
PS1_t1897,0.0
PS1_t1898,0.0
PS1_t1899,0.0
PS1_t1900,0.0
PS1_t1901,0.0
PS1_t1902,0.0
PS1_t1903,0.0
PS1_t1904,0.0
PS1_t1953,0.0
PS1_t1954,0.0
PS1_t1955,0.0
PS1_t1956,0.0
PS1_t1957,0.0
PS1_t1958,0.0
PS1_t1959,0.0
PS1_t1960,0.0
PS1_t1945,0.0
PS1_t1946,0.0
PS1_t1947,0.0
PS1_t1948,0.0
PS1_t1949,0.0
PS1_t1950,0.0
PS1_t1951,0.0
PS1_t1952,0.0
PS1_t1937,0.0
PS1_t1938,0.0
PS1_t1939,0.0
PS1_t1940,0.0
PS1_t1941,0.0
PS1_t1942,0.0
PS1_t1943,0.0
PS1_t1944,0.0
PS1_t1929,0.0
PS1_t1930,0.0
PS1_t1931,0.0
PS1_t1932,0.0
PS1_t1933,0.0
PS1_t1934,0.0
PS1_t1935,0.0
PS1_t1936,0.0
PS1_t1985,0.0
PS1_t1986,0.0
PS1_t1987,0.0
PS1_t1988,0.0
PS1_t1989,0.0
PS1_t1990,0.0
PS1_t1991,0.0
PS1_t1992,0.0
PS1_t1977,0.0
PS1_t1978,0.0
PS1_t1979,0.0
PS1_t1980,0.0
PS1_t1981,0.0
PS1_t1982,0.0
PS1_t1983,0.0
PS1_t1984,0.0
PS1_t1969,0.0
PS1_t1970,0.0
PS1_t1971,0.0
PS1_t1972,0.0
PS1_t1973,0.0
PS1_t1974,0.0
PS1_t1975,0.0
PS1_t1976,0.0
PS1_t1961,0.0
PS1_t1962,0.0
PS1_t1963,0.0
PS1_t1964,0.0
PS1_t1965,0.0
PS1_t1966,0.0
PS1_t1967,0.0
PS1_t1968,0.0
PS1_t2017,0.0
PS1_t2018,0.0
PS1_t2019,0.0
PS1_t2020,0.0
PS1_t2021,0.0
PS1_t2022,0.0
PS1_t2023,0.0
PS1_t2024,0.0
PS1_t2009,0.0
PS1_t2010,0.0
PS1_t2011,0.0
PS1_t2012,0.0
PS1_t2013,0.0
PS1_t2014,0.0
PS1_t2015,0.0
PS1_t2016,0.0
PS1_t2001,0.0
PS1_t2002,0.0
PS1_t2003,0.0
PS1_t2004,0.0
PS1_t2005,0.0
PS1_t2006,0.0
PS1_t2007,0.0
PS1_t2008,0.0
PS1_t1993,0.0
PS1_t1994,0.0
PS1_t1995,0.0
PS1_t1996,0.0
PS1_t1997,0.0
PS1_t1998,0.0
PS1_t1999,0.0
PS1_t2000,0.0
PS1_t2049,0.0
PS1_t2050,0.0
PS1_t2051,0.0
PS1_t2052,0.0
PS1_t2053,0.0
PS1_t2054,0.0
PS1_t2055,0.0
PS1_t2056,0.0
PS1_t2041,0.0
PS1_t2042,0.0
PS1_t2043,0.0
PS1_t2044,0.0
PS1_t2045,0.0
PS1_t2046,0.0
PS1_t2047,0.0
PS1_t2048,0.0
PS1_t2033,0.0
PS1_t2034,0.0
PS1_t2035,0.0
PS1_t2036,0.0
PS1_t2037,0.0
PS1_t2038,0.0
PS1_t2039,0.0
PS1_t2040,0.0
PS1_t2025,0.0
PS1_t2026,0.0
PS1_t2027,0.0
PS1_t2028,0.0
PS1_t2029,0.0
PS1_t2030,0.0
PS1_t2031,0.0
PS1_t2032,0.0
PS1_t2081,0.0
PS1_t2082,0.0
PS1_t2083,0.0
PS1_t2084,0.0
PS1_t2085,0.0
PS1_t2086,0.0
PS1_t2087,0.0
PS1_t2088,0.0
PS1_t2073,0.0
PS1_t2074,0.0
PS1_t2075,0.0
PS1_t2076,0.0
PS1_t2077,0.0
PS1_t2078,0.0
PS1_t2079,0.0
PS1_t2080,0.0
PS1_t2065,0.0
PS1_t2066,0.0
PS1_t2067,0.0
PS1_t2068,0.0
PS1_t2069,0.0
PS1_t2070,0.0
PS1_t2071,0.0
PS1_t2072,0.0
PS1_t2057,0.0
PS1_t2058,0.0
PS1_t2059,0.0
PS1_t2060,0.0
PS1_t2061,0.0
PS1_t2062,0.0
PS1_t2063,0.0
PS1_t2064,0.0
PS1_t2113,0.0
PS1_t2114,0.0
PS1_t2115,0.0
PS1_t2116,0.0
PS1_t2117,0.0
PS1_t2118,0.0
PS1_t2119,0.0
PS1_t2120,0.0
PS1_t2105,0.0
PS1_t2106,0.0
PS1_t2107,0.0
PS1_t2108,0.0
PS1_t2109,0.0
PS1_t2110,0.0
PS1_t2111,0.0
PS1_t2112,0.0
PS1_t2097,0.0
PS1_t2098,0.0
PS1_t2099,0.0
PS1_t2100,0.0
PS1_t2101,0.0
PS1_t2102,0.0
PS1_t2103,0.0
PS1_t2104,0.0
PS1_t2089,0.0
PS1_t2090,0.0
PS1_t2091,0.0
PS1_t2092,0.0
PS1_t2093,0.0
PS1_t2094,0.0
PS1_t2095,0.0
PS1_t2096,0.0
PS1_t2145,0.0
PS1_t2146,0.0
PS1_t2147,0.0
PS1_t2148,0.0
PS1_t2149,0.0
PS1_t2150,0.0
PS1_t2151,0.0
PS1_t2152,0.0
PS1_t2137,0.0
PS1_t2138,0.0
PS1_t2139,0.0
PS1_t2140,0.0
PS1_t2141,0.0
PS1_t2142,0.0
PS1_t2143,0.0
PS1_t2144,0.0
PS1_t2129,0.0
PS1_t2130,0.0
PS1_t2131,0.0
PS1_t2132,0.0
PS1_t2133,0.0
PS1_t2134,0.0
PS1_t2135,0.0
PS1_t2136,0.0
PS1_t2121,0.0
PS1_t2122,0.0
PS1_t2123,0.0
PS1_t2124,0.0
PS1_t2125,0.0
PS1_t2126,0.0
PS1_t2127,0.0
PS1_t2128,0.0
PS1_t2177,0.0
PS1_t2178,0.0
PS1_t2179,0.0
PS1_t2180,0.0
PS1_t2181,0.0
PS1_t2182,0.0
PS1_t2183,0.0
PS1_t2184,0.0
PS1_t2169,0.0
PS1_t2170,0.0
PS1_t2171,0.0
PS1_t2172,0.0
PS1_t2173,0.0
PS1_t2174,0.0
PS1_t2175,0.0
PS1_t2176,0.0
PS1_t2161,0.0
PS1_t2162,0.0
PS1_t2163,0.0
PS1_t2164,0.0
PS1_t2165,0.0
PS1_t2166,0.0
PS1_t2167,0.0
PS1_t2168,0.0
PS1_t2153,0.0
PS1_t2154,0.0
PS1_t2155,0.0
PS1_t2156,0.0
PS1_t2157,0.0
PS1_t2158,0.0
PS1_t2159,0.0
PS1_t2160,0.0
PS1_t2209,0.0
PS1_t2210,0.0
PS1_t2211,0.0
PS1_t2212,0.0
PS1_t2213,0.0
PS1_t2214,0.0
PS1_t2215,0.0
PS1_t2216,0.0
PS1_t2201,0.0
PS1_t2202,0.0
PS1_t2203,0.0
PS1_t2204,0.0
PS1_t2205,0.0
PS1_t2206,0.0
PS1_t2207,0.0
PS1_t2208,0.0
PS1_t2193,0.0
PS1_t2194,0.0
PS1_t2195,0.0
PS1_t2196,0.0
PS1_t2197,0.0
PS1_t2198,0.0
PS1_t2199,0.0
PS1_t2200,0.0
PS1_t2185,0.0
PS1_t2186,0.0
PS1_t2187,0.0
PS1_t2188,0.0
PS1_t2189,0.0
PS1_t2190,0.0
PS1_t2191,0.0
PS1_t2192,0.0
PS1_t2241,0.0
PS1_t2242,0.0
PS1_t2243,0.0
PS1_t2244,0.0
PS1_t2245,0.0
PS1_t2246,0.0
PS1_t2247,0.0
PS1_t2248,0.0
PS1_t2233,0.0
PS1_t2234,0.0
PS1_t2235,0.0
PS1_t2236,0.0
PS1_t2237,0.0
PS1_t2238,0.0
PS1_t2239,0.0
PS1_t2240,0.0
PS1_t2225,0.0
PS1_t2226,0.0
PS1_t2227,0.0
PS1_t2228,0.0
PS1_t2229,0.0
PS1_t2230,0.0
PS1_t2231,0.0
PS1_t2232,0.0
PS1_t2217,0.0
PS1_t2218,0.0
PS1_t2219,0.0
PS1_t2220,0.0
PS1_t2221,0.0
PS1_t2222,0.0
PS1_t2223,0.0
PS1_t2224,0.0
PS1_t2273,0.0
PS1_t2274,0.0
PS1_t2275,0.0
PS1_t2276,0.0
PS1_t2277,0.0
PS1_t2278,0.0
PS1_t2279,0.0
PS1_t2280,0.0
PS1_t2265,0.0
PS1_t2266,0.0
PS1_t2267,0.0
PS1_t2268,0.0
PS1_t2269,0.0
PS1_t2270,0.0
PS1_t2271,0.0
PS1_t2272,0.0
PS1_t2257,0.0
PS1_t2258,0.0
PS1_t2259,0.0
PS1_t2260,0.0
PS1_t2261,0.0
PS1_t2262,0.0
PS1_t2263,0.0
PS1_t2264,0.0
PS1_t2249,0.0
PS1_t2250,0.0
PS1_t2251,0.0
PS1_t2252,0.0
PS1_t2253,0.0
PS1_t2254,0.0
PS1_t2255,0.0
PS1_t2256,0.0
PS1_t2305,0.0
PS1_t2306,0.0
PS1_t2307,0.0
PS1_t2308,0.0
PS1_t2309,0.0
PS1_t2310,0.0
PS1_t2311,0.0
PS1_t2312,0.0
PS1_t2297,0.0
PS1_t2298,0.0
PS1_t2299,0.0
PS1_t2300,0.0
PS1_t2301,0.0
PS1_t2302,0.0
PS1_t2303,0.0
PS1_t2304,0.0
PS1_t2289,0.0
PS1_t2290,0.0
PS1_t2291,0.0
PS1_t2292,0.0
PS1_t2293,0.0
PS1_t2294,0.0
PS1_t2295,0.0
PS1_t2296,0.0
PS1_t2281,0.0
PS1_t2282,0.0
PS1_t2283,0.0
PS1_t2284,0.0
PS1_t2285,0.0
PS1_t2286,0.0
PS1_t2287,0.0
PS1_t2288,0.0
PS1_t2337,0.0
PS1_t2338,0.0
PS1_t2339,0.0
PS1_t2340,0.0
PS1_t2341,0.0
PS1_t2342,0.0
PS1_t2343,0.0
PS1_t2344,0.0
PS1_t2329,0.0
PS1_t2330,0.0
PS1_t2331,0.0
PS1_t2332,0.0
PS1_t2333,0.0
PS1_t2334,0.0
PS1_t2335,0.0
PS1_t2336,0.0
PS1_t2321,0.0
PS1_t2322,0.0
PS1_t2323,0.0
PS1_t2324,0.0
PS1_t2325,0.0
PS1_t2326,0.0
PS1_t2327,0.0
PS1_t2328,0.0
PS1_t2313,0.0
PS1_t2314,0.0
PS1_t2315,0.0
PS1_t2316,0.0
PS1_t2317,0.0
PS1_t2318,0.0
PS1_t2319,0.0
PS1_t2320,0.0
PS1_t2369,0.0
PS1_t2370,0.0
PS1_t2371,0.0
PS1_t2372,0.0
PS1_t2373,0.0
PS1_t2374,0.0
PS1_t2375,0.0
PS1_t2376,0.0
PS1_t2361,0.0
PS1_t2362,0.0
PS1_t2363,0.0
PS1_t2364,0.0
PS1_t2365,0.0
PS1_t2366,0.0
PS1_t2367,0.0
PS1_t2368,0.0
PS1_t2353,0.0
PS1_t2354,0.0
PS1_t2355,0.0
PS1_t2356,0.0
PS1_t2357,0.0
PS1_t2358,0.0
PS1_t2359,0.0
PS1_t2360,0.0
PS1_t2345,0.0
PS1_t2346,0.0
PS1_t2347,0.0
PS1_t2348,0.0
PS1_t2349,0.0
PS1_t2350,0.0
PS1_t2351,0.0
PS1_t2352,0.0
PS1_t2401,0.0
PS1_t2402,0.0
PS1_t2403,0.0
PS1_t2404,0.0
PS1_t2405,0.0
PS1_t2406,0.0
PS1_t2407,0.0
PS1_t2408,0.0
PS1_t2393,0.0
PS1_t2394,0.0
PS1_t2395,0.0
PS1_t2396,0.0
PS1_t2397,0.0
PS1_t2398,0.0
PS1_t2399,0.0
PS1_t2400,0.0
PS1_t2385,0.0
PS1_t2386,0.0
PS1_t2387,0.0
PS1_t2388,0.0
PS1_t2389,0.0
PS1_t2390,0.0
PS1_t2391,0.0
PS1_t2392,0.0
PS1_t2377,0.0
PS1_t2378,0.0
PS1_t2379,0.0
PS1_t2380,0.0
PS1_t2381,0.0
PS1_t2382,0.0
PS1_t2383,0.0
PS1_t2384,0.0
PS1_t2433,0.0
PS1_t2434,0.0
PS1_t2435,0.0
PS1_t2436,0.0
PS1_t2437,0.0
PS1_t2438,0.0
PS1_t2439,0.0
PS1_t2440,0.0
PS1_t2425,0.0
PS1_t2426,0.0
PS1_t2427,0.0
PS1_t2428,0.0
PS1_t2429,0.0
PS1_t2430,0.0
PS1_t2431,0.0
PS1_t2432,0.0
PS1_t2417,0.0
PS1_t2418,0.0
PS1_t2419,0.0
PS1_t2420,0.0
PS1_t2421,0.0
PS1_t2422,0.0
PS1_t2423,0.0
PS1_t2424,0.0
PS1_t2409,0.0
PS1_t2410,0.0
PS1_t2411,0.0
PS1_t2412,0.0
PS1_t2413,0.0
PS1_t2414,0.0
PS1_t2415,0.0
PS1_t2416,0.0
PS1_t2465,0.0
PS1_t2466,0.0
PS1_t2467,0.0
PS1_t2468,0.0
PS1_t2469,0.0
PS1_t2470,0.0
PS1_t2471,0.0
PS1_t2472,0.0
PS1_t2457,0.0
PS1_t2458,0.0
PS1_t2459,0.0
PS1_t2460,0.0
PS1_t2461,0.0
PS1_t2462,0.0
PS1_t2463,0.0
PS1_t2464,0.0
PS1_t2449,0.0
PS1_t2450,0.0
PS1_t2451,0.0
PS1_t2452,0.0
PS1_t2453,0.0
PS1_t2454,0.0
PS1_t2455,0.0
PS1_t2456,0.0
PS1_t2441,0.0
PS1_t2442,0.0
PS1_t2443,0.0
PS1_t2444,0.0
PS1_t2445,0.0
PS1_t2446,0.0
PS1_t2447,0.0
PS1_t2448,0.0
PS1_t2497,0.0
PS1_t2498,0.0
PS1_t2499,0.0
PS1_t2500,0.0
PS1_t2501,0.0
PS1_t2502,0.0
PS1_t2503,0.0
PS1_t2504,0.0
PS1_t2489,0.0
PS1_t2490,0.0
PS1_t2491,0.0
PS1_t2492,0.0
PS1_t2493,0.0
PS1_t2494,0.0
PS1_t2495,0.0
PS1_t2496,0.0
PS1_t2481,0.0
PS1_t2482,0.0
PS1_t2483,0.0
PS1_t2484,0.0
PS1_t2485,0.0
PS1_t2486,0.0
PS1_t2487,0.0
PS1_t2488,0.0
PS1_t2473,0.0
PS1_t2474,0.0
PS1_t2475,0.0
PS1_t2476,0.0
PS1_t2477,0.0
PS1_t2478,0.0
PS1_t2479,0.0
PS1_t2480,0.0
PS1_t2529,0.0
PS1_t2530,0.0
PS1_t2531,0.0
PS1_t2532,0.0
PS1_t2533,0.0
PS1_t2534,0.0
PS1_t2535,0.0
PS1_t2536,0.0
PS1_t2521,0.0
PS1_t2522,0.0
PS1_t2523,0.0
PS1_t2524,0.0
PS1_t2525,0.0
PS1_t2526,0.0
PS1_t2527,0.0
PS1_t2528,0.0
PS1_t2513,0.0
PS1_t2514,0.0
PS1_t2515,0.0
PS1_t2516,0.0
PS1_t2517,0.0
PS1_t2518,0.0
PS1_t2519,0.0
PS1_t2520,0.0
PS1_t2505,0.0
PS1_t2506,0.0
PS1_t2507,0.0
PS1_t2508,0.0
PS1_t2509,0.0
PS1_t2510,0.0
PS1_t2511,0.0
PS1_t2512,0.0
PS1_t2561,0.0
PS1_t2562,0.0
PS1_t2563,0.0
PS1_t2564,0.0
PS1_t2565,0.0
PS1_t2566,0.0
PS1_t2567,0.0
PS1_t2568,0.0
PS1_t2553,0.0
PS1_t2554,0.0
PS1_t2555,0.0
PS1_t2556,0.0
PS1_t2557,0.0
PS1_t2558,0.0
PS1_t2559,0.0
PS1_t2560,0.0
PS1_t2545,0.0
PS1_t2546,0.0
PS1_t2547,0.0
PS1_t2548,0.0
PS1_t2549,0.0
PS1_t2550,0.0
PS1_t2551,0.0
PS1_t2552,0.0
PS1_t2537,0.0
PS1_t2538,0.0
PS1_t2539,0.0
PS1_t2540,0.0
PS1_t2541,0.0
PS1_t2542,0.0
PS1_t2543,0.0
PS1_t2544,0.0
PS1_t2593,0.0
PS1_t2594,0.0
PS1_t2595,0.0
PS1_t2596,0.0
PS1_t2597,0.0
PS1_t2598,0.0
PS1_t2599,0.0
PS1_t2600,0.0
PS1_t2585,0.0
PS1_t2586,0.0
PS1_t2587,0.0
PS1_t2588,0.0
PS1_t2589,0.0
PS1_t2590,0.0
PS1_t2591,0.0
PS1_t2592,0.0
PS1_t2577,0.0
PS1_t2578,0.0
PS1_t2579,0.0
PS1_t2580,0.0
PS1_t2581,0.0
PS1_t2582,0.0
PS1_t2583,0.0
PS1_t2584,0.0
PS1_t2569,0.0
PS1_t2570,0.0
PS1_t2571,0.0
PS1_t2572,0.0
PS1_t2573,0.0
PS1_t2574,0.0
PS1_t2575,0.0
PS1_t2576,0.0
PS1_t2625,0.0
PS1_t2626,0.0
PS1_t2627,0.0
PS1_t2628,0.0
PS1_t2629,0.0
PS1_t2630,0.0
PS1_t2631,0.0
PS1_t2632,0.0
PS1_t2617,0.0
PS1_t2618,0.0
PS1_t2619,0.0
PS1_t2620,0.0
PS1_t2621,0.0
PS1_t2622,0.0
PS1_t2623,0.0
PS1_t2624,0.0
PS1_t2609,0.0
PS1_t2610,0.0
PS1_t2611,0.0
PS1_t2612,0.0
PS1_t2613,0.0
PS1_t2614,0.0
PS1_t2615,0.0
PS1_t2616,0.0
PS1_t2601,0.0
PS1_t2602,0.0
PS1_t2603,0.0
PS1_t2604,0.0
PS1_t2605,0.0
PS1_t2606,0.0
PS1_t2607,0.0
PS1_t2608,0.0
PS1_t2657,0.0
PS1_t2658,0.0
PS1_t2659,0.0
PS1_t2660,0.0
PS1_t2661,0.0
PS1_t2662,0.0
PS1_t2663,0.0
PS1_t2664,0.0
PS1_t2649,0.0
PS1_t2650,0.0
PS1_t2651,0.0
PS1_t2652,0.0
PS1_t2653,0.0
PS1_t2654,0.0
PS1_t2655,0.0
PS1_t2656,0.0
PS1_t2641,0.0
PS1_t2642,0.0
PS1_t2643,0.0
PS1_t2644,0.0
PS1_t2645,0.0
PS1_t2646,0.0
PS1_t2647,0.0
PS1_t2648,0.0
PS1_t2633,0.0
PS1_t2634,0.0
PS1_t2635,0.0
PS1_t2636,0.0
PS1_t2637,0.0
PS1_t2638,0.0
PS1_t2639,0.0
PS1_t2640,0.0
PS1_t2689,0.0
PS1_t2690,0.0
PS1_t2691,0.0
PS1_t2692,0.0
PS1_t2693,0.0
PS1_t2694,0.0
PS1_t2695,0.0
PS1_t2696,0.0
PS1_t2681,0.0
PS1_t2682,0.0
PS1_t2683,0.0
PS1_t2684,0.0
PS1_t2685,0.0
PS1_t2686,0.0
PS1_t2687,0.0
PS1_t2688,0.0
PS1_t2673,0.0
PS1_t2674,0.0
PS1_t2675,0.0
PS1_t2676,0.0
PS1_t2677,0.0
PS1_t2678,0.0
PS1_t2679,0.0
PS1_t2680,0.0
PS1_t2665,0.0
PS1_t2666,0.0
PS1_t2667,0.0
PS1_t2668,0.0
PS1_t2669,0.0
PS1_t2670,0.0
PS1_t2671,0.0
PS1_t2672,0.0
PS1_t2721,0.0
PS1_t2722,0.0
PS1_t2723,0.0
PS1_t2724,0.0
PS1_t2725,0.0
PS1_t2726,0.0
PS1_t2727,0.0
PS1_t2728,0.0
PS1_t2713,0.0
PS1_t2714,0.0
PS1_t2715,0.0
PS1_t2716,0.0
PS1_t2717,0.0
PS1_t2718,0.0
PS1_t2719,0.0
PS1_t2720,0.0
PS1_t2705,0.0
PS1_t2706,0.0
PS1_t2707,0.0
PS1_t2708,0.0
PS1_t2709,0.0
PS1_t2710,0.0
PS1_t2711,0.0
PS1_t2712,0.0
PS1_t2697,0.0
PS1_t2698,0.0
PS1_t2699,0.0
PS1_t2700,0.0
PS1_t2701,0.0
PS1_t2702,0.0
PS1_t2703,0.0
PS1_t2704,0.0
PS1_t2753,0.0
PS1_t2754,0.0
PS1_t2755,0.0
PS1_t2756,0.0
PS1_t2757,0.0
PS1_t2758,0.0
PS1_t2759,0.0
PS1_t2760,0.0
PS1_t2745,0.0
PS1_t2746,0.0
PS1_t2747,0.0
PS1_t2748,0.0
PS1_t2749,0.0
PS1_t2750,0.0
PS1_t2751,0.0
PS1_t2752,0.0
PS1_t2737,0.0
PS1_t2738,0.0
PS1_t2739,0.0
PS1_t2740,0.0
PS1_t2741,0.0
PS1_t2742,0.0
PS1_t2743,0.0
PS1_t2744,0.0
PS1_t2729,0.0
PS1_t2730,0.0
PS1_t2731,0.0
PS1_t2732,0.0
PS1_t2733,0.0
PS1_t2734,0.0
PS1_t2735,0.0
PS1_t2736,0.0
PS1_t2785,0.0
PS1_t2786,0.0
PS1_t2787,0.0
PS1_t2788,0.0
PS1_t2789,0.0
PS1_t2790,0.0
PS1_t2791,0.0
PS1_t2792,0.0
PS1_t2777,0.0
PS1_t2778,0.0
PS1_t2779,0.0
PS1_t2780,0.0
PS1_t2781,0.0
PS1_t2782,0.0
PS1_t2783,0.0
PS1_t2784,0.0
PS1_t2769,0.0
PS1_t2770,0.0
PS1_t2771,0.0
PS1_t2772,0.0
PS1_t2773,0.0
PS1_t2774,0.0
PS1_t2775,0.0
PS1_t2776,0.0
PS1_t2761,0.0
PS1_t2762,0.0
PS1_t2763,0.0
PS1_t2764,0.0
PS1_t2765,0.0
PS1_t2766,0.0
PS1_t2767,0.0
PS1_t2768,0.0
PS1_t2817,0.0
PS1_t2818,0.0
PS1_t2819,0.0
PS1_t2820,0.0
PS1_t2821,0.0
PS1_t2822,0.0
PS1_t2823,0.0
PS1_t2824,0.0
PS1_t2809,0.0
PS1_t2810,0.0
PS1_t2811,0.0
PS1_t2812,0.0
PS1_t2813,0.0
PS1_t2814,0.0
PS1_t2815,0.0
PS1_t2816,0.0
PS1_t2801,0.0
PS1_t2802,0.0
PS1_t2803,0.0
PS1_t2804,0.0
PS1_t2805,0.0
PS1_t2806,0.0
PS1_t2807,0.0
PS1_t2808,0.0
PS1_t2793,0.0
PS1_t2794,0.0
PS1_t2795,0.0
PS1_t2796,0.0
PS1_t2797,0.0
PS1_t2798,0.0
PS1_t2799,0.0
PS1_t2800,0.0
PS1_t2849,0.0
PS1_t2850,0.0
PS1_t2851,0.0
PS1_t2852,0.0
PS1_t2853,0.0
PS1_t2854,0.0
PS1_t2855,0.0
PS1_t2856,0.0
PS1_t2841,0.0
PS1_t2842,0.0
PS1_t2843,0.0
PS1_t2844,0.0
PS1_t2845,0.0
PS1_t2846,0.0
PS1_t2847,0.0
PS1_t2848,0.0
PS1_t2833,0.0
PS1_t2834,0.0
PS1_t2835,0.0
PS1_t2836,0.0
PS1_t2837,0.0
PS1_t2838,0.0
PS1_t2839,0.0
PS1_t2840,0.0
PS1_t2825,0.0
PS1_t2826,0.0
PS1_t2827,0.0
PS1_t2828,0.0
PS1_t2829,0.0
PS1_t2830,0.0
PS1_t2831,0.0
PS1_t2832,0.0
PS1_t2881,0.0
PS1_t2882,0.0
PS1_t2883,0.0
PS1_t2884,0.0
PS1_t2885,0.0
PS1_t2886,0.0
PS1_t2887,0.0
PS1_t2888,0.0
PS1_t2873,0.0
PS1_t2874,0.0
PS1_t2875,0.0
PS1_t2876,0.0
PS1_t2877,0.0
PS1_t2878,0.0
PS1_t2879,0.0
PS1_t2880,0.0
PS1_t2865,0.0
PS1_t2866,0.0
PS1_t2867,0.0
PS1_t2868,0.0
PS1_t2869,0.0
PS1_t2870,0.0
PS1_t2871,0.0
PS1_t2872,0.0
PS1_t2857,0.0
PS1_t2858,0.0
PS1_t2859,0.0
PS1_t2860,0.0
PS1_t2861,0.0
PS1_t2862,0.0
PS1_t2863,0.0
PS1_t2864,0.0
PS1_t2913,0.0
PS1_t2914,0.0
PS1_t2915,0.0
PS1_t2916,0.0
PS1_t2917,0.0
PS1_t2918,0.0
PS1_t2919,0.0
PS1_t2920,0.0
PS1_t2905,0.0
PS1_t2906,0.0
PS1_t2907,0.0
PS1_t2908,0.0
PS1_t2909,0.0
PS1_t2910,0.0
PS1_t2911,0.0
PS1_t2912,0.0
PS1_t2897,0.0
PS1_t2898,0.0
PS1_t2899,0.0
PS1_t2900,0.0
PS1_t2901,0.0
PS1_t2902,0.0
PS1_t2903,0.0
PS1_t2904,0.0
PS1_t2889,0.0
PS1_t2890,0.0
PS1_t2891,0.0
PS1_t2892,0.0
PS1_t2893,0.0
PS1_t2894,0.0
PS1_t2895,0.0
PS1_t2896,0.0
PS1_t2945,0.0
PS1_t2946,0.0
PS1_t2947,0.0
PS1_t2948,0.0
PS1_t2949,0.0
PS1_t2950,0.0
PS1_t2951,0.0
PS1_t2952,0.0
PS1_t2937,0.0
PS1_t2938,0.0
PS1_t2939,0.0
PS1_t2940,0.0
PS1_t2941,0.0
PS1_t2942,0.0
PS1_t2943,0.0
PS1_t2944,0.0
PS1_t2929,0.0
PS1_t2930,0.0
PS1_t2931,0.0
PS1_t2932,0.0
PS1_t2933,0.0
PS1_t2934,0.0
PS1_t2935,0.0
PS1_t2936,0.0
PS1_t2921,0.0
PS1_t2922,0.0
PS1_t2923,0.0
PS1_t2924,0.0
PS1_t2925,0.0
PS1_t2926,0.0
PS1_t2927,0.0
PS1_t2928,0.0
PS1_t2977,0.0
PS1_t2978,0.0
PS1_t2979,0.0
PS1_t2980,0.0
PS1_t2981,0.0
PS1_t2982,0.0
PS1_t2983,0.0
PS1_t2984,0.0
PS1_t2969,0.0
PS1_t2970,0.0
PS1_t2971,0.0
PS1_t2972,0.0
PS1_t2973,0.0
PS1_t2974,0.0
PS1_t2975,0.0
PS1_t2976,0.0
PS1_t2961,0.0
PS1_t2962,0.0
PS1_t2963,0.0
PS1_t2964,0.0
PS1_t2965,0.0
PS1_t2966,0.0
PS1_t2967,0.0
PS1_t2968,0.0
PS1_t2953,0.0
PS1_t2954,0.0
PS1_t2955,0.0
PS1_t2956,0.0
PS1_t2957,0.0
PS1_t2958,0.0
PS1_t2959,0.0
PS1_t2960,0.0
PS1_t3009,0.0
PS1_t3010,0.0
PS1_t3011,0.0
PS1_t3012,0.0
PS1_t3013,0.0
PS1_t3014,0.0
PS1_t3015,0.0
PS1_t3016,0.0
PS1_t3001,0.0
PS1_t3002,0.0
PS1_t3003,0.0
PS1_t3004,0.0
PS1_t3005,0.0
PS1_t3006,0.0
PS1_t3007,0.0
PS1_t3008,0.0
PS1_t2993,0.0
PS1_t2994,0.0
PS1_t2995,0.0
PS1_t2996,0.0
PS1_t2997,0.0
PS1_t2998,0.0
PS1_t2999,0.0
PS1_t3000,0.0
PS1_t2985,0.0
PS1_t2986,0.0
PS1_t2987,0.0
PS1_t2988,0.0
PS1_t2989,0.0
PS1_t2990,0.0
PS1_t2991,0.0
PS1_t2992,0.0
PS1_t3041,0.0
PS1_t3042,0.0
PS1_t3043,0.0
PS1_t3044,0.0
PS1_t3045,0.0
PS1_t3046,0.0
PS1_t3047,0.0
PS1_t3048,0.0
PS1_t3033,0.0
PS1_t3034,0.0
PS1_t3035,0.0
PS1_t3036,0.0
PS1_t3037,0.0
PS1_t3038,0.0
PS1_t3039,0.0
PS1_t3040,0.0
PS1_t3025,0.0
PS1_t3026,0.0
PS1_t3027,0.0
PS1_t3028,0.0
PS1_t3029,0.0
PS1_t3030,0.0
PS1_t3031,0.0
PS1_t3032,0.0
PS1_t3017,0.0
PS1_t3018,0.0
PS1_t3019,0.0
PS1_t3020,0.0
PS1_t3021,0.0
PS1_t3022,0.0
PS1_t3023,0.0
PS1_t3024,0.0
PS1_t3073,0.0
PS1_t3074,0.0
PS1_t3075,0.0
PS1_t3076,0.0
PS1_t3077,0.0
PS1_t3078,0.0
PS1_t3079,0.0
PS1_t3080,0.0
PS1_t3065,0.0
PS1_t3066,0.0
PS1_t3067,0.0
PS1_t3068,0.0
PS1_t3069,0.0
PS1_t3070,0.0
PS1_t3071,0.0
PS1_t3072,0.0
PS1_t3057,0.0
PS1_t3058,0.0
PS1_t3059,0.0
PS1_t3060,0.0
PS1_t3061,0.0
PS1_t3062,0.0
PS1_t3063,0.0
PS1_t3064,0.0
PS1_t3049,0.0
PS1_t3050,0.0
PS1_t3051,0.0
PS1_t3052,0.0
PS1_t3053,0.0
PS1_t3054,0.0
PS1_t3055,0.0
PS1_t3056,0.0
PS1_t3105,0.0
PS1_t3106,0.0
PS1_t3107,0.0
PS1_t3108,0.0
PS1_t3109,0.0
PS1_t3110,0.0
PS1_t3111,0.0
PS1_t3112,0.0
PS1_t3097,0.0
PS1_t3098,0.0
PS1_t3099,0.0
PS1_t3100,0.0
PS1_t3101,0.0
PS1_t3102,0.0
PS1_t3103,0.0
PS1_t3104,0.0
PS1_t3089,0.0
PS1_t3090,0.0
PS1_t3091,0.0
PS1_t3092,0.0
PS1_t3093,0.0
PS1_t3094,0.0
PS1_t3095,0.0
PS1_t3096,0.0
PS1_t3081,0.0
PS1_t3082,0.0
PS1_t3083,0.0
PS1_t3084,0.0
PS1_t3085,0.0
PS1_t3086,0.0
PS1_t3087,0.0
PS1_t3088,0.0
PS1_t3137,0.0
PS1_t3138,0.0
PS1_t3139,0.0
PS1_t3140,0.0
PS1_t3141,0.0
PS1_t3142,0.0
PS1_t3143,0.0
PS1_t3144,0.0
PS1_t3129,0.0
PS1_t3130,0.0
PS1_t3131,0.0
PS1_t3132,0.0
PS1_t3133,0.0
PS1_t3134,0.0
PS1_t3135,0.0
PS1_t3136,0.0
PS1_t3121,0.0
PS1_t3122,0.0
PS1_t3123,0.0
PS1_t3124,0.0
PS1_t3125,0.0
PS1_t3126,0.0
PS1_t3127,0.0
PS1_t3128,0.0
PS1_t3113,0.0
PS1_t3114,0.0
PS1_t3115,0.0
PS1_t3116,0.0
PS1_t3117,0.0
PS1_t3118,0.0
PS1_t3119,0.0
PS1_t3120,0.0
PS1_t3169,0.0
PS1_t3170,0.0
PS1_t3171,0.0
PS1_t3172,0.0
PS1_t3173,0.0
PS1_t3174,0.0
PS1_t3175,0.0
PS1_t3176,0.0
PS1_t3161,0.0
PS1_t3162,0.0
PS1_t3163,0.0
PS1_t3164,0.0
PS1_t3165,0.0
PS1_t3166,0.0
PS1_t3167,0.0
PS1_t3168,0.0
PS1_t3153,0.0
PS1_t3154,0.0
PS1_t3155,0.0
PS1_t3156,0.0
PS1_t3157,0.0
PS1_t3158,0.0
PS1_t3159,0.0
PS1_t3160,0.0
PS1_t3145,0.0
PS1_t3146,0.0
PS1_t3147,0.0
PS1_t3148,0.0
PS1_t3149,0.0
PS1_t3150,0.0
PS1_t3151,0.0
PS1_t3152,0.0
PS1_t3201,0.0
PS1_t3202,0.0
PS1_t3203,0.0
PS1_t3204,0.0
PS1_t3205,0.0
PS1_t3206,0.0
PS1_t3207,0.0
PS1_t3208,0.0
PS1_t3193,0.0
PS1_t3194,0.0
PS1_t3195,0.0
PS1_t3196,0.0
PS1_t3197,0.0
PS1_t3198,0.0
PS1_t3199,0.0
PS1_t3200,0.0
PS1_t3185,0.0
PS1_t3186,0.0
PS1_t3187,0.0
PS1_t3188,0.0
PS1_t3189,0.0
PS1_t3190,0.0
PS1_t3191,0.0
PS1_t3192,0.0
PS1_t3177,0.0
PS1_t3178,0.0
PS1_t3179,0.0
PS1_t3180,0.0
PS1_t3181,0.0
PS1_t3182,0.0
PS1_t3183,0.0
PS1_t3184,0.0
PS1_t3233,0.0
PS1_t3234,0.0
PS1_t3235,0.0
PS1_t3236,0.0
PS1_t3237,0.0
PS1_t3238,0.0
PS1_t3239,0.0
PS1_t3240,0.0
PS1_t3225,0.0
PS1_t3226,0.0
PS1_t3227,0.0
PS1_t3228,0.0
PS1_t3229,0.0
PS1_t3230,0.0
PS1_t3231,0.0
PS1_t3232,0.0
PS1_t3217,0.0
PS1_t3218,0.0
PS1_t3219,0.0
PS1_t3220,0.0
PS1_t3221,0.0
PS1_t3222,0.0
PS1_t3223,0.0
PS1_t3224,0.0
PS1_t3209,0.0
PS1_t3210,0.0
PS1_t3211,0.0
PS1_t3212,0.0
PS1_t3213,0.0
PS1_t3214,0.0
PS1_t3215,0.0
PS1_t3216,0.0
PS1_t3265,0.0
PS1_t3266,0.0
PS1_t3267,0.0
PS1_t3268,0.0
PS1_t3269,0.0
PS1_t3270,0.0
PS1_t3271,0.0
PS1_t3272,0.0
PS1_t3257,0.0
PS1_t3258,0.0
PS1_t3259,0.0
PS1_t3260,0.0
PS1_t3261,0.0
PS1_t3262,0.0
PS1_t3263,0.0
PS1_t3264,0.0
PS1_t3249,0.0
PS1_t3250,0.0
PS1_t3251,0.0
PS1_t3252,0.0
PS1_t3253,0.0
PS1_t3254,0.0
PS1_t3255,0.0
PS1_t3256,0.0
PS1_t3241,0.0
PS1_t3242,0.0
PS1_t3243,0.0
PS1_t3244,0.0
PS1_t3245,0.0
PS1_t3246,0.0
PS1_t3247,0.0
PS1_t3248,0.0
PS1_t3297,0.0
PS1_t3298,0.0
PS1_t3299,0.0
PS1_t3300,0.0
PS1_t3301,0.0
PS1_t3302,0.0
PS1_t3303,0.0
PS1_t3304,0.0
PS1_t3289,0.0
PS1_t3290,0.0
PS1_t3291,0.0
PS1_t3292,0.0
PS1_t3293,0.0
PS1_t3294,0.0
PS1_t3295,0.0
PS1_t3296,0.0
PS1_t3281,0.0
PS1_t3282,0.0
PS1_t3283,0.0
PS1_t3284,0.0
PS1_t3285,0.0
PS1_t3286,0.0
PS1_t3287,0.0
PS1_t3288,0.0
PS1_t3273,0.0
PS1_t3274,0.0
PS1_t3275,0.0
PS1_t3276,0.0
PS1_t3277,0.0
PS1_t3278,0.0
PS1_t3279,0.0
PS1_t3280,0.0
PS1_t3329,0.0
PS1_t3330,0.0
PS1_t3331,0.0
PS1_t3332,0.0
PS1_t3333,0.0
PS1_t3334,0.0
PS1_t3335,0.0
PS1_t3336,0.0
PS1_t3321,0.0
PS1_t3322,0.0
PS1_t3323,0.0
PS1_t3324,0.0
PS1_t3325,0.0
PS1_t3326,0.0
PS1_t3327,0.0
PS1_t3328,0.0
PS1_t3313,0.0
PS1_t3314,0.0
PS1_t3315,0.0
PS1_t3316,0.0
PS1_t3317,0.0
PS1_t3318,0.0
PS1_t3319,0.0
PS1_t3320,0.0
PS1_t3305,0.0
PS1_t3306,0.0
PS1_t3307,0.0
PS1_t3308,0.0
PS1_t3309,0.0
PS1_t3310,0.0
PS1_t3311,0.0
PS1_t3312,0.0
PS1_t3361,0.0
PS1_t3362,0.0
PS1_t3363,0.0
PS1_t3364,0.0
PS1_t3365,0.0
PS1_t3366,0.0
PS1_t3367,0.0
PS1_t3368,0.0
PS1_t3353,0.0
PS1_t3354,0.0
PS1_t3355,0.0
PS1_t3356,0.0
PS1_t3357,0.0
PS1_t3358,0.0
PS1_t3359,0.0
PS1_t3360,0.0
PS1_t3345,0.0
PS1_t3346,0.0
PS1_t3347,0.0
PS1_t3348,0.0
PS1_t3349,0.0
PS1_t3350,0.0
PS1_t3351,0.0
PS1_t3352,0.0
PS1_t3337,0.0
PS1_t3338,0.0
PS1_t3339,0.0
PS1_t3340,0.0
PS1_t3341,0.0
PS1_t3342,0.0
PS1_t3343,0.0
PS1_t3344,0.0
PS1_t3393,0.0
PS1_t3394,0.0
PS1_t3395,0.0
PS1_t3396,0.0
PS1_t3397,0.0
PS1_t3398,0.0
PS1_t3399,0.0
PS1_t3400,0.0
PS1_t3385,0.0
PS1_t3386,0.0
PS1_t3387,0.0
PS1_t3388,0.0
PS1_t3389,0.0
PS1_t3390,0.0
PS1_t3391,0.0
PS1_t3392,0.0
PS1_t3377,0.0
PS1_t3378,0.0
PS1_t3379,0.0
PS1_t3380,0.0
PS1_t3381,0.0
PS1_t3382,0.0
PS1_t3383,0.0
PS1_t3384,0.0
PS1_t3369,0.0
PS1_t3370,0.0
PS1_t3371,0.0
PS1_t3372,0.0
PS1_t3373,0.0
PS1_t3374,0.0
PS1_t3375,0.0
PS1_t3376,0.0
PS1_t3425,0.0
PS1_t3426,0.0
PS1_t3427,0.0
PS1_t3428,0.0
PS1_t3429,0.0
PS1_t3430,0.0
PS1_t3431,0.0
PS1_t3432,0.0
PS1_t3417,0.0
PS1_t3418,0.0
PS1_t3419,0.0
PS1_t3420,0.0
PS1_t3421,0.0
PS1_t3422,0.0
PS1_t3423,0.0
PS1_t3424,0.0
PS1_t3409,0.0
PS1_t3410,0.0
PS1_t3411,0.0
PS1_t3412,0.0
PS1_t3413,0.0
PS1_t3414,0.0
PS1_t3415,0.0
PS1_t3416,0.0
PS1_t3401,0.0
PS1_t3402,0.0
PS1_t3403,0.0
PS1_t3404,0.0
PS1_t3405,0.0
PS1_t3406,0.0
PS1_t3407,0.0
PS1_t3408,0.0
PS1_t3457,0.0
PS1_t3458,0.0
PS1_t3459,0.0
PS1_t3460,0.0
PS1_t3461,0.0
PS1_t3462,0.0
PS1_t3463,0.0
PS1_t3464,0.0
PS1_t3449,0.0
PS1_t3450,0.0
PS1_t3451,0.0
PS1_t3452,0.0
PS1_t3453,0.0
PS1_t3454,0.0
PS1_t3455,0.0
PS1_t3456,0.0
PS1_t3441,0.0
PS1_t3442,0.0
PS1_t3443,0.0
PS1_t3444,0.0
PS1_t3445,0.0
PS1_t3446,0.0
PS1_t3447,0.0
PS1_t3448,0.0
PS1_t3433,0.0
PS1_t3434,0.0
PS1_t3435,0.0
PS1_t3436,0.0
PS1_t3437,0.0
PS1_t3438,0.0
PS1_t3439,0.0
PS1_t3440,0.0
PS1_t3489,0.0
PS1_t3490,0.0
PS1_t3491,0.0
PS1_t3492,0.0
PS1_t3493,0.0
PS1_t3494,0.0
PS1_t3495,0.0
PS1_t3496,0.0
PS1_t3481,0.0
PS1_t3482,0.0
PS1_t3483,0.0
PS1_t3484,0.0
PS1_t3485,0.0
PS1_t3486,0.0
PS1_t3487,0.0
PS1_t3488,0.0
PS1_t3473,0.0
PS1_t3474,0.0
PS1_t3475,0.0
PS1_t3476,0.0
PS1_t3477,0.0
PS1_t3478,0.0
PS1_t3479,0.0
PS1_t3480,0.0
PS1_t3465,0.0
PS1_t3466,0.0
PS1_t3467,0.0
PS1_t3468,0.0
PS1_t3469,0.0
PS1_t3470,0.0
PS1_t3471,0.0
PS1_t3472,0.0
PS1_t3521,0.0
PS1_t3522,0.0
PS1_t3523,0.0
PS1_t3524,0.0
PS1_t3525,0.0
PS1_t3526,0.0
PS1_t3527,0.0
PS1_t3528,0.0
PS1_t3513,0.0
PS1_t3514,0.0
PS1_t3515,0.0
PS1_t3516,0.0
PS1_t3517,0.0
PS1_t3518,0.0
PS1_t3519,0.0
PS1_t3520,0.0
PS1_t3505,0.0
PS1_t3506,0.0
PS1_t3507,0.0
PS1_t3508,0.0
PS1_t3509,0.0
PS1_t3510,0.0
PS1_t3511,0.0
PS1_t3512,0.0
PS1_t3497,0.0
PS1_t3498,0.0
PS1_t3499,0.0
PS1_t3500,0.0
PS1_t3501,0.0
PS1_t3502,0.0
PS1_t3503,0.0
PS1_t3504,0.0
PS1_t3553,0.0
PS1_t3554,0.0
PS1_t3555,0.0
PS1_t3556,0.0
PS1_t3557,0.0
PS1_t3558,0.0
PS1_t3559,0.0
PS1_t3560,0.0
PS1_t3545,0.0
PS1_t3546,0.0
PS1_t3547,0.0
PS1_t3548,0.0
PS1_t3549,0.0
PS1_t3550,0.0
PS1_t3551,0.0
PS1_t3552,0.0
PS1_t3537,0.0
PS1_t3538,0.0
PS1_t3539,0.0
PS1_t3540,0.0
PS1_t3541,0.0
PS1_t3542,0.0
PS1_t3543,0.0
PS1_t3544,0.0
PS1_t3529,0.0
PS1_t3530,0.0
PS1_t3531,0.0
PS1_t3532,0.0
PS1_t3533,0.0
PS1_t3534,0.0
PS1_t3535,0.0
PS1_t3536,0.0
PS1_t3585,0.0
PS1_t3586,0.0
PS1_t3587,0.0
PS1_t3588,0.0
PS1_t3589,0.0
PS1_t3590,0.0
PS1_t3591,0.0
PS1_t3592,0.0
PS1_t3577,0.0
PS1_t3578,0.0
PS1_t3579,0.0
PS1_t3580,0.0
PS1_t3581,0.0
PS1_t3582,0.0
PS1_t3583,0.0
PS1_t3584,0.0
PS1_t3569,0.0
PS1_t3570,0.0
PS1_t3571,0.0
PS1_t3572,0.0
PS1_t3573,0.0
PS1_t3574,0.0
PS1_t3575,0.0
PS1_t3576,0.0
PS1_t3561,0.0
PS1_t3562,0.0
PS1_t3563,0.0
PS1_t3564,0.0
PS1_t3565,0.0
PS1_t3566,0.0
PS1_t3567,0.0
PS1_t3568,0.0
PS1_t3617,0.0
PS1_t3618,0.0
PS1_t3619,0.0
PS1_t3620,0.0
PS1_t3621,0.0
PS1_t3622,0.0
PS1_t3623,0.0
PS1_t3624,0.0
PS1_t3609,0.0
PS1_t3610,0.0
PS1_t3611,0.0
PS1_t3612,0.0
PS1_t3613,0.0
PS1_t3614,0.0
PS1_t3615,0.0
PS1_t3616,0.0
PS1_t3601,0.0
PS1_t3602,0.0
PS1_t3603,0.0
PS1_t3604,0.0
PS1_t3605,0.0
PS1_t3606,0.0
PS1_t3607,0.0
PS1_t3608,0.0
PS1_t3593,0.0
PS1_t3594,0.0
PS1_t3595,0.0
PS1_t3596,0.0
PS1_t3597,0.0
PS1_t3598,0.0
PS1_t3599,0.0
PS1_t3600,0.0
PS1_t3649,0.0
PS1_t3650,0.0
PS1_t3651,0.0
PS1_t3652,0.0
PS1_t3653,0.0
PS1_t3654,0.0
PS1_t3655,0.0
PS1_t3656,0.0
PS1_t3641,0.0
PS1_t3642,0.0
PS1_t3643,0.0
PS1_t3644,0.0
PS1_t3645,0.0
PS1_t3646,0.0
PS1_t3647,0.0
PS1_t3648,0.0
PS1_t3633,0.0
PS1_t3634,0.0
PS1_t3635,0.0
PS1_t3636,0.0
PS1_t3637,0.0
PS1_t3638,0.0
PS1_t3639,0.0
PS1_t3640,0.0
PS1_t3625,0.0
PS1_t3626,0.0
PS1_t3627,0.0
PS1_t3628,0.0
PS1_t3629,0.0
PS1_t3630,0.0
PS1_t3631,0.0
PS1_t3632,0.0
PS1_t3681,0.0
PS1_t3682,0.0
PS1_t3683,0.0
PS1_t3684,0.0
PS1_t3685,0.0
PS1_t3686,0.0
PS1_t3687,0.0
PS1_t3688,0.0
PS1_t3673,0.0
PS1_t3674,0.0
PS1_t3675,0.0
PS1_t3676,0.0
PS1_t3677,0.0
PS1_t3678,0.0
PS1_t3679,0.0
PS1_t3680,0.0
PS1_t3665,0.0
PS1_t3666,0.0
PS1_t3667,0.0
PS1_t3668,0.0
PS1_t3669,0.0
PS1_t3670,0.0
PS1_t3671,0.0
PS1_t3672,0.0
PS1_t3657,0.0
PS1_t3658,0.0
PS1_t3659,0.0
PS1_t3660,0.0
PS1_t3661,0.0
PS1_t3662,0.0
PS1_t3663,0.0
PS1_t3664,0.0
PS1_t3713,0.0
PS1_t3714,0.0
PS1_t3715,0.0
PS1_t3716,0.0
PS1_t3717,0.0
PS1_t3718,0.0
PS1_t3719,0.0
PS1_t3720,0.0
PS1_t3705,0.0
PS1_t3706,0.0
PS1_t3707,0.0
PS1_t3708,0.0
PS1_t3709,0.0
PS1_t3710,0.0
PS1_t3711,0.0
PS1_t3712,0.0
PS1_t3697,0.0
PS1_t3698,0.0
PS1_t3699,0.0
PS1_t3700,0.0
PS1_t3701,0.0
PS1_t3702,0.0
PS1_t3703,0.0
PS1_t3704,0.0
PS1_t3689,0.0
PS1_t3690,0.0
PS1_t3691,0.0
PS1_t3692,0.0
PS1_t3693,0.0
PS1_t3694,0.0
PS1_t3695,0.0
PS1_t3696,0.0
PS1_t3745,0.0
PS1_t3746,0.0
PS1_t3747,0.0
PS1_t3748,0.0
PS1_t3749,0.0
PS1_t3750,0.0
PS1_t3751,0.0
PS1_t3752,0.0
PS1_t3737,0.0
PS1_t3738,0.0
PS1_t3739,0.0
PS1_t3740,0.0
PS1_t3741,0.0
PS1_t3742,0.0
PS1_t3743,0.0
PS1_t3744,0.0
PS1_t3729,0.0
PS1_t3730,0.0
PS1_t3731,0.0
PS1_t3732,0.0
PS1_t3733,0.0
PS1_t3734,0.0
PS1_t3735,0.0
PS1_t3736,0.0
PS1_t3721,0.0
PS1_t3722,0.0
PS1_t3723,0.0
PS1_t3724,0.0
PS1_t3725,0.0
PS1_t3726,0.0
PS1_t3727,0.0
PS1_t3728,0.0
PS1_t3777,0.0
PS1_t3778,0.0
PS1_t3779,0.0
PS1_t3780,0.0
PS1_t3781,0.0
PS1_t3782,0.0
PS1_t3783,0.0
PS1_t3784,0.0
PS1_t3769,0.0
PS1_t3770,0.0
PS1_t3771,0.0
PS1_t3772,0.0
PS1_t3773,0.0
PS1_t3774,0.0
PS1_t3775,0.0
PS1_t3776,0.0
PS1_t3761,0.0
PS1_t3762,0.0
PS1_t3763,0.0
PS1_t3764,0.0
PS1_t3765,0.0
PS1_t3766,0.0
PS1_t3767,0.0
PS1_t3768,0.0
PS1_t3753,0.0
PS1_t3754,0.0
PS1_t3755,0.0
PS1_t3756,0.0
PS1_t3757,0.0
PS1_t3758,0.0
PS1_t3759,0.0
PS1_t3760,0.0
PS1_t3809,0.0
PS1_t3810,0.0
PS1_t3811,0.0
PS1_t3812,0.0
PS1_t3813,0.0
PS1_t3814,0.0
PS1_t3815,0.0
PS1_t3816,0.0
PS1_t3801,0.0
PS1_t3802,0.0
PS1_t3803,0.0
PS1_t3804,0.0
PS1_t3805,0.0
PS1_t3806,0.0
PS1_t3807,0.0
PS1_t3808,0.0
PS1_t3793,0.0
PS1_t3794,0.0
PS1_t3795,0.0
PS1_t3796,0.0
PS1_t3797,0.0
PS1_t3798,0.0
PS1_t3799,0.0
PS1_t3800,0.0
PS1_t3785,0.0
PS1_t3786,0.0
PS1_t3787,0.0
PS1_t3788,0.0
PS1_t3789,0.0
PS1_t3790,0.0
PS1_t3791,0.0
PS1_t3792,0.0
PS1_t3841,0.0
PS1_t3842,0.0
PS1_t3843,0.0
PS1_t3844,0.0
PS1_t3845,0.0
PS1_t3846,0.0
PS1_t3847,0.0
PS1_t3848,0.0
PS1_t3833,0.0
PS1_t3834,0.0
PS1_t3835,0.0
PS1_t3836,0.0
PS1_t3837,0.0
PS1_t3838,0.0
PS1_t3839,0.0
PS1_t3840,0.0
PS1_t3825,0.0
PS1_t3826,0.0
PS1_t3827,0.0
PS1_t3828,0.0
PS1_t3829,0.0
PS1_t3830,0.0
PS1_t3831,0.0
PS1_t3832,0.0
PS1_t3817,0.0
PS1_t3818,0.0
PS1_t3819,0.0
PS1_t3820,0.0
PS1_t3821,0.0
PS1_t3822,0.0
PS1_t3823,0.0
PS1_t3824,0.0
PS1_t3873,0.0
PS1_t3874,0.0
PS1_t3875,0.0
PS1_t3876,0.0
PS1_t3877,0.0
PS1_t3878,0.0
PS1_t3879,0.0
PS1_t3880,0.0
PS1_t3865,0.0
PS1_t3866,0.0
PS1_t3867,0.0
PS1_t3868,0.0
PS1_t3869,0.0
PS1_t3870,0.0
PS1_t3871,0.0
PS1_t3872,0.0
PS1_t3857,0.0
PS1_t3858,0.0
PS1_t3859,0.0
PS1_t3860,0.0
PS1_t3861,0.0
PS1_t3862,0.0
PS1_t3863,0.0
PS1_t3864,0.0
PS1_t3849,0.0
PS1_t3850,0.0
PS1_t3851,0.0
PS1_t3852,0.0
PS1_t3853,0.0
PS1_t3854,0.0
PS1_t3855,0.0
PS1_t3856,0.0
PS1_t3905,0.0
PS1_t3906,0.0
PS1_t3907,0.0
PS1_t3908,0.0
PS1_t3909,0.0
PS1_t3910,0.0
PS1_t3911,0.0
PS1_t3912,0.0
PS1_t3897,0.0
PS1_t3898,0.0
PS1_t3899,0.0
PS1_t3900,0.0
PS1_t3901,0.0
PS1_t3902,0.0
PS1_t3903,0.0
PS1_t3904,0.0
PS1_t3889,0.0
PS1_t3890,0.0
PS1_t3891,0.0
PS1_t3892,0.0
PS1_t3893,0.0
PS1_t3894,0.0
PS1_t3895,0.0
PS1_t3896,0.0
PS1_t3881,0.0
PS1_t3882,0.0
PS1_t3883,0.0
PS1_t3884,0.0
PS1_t3885,0.0
PS1_t3886,0.0
PS1_t3887,0.0
PS1_t3888,0.0
PS1_t3937,0.0
PS1_t3938,0.0
PS1_t3939,0.0
PS1_t3940,0.0
PS1_t3941,0.0
PS1_t3942,0.0
PS1_t3943,0.0
PS1_t3944,0.0
PS1_t3929,0.0
PS1_t3930,0.0
PS1_t3931,0.0
PS1_t3932,0.0
PS1_t3933,0.0
PS1_t3934,0.0
PS1_t3935,0.0
PS1_t3936,0.0
PS1_t3921,0.0
PS1_t3922,0.0
PS1_t3923,0.0
PS1_t3924,0.0
PS1_t3925,0.0
PS1_t3926,0.0
PS1_t3927,0.0
PS1_t3928,0.0
PS1_t3913,0.0
PS1_t3914,0.0
PS1_t3915,0.0
PS1_t3916,0.0
PS1_t3917,0.0
PS1_t3918,0.0
PS1_t3919,0.0
PS1_t3920,0.0
PS1_t3969,0.0
PS1_t3970,0.0
PS1_t3971,0.0
PS1_t3972,0.0
PS1_t3973,0.0
PS1_t3974,0.0
PS1_t3975,0.0
PS1_t3976,0.0
PS1_t3961,0.0
PS1_t3962,0.0
PS1_t3963,0.0
PS1_t3964,0.0
PS1_t3965,0.0
PS1_t3966,0.0
PS1_t3967,0.0
PS1_t3968,0.0
PS1_t3953,0.0
PS1_t3954,0.0
PS1_t3955,0.0
PS1_t3956,0.0
PS1_t3957,0.0
PS1_t3958,0.0
PS1_t3959,0.0
PS1_t3960,0.0
PS1_t3945,0.0
PS1_t3946,0.0
PS1_t3947,0.0
PS1_t3948,0.0
PS1_t3949,0.0
PS1_t3950,0.0
PS1_t3951,0.0
PS1_t3952,0.0
PS1_t4001,0.0
PS1_t4002,0.0
PS1_t4003,0.0
PS1_t4004,0.0
PS1_t4005,0.0
PS1_t4006,0.0
PS1_t4007,0.0
PS1_t4008,0.0
PS1_t3993,0.0
PS1_t3994,0.0
PS1_t3995,0.0
PS1_t3996,0.0
PS1_t3997,0.0
PS1_t3998,0.0
PS1_t3999,0.0
PS1_t4000,0.0
PS1_t3985,0.0
PS1_t3986,0.0
PS1_t3987,0.0
PS1_t3988,0.0
PS1_t3989,0.0
PS1_t3990,0.0
PS1_t3991,0.0
PS1_t3992,0.0
PS1_t3977,0.0
PS1_t3978,0.0
PS1_t3979,0.0
PS1_t3980,0.0
PS1_t3981,0.0
PS1_t3982,0.0
PS1_t3983,0.0
PS1_t3984,0.0
PS1_t4033,0.0
PS1_t4034,0.0
PS1_t4035,0.0
PS1_t4036,0.0
PS1_t4037,0.0
PS1_t4038,0.0
PS1_t4039,0.0
PS1_t4040,0.0
PS1_t4025,0.0
PS1_t4026,0.0
PS1_t4027,0.0
PS1_t4028,0.0
PS1_t4029,0.0
PS1_t4030,0.0
PS1_t4031,0.0
PS1_t4032,0.0
PS1_t4017,0.0
PS1_t4018,0.0
PS1_t4019,0.0
PS1_t4020,0.0
PS1_t4021,0.0
PS1_t4022,0.0
PS1_t4023,0.0
PS1_t4024,0.0
PS1_t4009,0.0
PS1_t4010,0.0
PS1_t4011,0.0
PS1_t4012,0.0
PS1_t4013,0.0
PS1_t4014,0.0
PS1_t4015,0.0
PS1_t4016,0.0
PS1_t4065,0.0
PS1_t4066,0.0
PS1_t4067,0.0
PS1_t4068,0.0
PS1_t4069,0.0
PS1_t4070,0.0
PS1_t4071,0.0
PS1_t4072,0.0
PS1_t4057,0.0
PS1_t4058,0.0
PS1_t4059,0.0
PS1_t4060,0.0
PS1_t4061,0.0
PS1_t4062,0.0
PS1_t4063,0.0
PS1_t4064,0.0
PS1_t4049,0.0
PS1_t4050,0.0
PS1_t4051,0.0
PS1_t4052,0.0
PS1_t4053,0.0
PS1_t4054,0.0
PS1_t4055,0.0
PS1_t4056,0.0
PS1_t4041,0.0
PS1_t4042,0.0
PS1_t4043,0.0
PS1_t4044,0.0
PS1_t4045,0.0
PS1_t4046,0.0
PS1_t4047,0.0
PS1_t4048,0.0
PS1_t4097,0.0
PS1_t4098,0.0
PS1_t4099,0.0
PS1_t4100,0.0
PS1_t4101,0.0
PS1_t4102,0.0
PS1_t4103,0.0
PS1_t4104,0.0
PS1_t4089,0.0
PS1_t4090,0.0
PS1_t4091,0.0
PS1_t4092,0.0
PS1_t4093,0.0
PS1_t4094,0.0
PS1_t4095,0.0
PS1_t4096,0.0
PS1_t4081,0.0
PS1_t4082,0.0
PS1_t4083,0.0
PS1_t4084,0.0
PS1_t4085,0.0
PS1_t4086,0.0
PS1_t4087,0.0
PS1_t4088,0.0
PS1_t4073,0.0
PS1_t4074,0.0
PS1_t4075,0.0
PS1_t4076,0.0
PS1_t4077,0.0
PS1_t4078,0.0
PS1_t4079,0.0
PS1_t4080,0.0
PS1_t4129,0.0
PS1_t4130,0.0
PS1_t4131,0.0
PS1_t4132,0.0
PS1_t4133,0.0
PS1_t4134,0.0
PS1_t4135,0.0
PS1_t4136,0.0
PS1_t4121,0.0
PS1_t4122,0.0
PS1_t4123,0.0
PS1_t4124,0.0
PS1_t4125,0.0
PS1_t4126,0.0
PS1_t4127,0.0
PS1_t4128,0.0
PS1_t4113,0.0
PS1_t4114,0.0
PS1_t4115,0.0
PS1_t4116,0.0
PS1_t4117,0.0
PS1_t4118,0.0
PS1_t4119,0.0
PS1_t4120,0.0
PS1_t4105,0.0
PS1_t4106,0.0
PS1_t4107,0.0
PS1_t4108,0.0
PS1_t4109,0.0
PS1_t4110,0.0
PS1_t4111,0.0
PS1_t4112,0.0
PS1_t4161,0.0
PS1_t4162,0.0
PS1_t4163,0.0
PS1_t4164,0.0
PS1_t4165,0.0
PS1_t4166,0.0
PS1_t4167,0.0
PS1_t4168,0.0
PS1_t4153,0.0
PS1_t4154,0.0
PS1_t4155,0.0
PS1_t4156,0.0
PS1_t4157,0.0
PS1_t4158,0.0
PS1_t4159,0.0
PS1_t4160,0.0
PS1_t4145,0.0
PS1_t4146,0.0
PS1_t4147,0.0
PS1_t4148,0.0
PS1_t4149,0.0
PS1_t4150,0.0
PS1_t4151,0.0
PS1_t4152,0.0
PS1_t4137,0.0
PS1_t4138,0.0
PS1_t4139,0.0
PS1_t4140,0.0
PS1_t4141,0.0
PS1_t4142,0.0
PS1_t4143,0.0
PS1_t4144,0.0
PS1_t4193,0.0
PS1_t4194,0.0
PS1_t4195,0.0
PS1_t4196,0.0
PS1_t4197,0.0
PS1_t4198,0.0
PS1_t4199,0.0
PS1_t4200,0.0
PS1_t4185,0.0
PS1_t4186,0.0
PS1_t4187,0.0
PS1_t4188,0.0
PS1_t4189,0.0
PS1_t4190,0.0
PS1_t4191,0.0
PS1_t4192,0.0
PS1_t4177,0.0
PS1_t4178,0.0
PS1_t4179,0.0
PS1_t4180,0.0
PS1_t4181,0.0
PS1_t4182,0.0
PS1_t4183,0.0
PS1_t4184,0.0
PS1_t4169,0.0
PS1_t4170,0.0
PS1_t4171,0.0
PS1_t4172,0.0
PS1_t4173,0.0
PS1_t4174,0.0
PS1_t4175,0.0
PS1_t4176,0.0
PS1_t4225,0.0
PS1_t4226,0.0
PS1_t4227,0.0
PS1_t4228,0.0
PS1_t4229,0.0
PS1_t4230,0.0
PS1_t4231,0.0
PS1_t4232,0.0
PS1_t4217,0.0
PS1_t4218,0.0
PS1_t4219,0.0
PS1_t4220,0.0
PS1_t4221,0.0
PS1_t4222,0.0
PS1_t4223,0.0
PS1_t4224,0.0
PS1_t4209,0.0
PS1_t4210,0.0
PS1_t4211,0.0
PS1_t4212,0.0
PS1_t4213,0.0
PS1_t4214,0.0
PS1_t4215,0.0
PS1_t4216,0.0
PS1_t4201,0.0
PS1_t4202,0.0
PS1_t4203,0.0
PS1_t4204,0.0
PS1_t4205,0.0
PS1_t4206,0.0
PS1_t4207,0.0
PS1_t4208,0.0
PS1_t4257,0.0
PS1_t4258,0.0
PS1_t4259,0.0
PS1_t4260,0.0
PS1_t4261,0.0
PS1_t4262,0.0
PS1_t4263,0.0
PS1_t4264,0.0
PS1_t4249,0.0
PS1_t4250,0.0
PS1_t4251,0.0
PS1_t4252,0.0
PS1_t4253,0.0
PS1_t4254,0.0
PS1_t4255,0.0
PS1_t4256,0.0
PS1_t4241,0.0
PS1_t4242,0.0
PS1_t4243,0.0
PS1_t4244,0.0
PS1_t4245,0.0
PS1_t4246,0.0
PS1_t4247,0.0
PS1_t4248,0.0
PS1_t4233,0.0
PS1_t4234,0.0
PS1_t4235,0.0
PS1_t4236,0.0
PS1_t4237,0.0
PS1_t4238,0.0
PS1_t4239,0.0
PS1_t4240,0.0
PS1_t4289,0.0
PS1_t4290,0.0
PS1_t4291,0.0
PS1_t4292,0.0
PS1_t4293,0.0
PS1_t4294,0.0
PS1_t4295,0.0
PS1_t4296,0.0
PS1_t4281,0.0
PS1_t4282,0.0
PS1_t4283,0.0
PS1_t4284,0.0
PS1_t4285,0.0
PS1_t4286,0.0
PS1_t4287,0.0
PS1_t4288,0.0
PS1_t4273,0.0
PS1_t4274,0.0
PS1_t4275,0.0
PS1_t4276,0.0
PS1_t4277,0.0
PS1_t4278,0.0
PS1_t4279,0.0
PS1_t4280,0.0
PS1_t4265,0.0
PS1_t4266,0.0
PS1_t4267,0.0
PS1_t4268,0.0
PS1_t4269,0.0
PS1_t4270,0.0
PS1_t4271,0.0
PS1_t4272,0.0
PS1_t4321,0.0
PS1_t4322,0.0
PS1_t4323,0.0
PS1_t4324,0.0
PS1_t4325,0.0
PS1_t4326,0.0
PS1_t4327,0.0
PS1_t4328,0.0
PS1_t4313,0.0
PS1_t4314,0.0
PS1_t4315,0.0
PS1_t4316,0.0
PS1_t4317,0.0
PS1_t4318,0.0
PS1_t4319,0.0
PS1_t4320,0.0
PS1_t4305,0.0
PS1_t4306,0.0
PS1_t4307,0.0
PS1_t4308,0.0
PS1_t4309,0.0
PS1_t4310,0.0
PS1_t4311,0.0
PS1_t4312,0.0
PS1_t4297,0.0
PS1_t4298,0.0
PS1_t4299,0.0
PS1_t4300,0.0
PS1_t4301,0.0
PS1_t4302,0.0
PS1_t4303,0.0
PS1_t4304,0.0
PS1_t4353,0.0
PS1_t4354,0.0
PS1_t4355,0.0
PS1_t4356,0.0
PS1_t4357,0.0
PS1_t4358,0.0
PS1_t4359,0.0
PS1_t4360,0.0
PS1_t4345,0.0
PS1_t4346,0.0
PS1_t4347,0.0
PS1_t4348,0.0
PS1_t4349,0.0
PS1_t4350,0.0
PS1_t4351,0.0
PS1_t4352,0.0
PS1_t4337,0.0
PS1_t4338,0.0
PS1_t4339,0.0
PS1_t4340,0.0
PS1_t4341,0.0
PS1_t4342,0.0
PS1_t4343,0.0
PS1_t4344,0.0
PS1_t4329,0.0
PS1_t4330,0.0
PS1_t4331,0.0
PS1_t4332,0.0
PS1_t4333,0.0
PS1_t4334,0.0
PS1_t4335,0.0
PS1_t4336,0.0
PS1_t4385,0.0
PS1_t4386,0.0
PS1_t4387,0.0
PS1_t4388,0.0
PS1_t4389,0.0
PS1_t4390,0.0
PS1_t4391,0.0
PS1_t4392,0.0
PS1_t4377,0.0
PS1_t4378,0.0
PS1_t4379,0.0
PS1_t4380,0.0
PS1_t4381,0.0
PS1_t4382,0.0
PS1_t4383,0.0
PS1_t4384,0.0
PS1_t4369,0.0
PS1_t4370,0.0
PS1_t4371,0.0
PS1_t4372,0.0
PS1_t4373,0.0
PS1_t4374,0.0
PS1_t4375,0.0
PS1_t4376,0.0
PS1_t4361,0.0
PS1_t4362,0.0
PS1_t4363,0.0
PS1_t4364,0.0
PS1_t4365,0.0
PS1_t4366,0.0
PS1_t4367,0.0
PS1_t4368,0.0
PS1_t4417,0.0
PS1_t4418,0.0
PS1_t4419,0.0
PS1_t4420,0.0
PS1_t4421,0.0
PS1_t4422,0.0
PS1_t4423,0.0
PS1_t4424,0.0
PS1_t4409,0.0
PS1_t4410,0.0
PS1_t4411,0.0
PS1_t4412,0.0
PS1_t4413,0.0
PS1_t4414,0.0
PS1_t4415,0.0
PS1_t4416,0.0
PS1_t4401,0.0
PS1_t4402,0.0
PS1_t4403,0.0
PS1_t4404,0.0
PS1_t4405,0.0
PS1_t4406,0.0
PS1_t4407,0.0
PS1_t4408,0.0
PS1_t4393,0.0
PS1_t4394,0.0
PS1_t4395,0.0
PS1_t4396,0.0
PS1_t4397,0.0
PS1_t4398,0.0
PS1_t4399,0.0
PS1_t4400,0.0
PS1_t4449,0.0
PS1_t4450,0.0
PS1_t4451,0.0
PS1_t4452,0.0
PS1_t4453,0.0
PS1_t4454,0.0
PS1_t4455,0.0
PS1_t4456,0.0
PS1_t4441,0.0
PS1_t4442,0.0
PS1_t4443,0.0
PS1_t4444,0.0
PS1_t4445,0.0
PS1_t4446,0.0
PS1_t4447,0.0
PS1_t4448,0.0
PS1_t4433,0.0
PS1_t4434,0.0
PS1_t4435,0.0
PS1_t4436,0.0
PS1_t4437,0.0
PS1_t4438,0.0
PS1_t4439,0.0
PS1_t4440,0.0
PS1_t4425,0.0
PS1_t4426,0.0
PS1_t4427,0.0
PS1_t4428,0.0
PS1_t4429,0.0
PS1_t4430,0.0
PS1_t4431,0.0
PS1_t4432,0.0
PS1_t4481,0.0
PS1_t4482,0.0
PS1_t4483,0.0
PS1_t4484,0.0
PS1_t4485,0.0
PS1_t4486,0.0
PS1_t4487,0.0
PS1_t4488,0.0
PS1_t4473,0.0
PS1_t4474,0.0
PS1_t4475,0.0
PS1_t4476,0.0
PS1_t4477,0.0
PS1_t4478,0.0
PS1_t4479,0.0
PS1_t4480,0.0
PS1_t4465,0.0
PS1_t4466,0.0
PS1_t4467,0.0
PS1_t4468,0.0
PS1_t4469,0.0
PS1_t4470,0.0
PS1_t4471,0.0
PS1_t4472,0.0
PS1_t4457,0.0
PS1_t4458,0.0
PS1_t4459,0.0
PS1_t4460,0.0
PS1_t4461,0.0
PS1_t4462,0.0
PS1_t4463,0.0
PS1_t4464,0.0
PS1_t4513,0.0
PS1_t4514,0.0
PS1_t4515,0.0
PS1_t4516,0.0
PS1_t4517,0.0
PS1_t4518,0.0
PS1_t4519,0.0
PS1_t4520,0.0
PS1_t4505,0.0
PS1_t4506,0.0
PS1_t4507,0.0
PS1_t4508,0.0
PS1_t4509,0.0
PS1_t4510,0.0
PS1_t4511,0.0
PS1_t4512,0.0
PS1_t4497,0.0
PS1_t4498,0.0
PS1_t4499,0.0
PS1_t4500,0.0
PS1_t4501,0.0
PS1_t4502,0.0
PS1_t4503,0.0
PS1_t4504,0.0
PS1_t4489,0.0
PS1_t4490,0.0
PS1_t4491,0.0
PS1_t4492,0.0
PS1_t4493,0.0
PS1_t4494,0.0
PS1_t4495,0.0
PS1_t4496,0.0
PS1_t4545,0.0
PS1_t4546,0.0
PS1_t4547,0.0
PS1_t4548,0.0
PS1_t4549,0.0
PS1_t4550,0.0
PS1_t4551,0.0
PS1_t4552,0.0
PS1_t4537,0.0
PS1_t4538,0.0
PS1_t4539,0.0
PS1_t4540,0.0
PS1_t4541,0.0
PS1_t4542,0.0
PS1_t4543,0.0
PS1_t4544,0.0
PS1_t4529,0.0
PS1_t4530,0.0
PS1_t4531,0.0
PS1_t4532,0.0
PS1_t4533,0.0
PS1_t4534,0.0
PS1_t4535,0.0
PS1_t4536,0.0
PS1_t4521,0.0
PS1_t4522,0.0
PS1_t4523,0.0
PS1_t4524,0.0
PS1_t4525,0.0
PS1_t4526,0.0
PS1_t4527,0.0
PS1_t4528,0.0
PS1_t4577,0.0
PS1_t4578,0.0
PS1_t4579,0.0
PS1_t4580,0.0
PS1_t4581,0.0
PS1_t4582,0.0
PS1_t4583,0.0
PS1_t4584,0.0
PS1_t4569,0.0
PS1_t4570,0.0
PS1_t4571,0.0
PS1_t4572,0.0
PS1_t4573,0.0
PS1_t4574,0.0
PS1_t4575,0.0
PS1_t4576,0.0
PS1_t4561,0.0
PS1_t4562,0.0
PS1_t4563,0.0
PS1_t4564,0.0
PS1_t4565,0.0
PS1_t4566,0.0
PS1_t4567,0.0
PS1_t4568,0.0
PS1_t4553,0.0
PS1_t4554,0.0
PS1_t4555,0.0
PS1_t4556,0.0
PS1_t4557,0.0
PS1_t4558,0.0
PS1_t4559,0.0
PS1_t4560,0.0
PS1_t4609,0.0
PS1_t4610,0.0
PS1_t4611,0.0
PS1_t4612,0.0
PS1_t4613,0.0
PS1_t4614,0.0
PS1_t4615,0.0
PS1_t4616,0.0
PS1_t4601,0.0
PS1_t4602,0.0
PS1_t4603,0.0
PS1_t4604,0.0
PS1_t4605,0.0
PS1_t4606,0.0
PS1_t4607,0.0
PS1_t4608,0.0
PS1_t4593,0.0
PS1_t4594,0.0
PS1_t4595,0.0
PS1_t4596,0.0
PS1_t4597,0.0
PS1_t4598,0.0
PS1_t4599,0.0
PS1_t4600,0.0
PS1_t4585,0.0
PS1_t4586,0.0
PS1_t4587,0.0
PS1_t4588,0.0
PS1_t4589,0.0
PS1_t4590,0.0
PS1_t4591,0.0
PS1_t4592,0.0
PS1_t4641,0.0
PS1_t4642,0.0
PS1_t4643,0.0
PS1_t4644,0.0
PS1_t4645,0.0
PS1_t4646,0.0
PS1_t4647,0.0
PS1_t4648,0.0
PS1_t4633,0.0
PS1_t4634,0.0
PS1_t4635,0.0
PS1_t4636,0.0
PS1_t4637,0.0
PS1_t4638,0.0
PS1_t4639,0.0
PS1_t4640,0.0
PS1_t4625,0.0
PS1_t4626,0.0
PS1_t4627,0.0
PS1_t4628,0.0
PS1_t4629,0.0
PS1_t4630,0.0
PS1_t4631,0.0
PS1_t4632,0.0
PS1_t4617,0.0
PS1_t4618,0.0
PS1_t4619,0.0
PS1_t4620,0.0
PS1_t4621,0.0
PS1_t4622,0.0
PS1_t4623,0.0
PS1_t4624,0.0
PS1_t4673,0.0
PS1_t4674,0.0
PS1_t4675,0.0
PS1_t4676,0.0
PS1_t4677,0.0
PS1_t4678,0.0
PS1_t4679,0.0
PS1_t4680,0.0
PS1_t4665,0.0
PS1_t4666,0.0
PS1_t4667,0.0
PS1_t4668,0.0
PS1_t4669,0.0
PS1_t4670,0.0
PS1_t4671,0.0
PS1_t4672,0.0
PS1_t4657,0.0
PS1_t4658,0.0
PS1_t4659,0.0
PS1_t4660,0.0
PS1_t4661,0.0
PS1_t4662,0.0
PS1_t4663,0.0
PS1_t4664,0.0
PS1_t4649,0.0
PS1_t4650,0.0
PS1_t4651,0.0
PS1_t4652,0.0
PS1_t4653,0.0
PS1_t4654,0.0
PS1_t4655,0.0
PS1_t4656,0.0
PS1_t4705,0.0
PS1_t4706,0.0
PS1_t4707,0.0
PS1_t4708,0.0
PS1_t4709,0.0
PS1_t4710,0.0
PS1_t4711,0.0
PS1_t4712,0.0
PS1_t4697,0.0
PS1_t4698,0.0
PS1_t4699,0.0
PS1_t4700,0.0
PS1_t4701,0.0
PS1_t4702,0.0
PS1_t4703,0.0
PS1_t4704,0.0
PS1_t4689,0.0
PS1_t4690,0.0
PS1_t4691,0.0
PS1_t4692,0.0
PS1_t4693,0.0
PS1_t4694,0.0
PS1_t4695,0.0
PS1_t4696,0.0
PS1_t4681,0.0
PS1_t4682,0.0
PS1_t4683,0.0
PS1_t4684,0.0
PS1_t4685,0.0
PS1_t4686,0.0
PS1_t4687,0.0
PS1_t4688,0.0
PS1_t4737,0.0
PS1_t4738,0.0
PS1_t4739,0.0
PS1_t4740,0.0
PS1_t4741,0.0
PS1_t4742,0.0
PS1_t4743,0.0
PS1_t4744,0.0
PS1_t4729,0.0
PS1_t4730,0.0
PS1_t4731,0.0
PS1_t4732,0.0
PS1_t4733,0.0
PS1_t4734,0.0
PS1_t4735,0.0
PS1_t4736,0.0
PS1_t4721,0.0
PS1_t4722,0.0
PS1_t4723,0.0
PS1_t4724,0.0
PS1_t4725,0.0
PS1_t4726,0.0
PS1_t4727,0.0
PS1_t4728,0.0
PS1_t4713,0.0
PS1_t4714,0.0
PS1_t4715,0.0
PS1_t4716,0.0
PS1_t4717,0.0
PS1_t4718,0.0
PS1_t4719,0.0
PS1_t4720,0.0
PS1_t4769,0.0
PS1_t4770,0.0
PS1_t4771,0.0
PS1_t4772,0.0
PS1_t4773,0.0
PS1_t4774,0.0
PS1_t4775,0.0
PS1_t4776,0.0
PS1_t4761,0.0
PS1_t4762,0.0
PS1_t4763,0.0
PS1_t4764,0.0
PS1_t4765,0.0
PS1_t4766,0.0
PS1_t4767,0.0
PS1_t4768,0.0
PS1_t4753,0.0
PS1_t4754,0.0
PS1_t4755,0.0
PS1_t4756,0.0
PS1_t4757,0.0
PS1_t4758,0.0
PS1_t4759,0.0
PS1_t4760,0.0
PS1_t4745,0.0
PS1_t4746,0.0
PS1_t4747,0.0
PS1_t4748,0.0
PS1_t4749,0.0
PS1_t4750,0.0
PS1_t4751,0.0
PS1_t4752,0.0
PS1_t4801,0.0
PS1_t4802,0.0
PS1_t4803,0.0
PS1_t4804,0.0
PS1_t4805,0.0
PS1_t4806,0.0
PS1_t4807,0.0
PS1_t4808,0.0
PS1_t4793,0.0
PS1_t4794,0.0
PS1_t4795,0.0
PS1_t4796,0.0
PS1_t4797,0.0
PS1_t4798,0.0
PS1_t4799,0.0
PS1_t4800,0.0
PS1_t4785,0.0
PS1_t4786,0.0
PS1_t4787,0.0
PS1_t4788,0.0
PS1_t4789,0.0
PS1_t4790,0.0
PS1_t4791,0.0
PS1_t4792,0.0
PS1_t4777,0.0
PS1_t4778,0.0
PS1_t4779,0.0
PS1_t4780,0.0
PS1_t4781,0.0
PS1_t4782,0.0
PS1_t4783,0.0
PS1_t4784,0.0
PS1_t4833,0.0
PS1_t4834,0.0
PS1_t4835,0.0
PS1_t4836,0.0
PS1_t4837,0.0
PS1_t4838,0.0
PS1_t4839,0.0
PS1_t4840,0.0
PS1_t4825,0.0
PS1_t4826,0.0
PS1_t4827,0.0
PS1_t4828,0.0
PS1_t4829,0.0
PS1_t4830,0.0
PS1_t4831,0.0
PS1_t4832,0.0
PS1_t4817,0.0
PS1_t4818,0.0
PS1_t4819,0.0
PS1_t4820,0.0
PS1_t4821,0.0
PS1_t4822,0.0
PS1_t4823,0.0
PS1_t4824,0.0
PS1_t4809,0.0
PS1_t4810,0.0
PS1_t4811,0.0
PS1_t4812,0.0
PS1_t4813,0.0
PS1_t4814,0.0
PS1_t4815,0.0
PS1_t4816,0.0
PS1_t4865,0.0
PS1_t4866,0.0
PS1_t4867,0.0
PS1_t4868,0.0
PS1_t4869,0.0
PS1_t4870,0.0
PS1_t4871,0.0
PS1_t4872,0.0
PS1_t4857,0.0
PS1_t4858,0.0
PS1_t4859,0.0
PS1_t4860,0.0
PS1_t4861,0.0
PS1_t4862,0.0
PS1_t4863,0.0
PS1_t4864,0.0
PS1_t4849,0.0
PS1_t4850,0.0
PS1_t4851,0.0
PS1_t4852,0.0
PS1_t4853,0.0
PS1_t4854,0.0
PS1_t4855,0.0
PS1_t4856,0.0
PS1_t4841,0.0
PS1_t4842,0.0
PS1_t4843,0.0
PS1_t4844,0.0
PS1_t4845,0.0
PS1_t4846,0.0
PS1_t4847,0.0
PS1_t4848,0.0
PS1_t4897,0.0
PS1_t4898,0.0
PS1_t4899,0.0
PS1_t4900,0.0
PS1_t4901,0.0
PS1_t4902,0.0
PS1_t4903,0.0
PS1_t4904,0.0
PS1_t4889,0.0
PS1_t4890,0.0
PS1_t4891,0.0
PS1_t4892,0.0
PS1_t4893,0.0
PS1_t4894,0.0
PS1_t4895,0.0
PS1_t4896,0.0
PS1_t4881,0.0
PS1_t4882,0.0
PS1_t4883,0.0
PS1_t4884,0.0
PS1_t4885,0.0
PS1_t4886,0.0
PS1_t4887,0.0
PS1_t4888,0.0
PS1_t4873,0.0
PS1_t4874,0.0
PS1_t4875,0.0
PS1_t4876,0.0
PS1_t4877,0.0
PS1_t4878,0.0
PS1_t4879,0.0
PS1_t4880,0.0
PS1_t4929,0.0
PS1_t4930,0.0
PS1_t4931,0.0
PS1_t4932,0.0
PS1_t4933,0.0
PS1_t4934,0.0
PS1_t4935,0.0
PS1_t4936,0.0
PS1_t4921,0.0
PS1_t4922,0.0
PS1_t4923,0.0
PS1_t4924,0.0
PS1_t4925,0.0
PS1_t4926,0.0
PS1_t4927,0.0
PS1_t4928,0.0
PS1_t4913,0.0
PS1_t4914,0.0
PS1_t4915,0.0
PS1_t4916,0.0
PS1_t4917,0.0
PS1_t4918,0.0
PS1_t4919,0.0
PS1_t4920,0.0
PS1_t4905,0.0
PS1_t4906,0.0
PS1_t4907,0.0
PS1_t4908,0.0
PS1_t4909,0.0
PS1_t4910,0.0
PS1_t4911,0.0
PS1_t4912,0.0
PS1_t4961,0.0
PS1_t4962,0.0
PS1_t4963,0.0
PS1_t4964,0.0
PS1_t4965,0.0
PS1_t4966,0.0
PS1_t4967,0.0
PS1_t4968,0.0
PS1_t4953,0.0
PS1_t4954,0.0
PS1_t4955,0.0
PS1_t4956,0.0
PS1_t4957,0.0
PS1_t4958,0.0
PS1_t4959,0.0
PS1_t4960,0.0
PS1_t4945,0.0
PS1_t4946,0.0
PS1_t4947,0.0
PS1_t4948,0.0
PS1_t4949,0.0
PS1_t4950,0.0
PS1_t4951,0.0
PS1_t4952,0.0
PS1_t4937,0.0
PS1_t4938,0.0
PS1_t4939,0.0
PS1_t4940,0.0
PS1_t4941,0.0
PS1_t4942,0.0
PS1_t4943,0.0
PS1_t4944,0.0
PS1_t4993,0.0
PS1_t4994,0.0
PS1_t4995,0.0
PS1_t4996,0.0
PS1_t4997,0.0
PS1_t4998,0.0
PS1_t4999,0.0
PS1_t5000,0.0
PS1_t4985,0.0
PS1_t4986,0.0
PS1_t4987,0.0
PS1_t4988,0.0
PS1_t4989,0.0
PS1_t4990,0.0
PS1_t4991,0.0
PS1_t4992,0.0
PS1_t4977,0.0
PS1_t4978,0.0
PS1_t4979,0.0
PS1_t4980,0.0
PS1_t4981,0.0
PS1_t4982,0.0
PS1_t4983,0.0
PS1_t4984,0.0
PS1_t4969,0.0
PS1_t4970,0.0
PS1_t4971,0.0
PS1_t4972,0.0
PS1_t4973,0.0
PS1_t4974,0.0
PS1_t4975,0.0
PS1_t4976,0.0
PS1_t5025,0.0
PS1_t5026,0.0
PS1_t5027,0.0
PS1_t5028,0.0
PS1_t5029,0.0
PS1_t5030,0.0
PS1_t5031,0.0
PS1_t5032,0.0
PS1_t5017,0.0
PS1_t5018,0.0
PS1_t5019,0.0
PS1_t5020,0.0
PS1_t5021,0.0
PS1_t5022,0.0
PS1_t5023,0.0
PS1_t5024,0.0
PS1_t5009,0.0
PS1_t5010,0.0
PS1_t5011,0.0
PS1_t5012,0.0
PS1_t5013,0.0
PS1_t5014,0.0
PS1_t5015,0.0
PS1_t5016,0.0
PS1_t5001,0.0
PS1_t5002,0.0
PS1_t5003,0.0
PS1_t5004,0.0
PS1_t5005,0.0
PS1_t5006,0.0
PS1_t5007,0.0
PS1_t5008,0.0
PS1_t5057,0.0
PS1_t5058,0.0
PS1_t5059,0.0
PS1_t5060,0.0
PS1_t5061,0.0
PS1_t5062,0.0
PS1_t5063,0.0
PS1_t5064,0.0
PS1_t5049,0.0
PS1_t5050,0.0
PS1_t5051,0.0
PS1_t5052,0.0
PS1_t5053,0.0
PS1_t5054,0.0
PS1_t5055,0.0
PS1_t5056,0.0
PS1_t5041,0.0
PS1_t5042,0.0
PS1_t5043,0.0
PS1_t5044,0.0
PS1_t5045,0.0
PS1_t5046,0.0
PS1_t5047,0.0
PS1_t5048,0.0
PS1_t5033,0.0
PS1_t5034,0.0
PS1_t5035,0.0
PS1_t5036,0.0
PS1_t5037,0.0
PS1_t5038,0.0
PS1_t5039,0.0
PS1_t5040,0.0
PS1_t5089,0.0
PS1_t5090,0.0
PS1_t5091,0.0
PS1_t5092,0.0
PS1_t5093,0.0
PS1_t5094,0.0
PS1_t5095,0.0
PS1_t5096,0.0
PS1_t5081,0.0
PS1_t5082,0.0
PS1_t5083,0.0
PS1_t5084,0.0
PS1_t5085,0.0
PS1_t5086,0.0
PS1_t5087,0.0
PS1_t5088,0.0
PS1_t5073,0.0
PS1_t5074,0.0
PS1_t5075,0.0
PS1_t5076,0.0
PS1_t5077,0.0
PS1_t5078,0.0
PS1_t5079,0.0
PS1_t5080,0.0
PS1_t5065,0.0
PS1_t5066,0.0
PS1_t5067,0.0
PS1_t5068,0.0
PS1_t5069,0.0
PS1_t5070,0.0
PS1_t5071,0.0
PS1_t5072,0.0
PS1_t5121,0.0
PS1_t5122,0.0
PS1_t5123,0.0
PS1_t5124,0.0
PS1_t5125,0.0
PS1_t5126,0.0
PS1_t5127,0.0
PS1_t5128,0.0
PS1_t5113,0.0
PS1_t5114,0.0
PS1_t5115,0.0
PS1_t5116,0.0
PS1_t5117,0.0
PS1_t5118,0.0
PS1_t5119,0.0
PS1_t5120,0.0
PS1_t5105,0.0
PS1_t5106,0.0
PS1_t5107,0.0
PS1_t5108,0.0
PS1_t5109,0.0
PS1_t5110,0.0
PS1_t5111,0.0
PS1_t5112,0.0
PS1_t5097,0.0
PS1_t5098,0.0
PS1_t5099,0.0
PS1_t5100,0.0
PS1_t5101,0.0
PS1_t5102,0.0
PS1_t5103,0.0
PS1_t5104,0.0
PS1_t5153,0.0
PS1_t5154,0.0
PS1_t5155,0.0
PS1_t5156,0.0
PS1_t5157,0.0
PS1_t5158,0.0
PS1_t5159,0.0
PS1_t5160,0.0
PS1_t5145,0.0
PS1_t5146,0.0
PS1_t5147,0.0
PS1_t5148,0.0
PS1_t5149,0.0
PS1_t5150,0.0
PS1_t5151,0.0
PS1_t5152,0.0
PS1_t5137,0.0
PS1_t5138,0.0
PS1_t5139,0.0
PS1_t5140,0.0
PS1_t5141,0.0
PS1_t5142,0.0
PS1_t5143,0.0
PS1_t5144,0.0
PS1_t5129,0.0
PS1_t5130,0.0
PS1_t5131,0.0
PS1_t5132,0.0
PS1_t5133,0.0
PS1_t5134,0.0
PS1_t5135,0.0
PS1_t5136,0.0
PS1_t5185,0.0
PS1_t5186,0.0
PS1_t5187,0.0
PS1_t5188,0.0
PS1_t5189,0.0
PS1_t5190,0.0
PS1_t5191,0.0
PS1_t5192,0.0
PS1_t5177,0.0
PS1_t5178,0.0
PS1_t5179,0.0
PS1_t5180,0.0
PS1_t5181,0.0
PS1_t5182,0.0
PS1_t5183,0.0
PS1_t5184,0.0
PS1_t5169,0.0
PS1_t5170,0.0
PS1_t5171,0.0
PS1_t5172,0.0
PS1_t5173,0.0
PS1_t5174,0.0
PS1_t5175,0.0
PS1_t5176,0.0
PS1_t5161,0.0
PS1_t5162,0.0
PS1_t5163,0.0
PS1_t5164,0.0
PS1_t5165,0.0
PS1_t5166,0.0
PS1_t5167,0.0
PS1_t5168,0.0
PS1_t5217,0.0
PS1_t5218,0.0
PS1_t5219,0.0
PS1_t5220,0.0
PS1_t5221,0.0
PS1_t5222,0.0
PS1_t5223,0.0
PS1_t5224,0.0
PS1_t5209,0.0
PS1_t5210,0.0
PS1_t5211,0.0
PS1_t5212,0.0
PS1_t5213,0.0
PS1_t5214,0.0
PS1_t5215,0.0
PS1_t5216,0.0
PS1_t5201,0.0
PS1_t5202,0.0
PS1_t5203,0.0
PS1_t5204,0.0
PS1_t5205,0.0
PS1_t5206,0.0
PS1_t5207,0.0
PS1_t5208,0.0
PS1_t5193,0.0
PS1_t5194,0.0
PS1_t5195,0.0
PS1_t5196,0.0
PS1_t5197,0.0
PS1_t5198,0.0
PS1_t5199,0.0
PS1_t5200,0.0
PS1_t5249,0.0
PS1_t5250,0.0
PS1_t5251,0.0
PS1_t5252,0.0
PS1_t5253,0.0
PS1_t5254,0.0
PS1_t5255,0.0
PS1_t5256,0.0
PS1_t5241,0.0
PS1_t5242,0.0
PS1_t5243,0.0
PS1_t5244,0.0
PS1_t5245,0.0
PS1_t5246,0.0
PS1_t5247,0.0
PS1_t5248,0.0
PS1_t5233,0.0
PS1_t5234,0.0
PS1_t5235,0.0
PS1_t5236,0.0
PS1_t5237,0.0
PS1_t5238,0.0
PS1_t5239,0.0
PS1_t5240,0.0
PS1_t5225,0.0
PS1_t5226,0.0
PS1_t5227,0.0
PS1_t5228,0.0
PS1_t5229,0.0
PS1_t5230,0.0
PS1_t5231,0.0
PS1_t5232,0.0
PS1_t5281,0.0
PS1_t5282,0.0
PS1_t5283,0.0
PS1_t5284,0.0
PS1_t5285,0.0
PS1_t5286,0.0
PS1_t5287,0.0
PS1_t5288,0.0
PS1_t5273,0.0
PS1_t5274,0.0
PS1_t5275,0.0
PS1_t5276,0.0
PS1_t5277,0.0
PS1_t5278,0.0
PS1_t5279,0.0
PS1_t5280,0.0
PS1_t5265,0.0
PS1_t5266,0.0
PS1_t5267,0.0
PS1_t5268,0.0
PS1_t5269,0.0
PS1_t5270,0.0
PS1_t5271,0.0
PS1_t5272,0.0
PS1_t5257,0.0
PS1_t5258,0.0
PS1_t5259,0.0
PS1_t5260,0.0
PS1_t5261,0.0
PS1_t5262,0.0
PS1_t5263,0.0
PS1_t5264,0.0
PS1_t5313,0.0
PS1_t5314,0.0
PS1_t5315,0.0
PS1_t5316,0.0
PS1_t5317,0.0
PS1_t5318,0.0
PS1_t5319,0.0
PS1_t5320,0.0
PS1_t5305,0.0
PS1_t5306,0.0
PS1_t5307,0.0
PS1_t5308,0.0
PS1_t5309,0.0
PS1_t5310,0.0
PS1_t5311,0.0
PS1_t5312,0.0
PS1_t5297,0.0
PS1_t5298,0.0
PS1_t5299,0.0
PS1_t5300,0.0
PS1_t5301,0.0
PS1_t5302,0.0
PS1_t5303,0.0
PS1_t5304,0.0
PS1_t5289,0.0
PS1_t5290,0.0
PS1_t5291,0.0
PS1_t5292,0.0
PS1_t5293,0.0
PS1_t5294,0.0
PS1_t5295,0.0
PS1_t5296,0.0
PS1_t5345,0.0
PS1_t5346,0.0
PS1_t5347,0.0
PS1_t5348,0.0
PS1_t5349,0.0
PS1_t5350,0.0
PS1_t5351,0.0
PS1_t5352,0.0
PS1_t5337,0.0
PS1_t5338,0.0
PS1_t5339,0.0
PS1_t5340,0.0
PS1_t5341,0.0
PS1_t5342,0.0
PS1_t5343,0.0
PS1_t5344,0.0
PS1_t5329,0.0
PS1_t5330,0.0
PS1_t5331,0.0
PS1_t5332,0.0
PS1_t5333,0.0
PS1_t5334,0.0
PS1_t5335,0.0
PS1_t5336,0.0
PS1_t5321,0.0
PS1_t5322,0.0
PS1_t5323,0.0
PS1_t5324,0.0
PS1_t5325,0.0
PS1_t5326,0.0
PS1_t5327,0.0
PS1_t5328,0.0
PS1_t5377,0.0
PS1_t5378,0.0
PS1_t5379,0.0
PS1_t5380,0.0
PS1_t5381,0.0
PS1_t5382,0.0
PS1_t5383,0.0
PS1_t5384,0.0
PS1_t5369,0.0
PS1_t5370,0.0
PS1_t5371,0.0
PS1_t5372,0.0
PS1_t5373,0.0
PS1_t5374,0.0
PS1_t5375,0.0
PS1_t5376,0.0
PS1_t5361,0.0
PS1_t5362,0.0
PS1_t5363,0.0
PS1_t5364,0.0
PS1_t5365,0.0
PS1_t5366,0.0
PS1_t5367,0.0
PS1_t5368,0.0
PS1_t5353,0.0
PS1_t5354,0.0
PS1_t5355,0.0
PS1_t5356,0.0
PS1_t5357,0.0
PS1_t5358,0.0
PS1_t5359,0.0
PS1_t5360,0.0
PS1_t5409,0.0
PS1_t5410,0.0
PS1_t5411,0.0
PS1_t5412,0.0
PS1_t5413,0.0
PS1_t5414,0.0
PS1_t5415,0.0
PS1_t5416,0.0
PS1_t5401,0.0
PS1_t5402,0.0
PS1_t5403,0.0
PS1_t5404,0.0
PS1_t5405,0.0
PS1_t5406,0.0
PS1_t5407,0.0
PS1_t5408,0.0
PS1_t5393,0.0
PS1_t5394,0.0
PS1_t5395,0.0
PS1_t5396,0.0
PS1_t5397,0.0
PS1_t5398,0.0
PS1_t5399,0.0
PS1_t5400,0.0
PS1_t5385,0.0
PS1_t5386,0.0
PS1_t5387,0.0
PS1_t5388,0.0
PS1_t5389,0.0
PS1_t5390,0.0
PS1_t5391,0.0
PS1_t5392,0.0
PS1_t5441,0.0
PS1_t5442,0.0
PS1_t5443,0.0
PS1_t5444,0.0
PS1_t5445,0.0
PS1_t5446,0.0
PS1_t5447,0.0
PS1_t5448,0.0
PS1_t5433,0.0
PS1_t5434,0.0
PS1_t5435,0.0
PS1_t5436,0.0
PS1_t5437,0.0
PS1_t5438,0.0
PS1_t5439,0.0
PS1_t5440,0.0
PS1_t5425,0.0
PS1_t5426,0.0
PS1_t5427,0.0
PS1_t5428,0.0
PS1_t5429,0.0
PS1_t5430,0.0
PS1_t5431,0.0
PS1_t5432,0.0
PS1_t5417,0.0
PS1_t5418,0.0
PS1_t5419,0.0
PS1_t5420,0.0
PS1_t5421,0.0
PS1_t5422,0.0
PS1_t5423,0.0
PS1_t5424,0.0
PS1_t5473,0.0
PS1_t5474,0.0
PS1_t5475,0.0
PS1_t5476,0.0
PS1_t5477,0.0
PS1_t5478,0.0
PS1_t5479,0.0
PS1_t5480,0.0
PS1_t5465,0.0
PS1_t5466,0.0
PS1_t5467,0.0
PS1_t5468,0.0
PS1_t5469,0.0
PS1_t5470,0.0
PS1_t5471,0.0
PS1_t5472,0.0
PS1_t5457,0.0
PS1_t5458,0.0
PS1_t5459,0.0
PS1_t5460,0.0
PS1_t5461,0.0
PS1_t5462,0.0
PS1_t5463,0.0
PS1_t5464,0.0
PS1_t5449,0.0
PS1_t5450,0.0
PS1_t5451,0.0
PS1_t5452,0.0
PS1_t5453,0.0
PS1_t5454,0.0
PS1_t5455,0.0
PS1_t5456,0.0
PS1_t5505,0.0
PS1_t5506,0.0
PS1_t5507,0.0
PS1_t5508,0.0
PS1_t5509,0.0
PS1_t5510,0.0
PS1_t5511,0.0
PS1_t5512,0.0
PS1_t5497,0.0
PS1_t5498,0.0
PS1_t5499,0.0
PS1_t5500,0.0
PS1_t5501,0.0
PS1_t5502,0.0
PS1_t5503,0.0
PS1_t5504,0.0
PS1_t5489,0.0
PS1_t5490,0.0
PS1_t5491,0.0
PS1_t5492,0.0
PS1_t5493,0.0
PS1_t5494,0.0
PS1_t5495,0.0
PS1_t5496,0.0
PS1_t5481,0.0
PS1_t5482,0.0
PS1_t5483,0.0
PS1_t5484,0.0
PS1_t5485,0.0
PS1_t5486,0.0
PS1_t5487,0.0
PS1_t5488,0.0
PS1_t5537,0.0
PS1_t5538,0.0
PS1_t5539,0.0
PS1_t5540,0.0
PS1_t5541,0.0
PS1_t5542,0.0
PS1_t5543,0.0
PS1_t5544,0.0
PS1_t5529,0.0
PS1_t5530,0.0
PS1_t5531,0.0
PS1_t5532,0.0
PS1_t5533,0.0
PS1_t5534,0.0
PS1_t5535,0.0
PS1_t5536,0.0
PS1_t5521,0.0
PS1_t5522,0.0
PS1_t5523,0.0
PS1_t5524,0.0
PS1_t5525,0.0
PS1_t5526,0.0
PS1_t5527,0.0
PS1_t5528,0.0
PS1_t5513,0.0
PS1_t5514,0.0
PS1_t5515,0.0
PS1_t5516,0.0
PS1_t5517,0.0
PS1_t5518,0.0
PS1_t5519,0.0
PS1_t5520,0.0
PS1_t5569,0.0
PS1_t5570,0.0
PS1_t5571,0.0
PS1_t5572,0.0
PS1_t5573,0.0
PS1_t5574,0.0
PS1_t5575,0.0
PS1_t5576,0.0
PS1_t5561,0.0
PS1_t5562,0.0
PS1_t5563,0.0
PS1_t5564,0.0
PS1_t5565,0.0
PS1_t5566,0.0
PS1_t5567,0.0
PS1_t5568,0.0
PS1_t5553,0.0
PS1_t5554,0.0
PS1_t5555,0.0
PS1_t5556,0.0
PS1_t5557,0.0
PS1_t5558,0.0
PS1_t5559,0.0
PS1_t5560,0.0
PS1_t5545,0.0
PS1_t5546,0.0
PS1_t5547,0.0
PS1_t5548,0.0
PS1_t5549,0.0
PS1_t5550,0.0
PS1_t5551,0.0
PS1_t5552,0.0
PS1_t5601,0.0
PS1_t5602,0.0
PS1_t5603,0.0
PS1_t5604,0.0
PS1_t5605,0.0
PS1_t5606,0.0
PS1_t5607,0.0
PS1_t5608,0.0
PS1_t5593,0.0
PS1_t5594,0.0
PS1_t5595,0.0
PS1_t5596,0.0
PS1_t5597,0.0
PS1_t5598,0.0
PS1_t5599,0.0
PS1_t5600,0.0
PS1_t5585,0.0
PS1_t5586,0.0
PS1_t5587,0.0
PS1_t5588,0.0
PS1_t5589,0.0
PS1_t5590,0.0
PS1_t5591,0.0
PS1_t5592,0.0
PS1_t5577,0.0
PS1_t5578,0.0
PS1_t5579,0.0
PS1_t5580,0.0
PS1_t5581,0.0
PS1_t5582,0.0
PS1_t5583,0.0
PS1_t5584,0.0
PS1_t5633,0.0
PS1_t5634,0.0
PS1_t5635,0.0
PS1_t5636,0.0
PS1_t5637,0.0
PS1_t5638,0.0
PS1_t5639,0.0
PS1_t5640,0.0
PS1_t5625,0.0
PS1_t5626,0.0
PS1_t5627,0.0
PS1_t5628,0.0
PS1_t5629,0.0
PS1_t5630,0.0
PS1_t5631,0.0
PS1_t5632,0.0
PS1_t5617,0.0
PS1_t5618,0.0
PS1_t5619,0.0
PS1_t5620,0.0
PS1_t5621,0.0
PS1_t5622,0.0
PS1_t5623,0.0
PS1_t5624,0.0
PS1_t5609,0.0
PS1_t5610,0.0
PS1_t5611,0.0
PS1_t5612,0.0
PS1_t5613,0.0
PS1_t5614,0.0
PS1_t5615,0.0
PS1_t5616,0.0
PS1_t5665,0.0
PS1_t5666,0.0
PS1_t5667,0.0
PS1_t5668,0.0
PS1_t5669,0.0
PS1_t5670,0.0
PS1_t5671,0.0
PS1_t5672,0.0
PS1_t5657,0.0
PS1_t5658,0.0
PS1_t5659,0.0
PS1_t5660,0.0
PS1_t5661,0.0
PS1_t5662,0.0
PS1_t5663,0.0
PS1_t5664,0.0
PS1_t5649,0.0
PS1_t5650,0.0
PS1_t5651,0.0
PS1_t5652,0.0
PS1_t5653,0.0
PS1_t5654,0.0
PS1_t5655,0.0
PS1_t5656,0.0
PS1_t5641,0.0
PS1_t5642,0.0
PS1_t5643,0.0
PS1_t5644,0.0
PS1_t5645,0.0
PS1_t5646,0.0
PS1_t5647,0.0
PS1_t5648,0.0
PS1_t5697,0.0
PS1_t5698,0.0
PS1_t5699,0.0
PS1_t5700,0.0
PS1_t5701,0.0
PS1_t5702,0.0
PS1_t5703,0.0
PS1_t5704,0.0
PS1_t5689,0.0
PS1_t5690,0.0
PS1_t5691,0.0
PS1_t5692,0.0
PS1_t5693,0.0
PS1_t5694,0.0
PS1_t5695,0.0
PS1_t5696,0.0
PS1_t5681,0.0
PS1_t5682,0.0
PS1_t5683,0.0
PS1_t5684,0.0
PS1_t5685,0.0
PS1_t5686,0.0
PS1_t5687,0.0
PS1_t5688,0.0
PS1_t5673,0.0
PS1_t5674,0.0
PS1_t5675,0.0
PS1_t5676,0.0
PS1_t5677,0.0
PS1_t5678,0.0
PS1_t5679,0.0
PS1_t5680,0.0
PS1_t5729,0.0
PS1_t5730,0.0
PS1_t5731,0.0
PS1_t5732,0.0
PS1_t5733,0.0
PS1_t5734,0.0
PS1_t5735,0.0
PS1_t5736,0.0
PS1_t5721,0.0
PS1_t5722,0.0
PS1_t5723,0.0
PS1_t5724,0.0
PS1_t5725,0.0
PS1_t5726,0.0
PS1_t5727,0.0
PS1_t5728,0.0
PS1_t5713,0.0
PS1_t5714,0.0
PS1_t5715,0.0
PS1_t5716,0.0
PS1_t5717,0.0
PS1_t5718,0.0
PS1_t5719,0.0
PS1_t5720,0.0
PS1_t5705,0.0
PS1_t5706,0.0
PS1_t5707,0.0
PS1_t5708,0.0
PS1_t5709,0.0
PS1_t5710,0.0
PS1_t5711,0.0
PS1_t5712,0.0
PS1_t5761,0.0
PS1_t5762,0.0
PS1_t5763,0.0
PS1_t5764,0.0
PS1_t5765,0.0
PS1_t5766,0.0
PS1_t5767,0.0
PS1_t5768,0.0
PS1_t5753,0.0
PS1_t5754,0.0
PS1_t5755,0.0
PS1_t5756,0.0
PS1_t5757,0.0
PS1_t5758,0.0
PS1_t5759,0.0
PS1_t5760,0.0
PS1_t5745,0.0
PS1_t5746,0.0
PS1_t5747,0.0
PS1_t5748,0.0
PS1_t5749,0.0
PS1_t5750,0.0
PS1_t5751,0.0
PS1_t5752,0.0
PS1_t5737,0.0
PS1_t5738,0.0
PS1_t5739,0.0
PS1_t5740,0.0
PS1_t5741,0.0
PS1_t5742,0.0
PS1_t5743,0.0
PS1_t5744,0.0
PS1_t5793,0.0
PS1_t5794,0.0
PS1_t5795,0.0
PS1_t5796,0.0
PS1_t5797,0.0
PS1_t5798,0.0
PS1_t5799,0.0
PS1_t5800,0.0
PS1_t5785,0.0
PS1_t5786,0.0
PS1_t5787,0.0
PS1_t5788,0.0
PS1_t5789,0.0
PS1_t5790,0.0
PS1_t5791,0.0
PS1_t5792,0.0
PS1_t5777,0.0
PS1_t5778,0.0
PS1_t5779,0.0
PS1_t5780,0.0
PS1_t5781,0.0
PS1_t5782,0.0
PS1_t5783,0.0
PS1_t5784,0.0
PS1_t5769,0.0
PS1_t5770,0.0
PS1_t5771,0.0
PS1_t5772,0.0
PS1_t5773,0.0
PS1_t5774,0.0
PS1_t5775,0.0
PS1_t5776,0.0
PS1_t5825,0.0
PS1_t5826,0.0
PS1_t5827,0.0
PS1_t5828,0.0
PS1_t5829,0.0
PS1_t5830,0.0
PS1_t5831,0.0
PS1_t5832,0.0
PS1_t5817,0.0
PS1_t5818,0.0
PS1_t5819,0.0
PS1_t5820,0.0
PS1_t5821,0.0
PS1_t5822,0.0
PS1_t5823,0.0
PS1_t5824,0.0
PS1_t5809,0.0
PS1_t5810,0.0
PS1_t5811,0.0
PS1_t5812,0.0
PS1_t5813,0.0
PS1_t5814,0.0
PS1_t5815,0.0
PS1_t5816,0.0
PS1_t5801,0.0
PS1_t5802,0.0
PS1_t5803,0.0
PS1_t5804,0.0
PS1_t5805,0.0
PS1_t5806,0.0
PS1_t5807,0.0
PS1_t5808,0.0
PS1_t5857,0.0
PS1_t5858,0.0
PS1_t5859,0.0
PS1_t5860,0.0
PS1_t5861,0.0
PS1_t5862,0.0
PS1_t5863,0.0
PS1_t5864,0.0
PS1_t5849,0.0
PS1_t5850,0.0
PS1_t5851,0.0
PS1_t5852,0.0
PS1_t5853,0.0
PS1_t5854,0.0
PS1_t5855,0.0
PS1_t5856,0.0
PS1_t5841,0.0
PS1_t5842,0.0
PS1_t5843,0.0
PS1_t5844,0.0
PS1_t5845,0.0
PS1_t5846,0.0
PS1_t5847,0.0
PS1_t5848,0.0
PS1_t5833,0.0
PS1_t5834,0.0
PS1_t5835,0.0
PS1_t5836,0.0
PS1_t5837,0.0
PS1_t5838,0.0
PS1_t5839,0.0
PS1_t5840,0.0
PS1_t5889,0.0
PS1_t5890,0.0
PS1_t5891,0.0
PS1_t5892,0.0
PS1_t5893,0.0
PS1_t5894,0.0
PS1_t5895,0.0
PS1_t5896,0.0
PS1_t5881,0.0
PS1_t5882,0.0
PS1_t5883,0.0
PS1_t5884,0.0
PS1_t5885,0.0
PS1_t5886,0.0
PS1_t5887,0.0
PS1_t5888,0.0
PS1_t5873,0.0
PS1_t5874,0.0
PS1_t5875,0.0
PS1_t5876,0.0
PS1_t5877,0.0
PS1_t5878,0.0
PS1_t5879,0.0
PS1_t5880,0.0
PS1_t5865,0.0
PS1_t5866,0.0
PS1_t5867,0.0
PS1_t5868,0.0
PS1_t5869,0.0
PS1_t5870,0.0
PS1_t5871,0.0
PS1_t5872,0.0
PS1_t5921,0.0
PS1_t5922,0.0
PS1_t5923,0.0
PS1_t5924,0.0
PS1_t5925,0.0
PS1_t5926,0.0
PS1_t5927,0.0
PS1_t5928,0.0
PS1_t5913,0.0
PS1_t5914,0.0
PS1_t5915,0.0
PS1_t5916,0.0
PS1_t5917,0.0
PS1_t5918,0.0
PS1_t5919,0.0
PS1_t5920,0.0
PS1_t5905,0.0
PS1_t5906,0.0
PS1_t5907,0.0
PS1_t5908,0.0
PS1_t5909,0.0
PS1_t5910,0.0
PS1_t5911,0.0
PS1_t5912,0.0
PS1_t5897,0.0
PS1_t5898,0.0
PS1_t5899,0.0
PS1_t5900,0.0
PS1_t5901,0.0
PS1_t5902,0.0
PS1_t5903,0.0
PS1_t5904,0.0
PS1_t5953,0.0
PS1_t5954,0.0
PS1_t5955,0.0
PS1_t5956,0.0
PS1_t5957,0.0
PS1_t5958,0.0
PS1_t5959,0.0
PS1_t5960,0.0
PS1_t5945,0.0
PS1_t5946,0.0
PS1_t5947,0.0
PS1_t5948,0.0
PS1_t5949,0.0
PS1_t5950,0.0
PS1_t5951,0.0
PS1_t5952,0.0
PS1_t5937,0.0
PS1_t5938,0.0
PS1_t5939,0.0
PS1_t5940,0.0
PS1_t5941,0.0
PS1_t5942,0.0
PS1_t5943,0.0
PS1_t5944,0.0
PS1_t5929,0.0
PS1_t5930,0.0
PS1_t5931,0.0
PS1_t5932,0.0
PS1_t5933,0.0
PS1_t5934,0.0
PS1_t5935,0.0
PS1_t5936,0.0
PS1_t5985,0.0
PS1_t5986,0.0
PS1_t5987,0.0
PS1_t5988,0.0
PS1_t5989,0.0
PS1_t5990,0.0
PS1_t5991,0.0
PS1_t5992,0.0
PS1_t5977,0.0
PS1_t5978,0.0
PS1_t5979,0.0
PS1_t5980,0.0
PS1_t5981,0.0
PS1_t5982,0.0
PS1_t5983,0.0
PS1_t5984,0.0
PS1_t5969,0.0
PS1_t5970,0.0
PS1_t5971,0.0
PS1_t5972,0.0
PS1_t5973,0.0
PS1_t5974,0.0
PS1_t5975,0.0
PS1_t5976,0.0
PS1_t5961,0.0
PS1_t5962,0.0
PS1_t5963,0.0
PS1_t5964,0.0
PS1_t5965,0.0
PS1_t5966,0.0
PS1_t5967,0.0
PS1_t5968,0.0
PS2_t17,0.0
PS2_t18,0.0
PS2_t19,0.0
PS2_t20,0.0
PS2_t21,0.0
PS2_t22,0.0
PS2_t23,0.0
PS2_t24,0.0
PS2_t9,0.0
PS2_t10,0.0
PS2_t11,0.0
PS2_t12,0.0
PS2_t13,0.0
PS2_t14,0.0
PS2_t15,0.0
PS2_t16,0.0
PS2_t1,0.0
PS2_t2,0.0
PS2_t3,0.0
PS2_t4,0.0
PS2_t5,0.0
PS2_t6,0.0
PS2_t7,0.0
PS2_t8,0.0
PS1_t5993,0.0
PS1_t5994,0.0
PS1_t5995,0.0
PS1_t5996,0.0
PS1_t5997,0.0
PS1_t5998,0.0
PS1_t5999,0.0
PS1_t6000,0.0
PS2_t49,0.0
PS2_t50,0.0
PS2_t51,0.0
PS2_t52,0.0
PS2_t53,0.0
PS2_t54,0.0
PS2_t55,0.0
PS2_t56,0.0
PS2_t41,0.0
PS2_t42,0.0
PS2_t43,0.0
PS2_t44,0.0
PS2_t45,0.0
PS2_t46,0.0
PS2_t47,0.0
PS2_t48,0.0
PS2_t33,0.0
PS2_t34,0.0
PS2_t35,0.0
PS2_t36,0.0
PS2_t37,0.0
PS2_t38,0.0
PS2_t39,0.0
PS2_t40,0.0
PS2_t25,0.0
PS2_t26,0.0
PS2_t27,0.0
PS2_t28,0.0
PS2_t29,0.0
PS2_t30,0.0
PS2_t31,0.0
PS2_t32,0.0
PS2_t81,0.0
PS2_t82,0.0
PS2_t83,0.0
PS2_t84,0.0
PS2_t85,0.0
PS2_t86,0.0
PS2_t87,0.0
PS2_t88,0.0
PS2_t73,0.0
PS2_t74,0.0
PS2_t75,0.0
PS2_t76,0.0
PS2_t77,0.0
PS2_t78,0.0
PS2_t79,0.0
PS2_t80,0.0
PS2_t65,0.0
PS2_t66,0.0
PS2_t67,0.0
PS2_t68,0.0
PS2_t69,0.0
PS2_t70,0.0
PS2_t71,0.0
PS2_t72,0.0
PS2_t57,0.0
PS2_t58,0.0
PS2_t59,0.0
PS2_t60,0.0
PS2_t61,0.0
PS2_t62,0.0
PS2_t63,0.0
PS2_t64,0.0
PS2_t113,0.0
PS2_t114,0.0
PS2_t115,0.0
PS2_t116,0.0
PS2_t117,0.0
PS2_t118,0.0
PS2_t119,0.0
PS2_t120,0.0
PS2_t105,0.0
PS2_t106,0.0
PS2_t107,0.0
PS2_t108,0.0
PS2_t109,0.0
PS2_t110,0.0
PS2_t111,0.0
PS2_t112,0.0
PS2_t97,0.0
PS2_t98,0.0
PS2_t99,0.0
PS2_t100,0.0
PS2_t101,0.0
PS2_t102,0.0
PS2_t103,0.0
PS2_t104,0.0
PS2_t89,0.0
PS2_t90,0.0
PS2_t91,0.0
PS2_t92,0.0
PS2_t93,0.0
PS2_t94,0.0
PS2_t95,0.0
PS2_t96,0.0
PS2_t145,0.0
PS2_t146,0.0
PS2_t147,0.0
PS2_t148,0.0
PS2_t149,0.0
PS2_t150,0.0
PS2_t151,0.0
PS2_t152,0.0
PS2_t137,0.0
PS2_t138,0.0
PS2_t139,0.0
PS2_t140,0.0
PS2_t141,0.0
PS2_t142,0.0
PS2_t143,0.0
PS2_t144,0.0
PS2_t129,0.0
PS2_t130,0.0
PS2_t131,0.0
PS2_t132,0.0
PS2_t133,0.0
PS2_t134,0.0
PS2_t135,0.0
PS2_t136,0.0
PS2_t121,0.0
PS2_t122,0.0
PS2_t123,0.0
PS2_t124,0.0
PS2_t125,0.0
PS2_t126,0.0
PS2_t127,0.0
PS2_t128,0.0
PS2_t177,0.0
PS2_t178,0.0
PS2_t179,0.0
PS2_t180,0.0
PS2_t181,0.0
PS2_t182,0.0
PS2_t183,0.0
PS2_t184,0.0
PS2_t169,0.0
PS2_t170,0.0
PS2_t171,0.0
PS2_t172,0.0
PS2_t173,0.0
PS2_t174,0.0
PS2_t175,0.0
PS2_t176,0.0
PS2_t161,0.0
PS2_t162,0.0
PS2_t163,0.0
PS2_t164,0.0
PS2_t165,0.0
PS2_t166,0.0
PS2_t167,0.0
PS2_t168,0.0
PS2_t153,0.0
PS2_t154,0.0
PS2_t155,0.0
PS2_t156,0.0
PS2_t157,0.0
PS2_t158,0.0
PS2_t159,0.0
PS2_t160,0.0
PS2_t209,0.0
PS2_t210,0.0
PS2_t211,0.0
PS2_t212,0.0
PS2_t213,0.0
PS2_t214,0.0
PS2_t215,0.0
PS2_t216,0.0
PS2_t201,0.0
PS2_t202,0.0
PS2_t203,0.0
PS2_t204,0.0
PS2_t205,0.0
PS2_t206,0.0
PS2_t207,0.0
PS2_t208,0.0
PS2_t193,0.0
PS2_t194,0.0
PS2_t195,0.0
PS2_t196,0.0
PS2_t197,0.0
PS2_t198,0.0
PS2_t199,0.0
PS2_t200,0.0
PS2_t185,0.0
PS2_t186,0.0
PS2_t187,0.0
PS2_t188,0.0
PS2_t189,0.0
PS2_t190,0.0
PS2_t191,0.0
PS2_t192,0.0
PS2_t241,0.0
PS2_t242,0.0
PS2_t243,0.0
PS2_t244,0.0
PS2_t245,0.0
PS2_t246,0.0
PS2_t247,0.0
PS2_t248,0.0
PS2_t233,0.0
PS2_t234,0.0
PS2_t235,0.0
PS2_t236,0.0
PS2_t237,0.0
PS2_t238,0.0
PS2_t239,0.0
PS2_t240,0.0
PS2_t225,0.0
PS2_t226,0.0
PS2_t227,0.0
PS2_t228,0.0
PS2_t229,0.0
PS2_t230,0.0
PS2_t231,0.0
PS2_t232,0.0
PS2_t217,0.0
PS2_t218,0.0
PS2_t219,0.0
PS2_t220,0.0
PS2_t221,0.0
PS2_t222,0.0
PS2_t223,0.0
PS2_t224,0.0
PS2_t273,0.0
PS2_t274,0.0
PS2_t275,0.0
PS2_t276,0.0
PS2_t277,0.0
PS2_t278,0.0
PS2_t279,0.0
PS2_t280,0.0
PS2_t265,0.0
PS2_t266,0.0
PS2_t267,0.0
PS2_t268,0.0
PS2_t269,0.0
PS2_t270,0.0
PS2_t271,0.0
PS2_t272,0.0
PS2_t257,0.0
PS2_t258,0.0
PS2_t259,0.0
PS2_t260,0.0
PS2_t261,0.0
PS2_t262,0.0
PS2_t263,0.0
PS2_t264,0.0
PS2_t249,0.0
PS2_t250,0.0
PS2_t251,0.0
PS2_t252,0.0
PS2_t253,0.0
PS2_t254,0.0
PS2_t255,0.0
PS2_t256,0.0
PS2_t305,0.0
PS2_t306,0.0
PS2_t307,0.0
PS2_t308,0.0
PS2_t309,0.0
PS2_t310,0.0
PS2_t311,0.0
PS2_t312,0.0
PS2_t297,0.0
PS2_t298,0.0
PS2_t299,0.0
PS2_t300,0.0
PS2_t301,0.0
PS2_t302,0.0
PS2_t303,0.0
PS2_t304,0.0
PS2_t289,0.0
PS2_t290,0.0
PS2_t291,0.0
PS2_t292,0.0
PS2_t293,0.0
PS2_t294,0.0
PS2_t295,0.0
PS2_t296,0.0
PS2_t281,0.0
PS2_t282,0.0
PS2_t283,0.0
PS2_t284,0.0
PS2_t285,0.0
PS2_t286,0.0
PS2_t287,0.0
PS2_t288,0.0
PS2_t337,0.0
PS2_t338,0.0
PS2_t339,0.0
PS2_t340,0.0
PS2_t341,0.0
PS2_t342,0.0
PS2_t343,0.0
PS2_t344,0.0
PS2_t329,0.0
PS2_t330,0.0
PS2_t331,0.0
PS2_t332,0.0
PS2_t333,0.0
PS2_t334,0.0
PS2_t335,0.0
PS2_t336,0.0
PS2_t321,0.0
PS2_t322,0.0
PS2_t323,0.0
PS2_t324,0.0
PS2_t325,0.0
PS2_t326,0.0
PS2_t327,0.0
PS2_t328,0.0
PS2_t313,0.0
PS2_t314,0.0
PS2_t315,0.0
PS2_t316,0.0
PS2_t317,0.0
PS2_t318,0.0
PS2_t319,0.0
PS2_t320,0.0
PS2_t369,0.0
PS2_t370,0.0
PS2_t371,0.0
PS2_t372,0.0
PS2_t373,0.0
PS2_t374,0.0
PS2_t375,0.0
PS2_t376,0.0
PS2_t361,0.0
PS2_t362,0.0
PS2_t363,0.0
PS2_t364,0.0
PS2_t365,0.0
PS2_t366,0.0
PS2_t367,0.0
PS2_t368,0.0
PS2_t353,0.0
PS2_t354,0.0
PS2_t355,0.0
PS2_t356,0.0
PS2_t357,0.0
PS2_t358,0.0
PS2_t359,0.0
PS2_t360,0.0
PS2_t345,0.0
PS2_t346,0.0
PS2_t347,0.0
PS2_t348,0.0
PS2_t349,0.0
PS2_t350,0.0
PS2_t351,0.0
PS2_t352,0.0
PS2_t401,0.0
PS2_t402,0.0
PS2_t403,0.0
PS2_t404,0.0
PS2_t405,0.0
PS2_t406,0.0
PS2_t407,0.0
PS2_t408,0.0
PS2_t393,0.0
PS2_t394,0.0
PS2_t395,0.0
PS2_t396,0.0
PS2_t397,0.0
PS2_t398,0.0
PS2_t399,0.0
PS2_t400,0.0
PS2_t385,0.0
PS2_t386,0.0
PS2_t387,0.0
PS2_t388,0.0
PS2_t389,0.0
PS2_t390,0.0
PS2_t391,0.0
PS2_t392,0.0
PS2_t377,0.0
PS2_t378,0.0
PS2_t379,0.0
PS2_t380,0.0
PS2_t381,0.0
PS2_t382,0.0
PS2_t383,0.0
PS2_t384,0.0
PS2_t433,0.0
PS2_t434,0.0
PS2_t435,0.0
PS2_t436,0.0
PS2_t437,0.0
PS2_t438,0.0
PS2_t439,0.0
PS2_t440,0.0
PS2_t425,0.0
PS2_t426,0.0
PS2_t427,0.0
PS2_t428,0.0
PS2_t429,0.0
PS2_t430,0.0
PS2_t431,0.0
PS2_t432,0.0
PS2_t417,0.0
PS2_t418,0.0
PS2_t419,0.0
PS2_t420,0.0
PS2_t421,0.0
PS2_t422,0.0
PS2_t423,0.0
PS2_t424,0.0
PS2_t409,0.0
PS2_t410,0.0
PS2_t411,0.0
PS2_t412,0.0
PS2_t413,0.0
PS2_t414,0.0
PS2_t415,0.0
PS2_t416,0.0
PS2_t465,0.0
PS2_t466,0.0
PS2_t467,0.0
PS2_t468,0.0
PS2_t469,0.0
PS2_t470,0.0
PS2_t471,0.0
PS2_t472,0.0
PS2_t457,0.0
PS2_t458,0.0
PS2_t459,0.0
PS2_t460,0.0
PS2_t461,0.0
PS2_t462,0.0
PS2_t463,0.0
PS2_t464,0.0
PS2_t449,0.0
PS2_t450,0.0
PS2_t451,0.0
PS2_t452,0.0
PS2_t453,0.0
PS2_t454,0.0
PS2_t455,0.0
PS2_t456,0.0
PS2_t441,0.0
PS2_t442,0.0
PS2_t443,0.0
PS2_t444,0.0
PS2_t445,0.0
PS2_t446,0.0
PS2_t447,0.0
PS2_t448,0.0
PS2_t497,0.0
PS2_t498,0.0
PS2_t499,0.0
PS2_t500,0.0
PS2_t501,0.0
PS2_t502,0.0
PS2_t503,0.0
PS2_t504,0.0
PS2_t489,0.0
PS2_t490,0.0
PS2_t491,0.0
PS2_t492,0.0
PS2_t493,0.0
PS2_t494,0.0
PS2_t495,0.0
PS2_t496,0.0
PS2_t481,0.0
PS2_t482,0.0
PS2_t483,0.0
PS2_t484,0.0
PS2_t485,0.0
PS2_t486,0.0
PS2_t487,0.0
PS2_t488,0.0
PS2_t473,0.0
PS2_t474,0.0
PS2_t475,0.0
PS2_t476,0.0
PS2_t477,0.0
PS2_t478,0.0
PS2_t479,0.0
PS2_t480,0.0
PS2_t529,0.0
PS2_t530,0.0
PS2_t531,0.0
PS2_t532,0.0
PS2_t533,0.0
PS2_t534,0.0
PS2_t535,0.0
PS2_t536,0.0
PS2_t521,0.0
PS2_t522,0.0
PS2_t523,0.0
PS2_t524,0.0
PS2_t525,0.0
PS2_t526,0.0
PS2_t527,0.0
PS2_t528,0.0
PS2_t513,0.0
PS2_t514,0.0
PS2_t515,0.0
PS2_t516,0.0
PS2_t517,0.0
PS2_t518,0.0
PS2_t519,0.0
PS2_t520,0.0
PS2_t505,0.0
PS2_t506,0.0
PS2_t507,0.0
PS2_t508,0.0
PS2_t509,0.0
PS2_t510,0.0
PS2_t511,0.0
PS2_t512,0.0
PS2_t561,0.0
PS2_t562,0.0
PS2_t563,0.0
PS2_t564,0.0
PS2_t565,0.0
PS2_t566,0.0
PS2_t567,0.0
PS2_t568,0.0
PS2_t553,0.0
PS2_t554,0.0
PS2_t555,0.0
PS2_t556,0.0
PS2_t557,0.0
PS2_t558,0.0
PS2_t559,0.0
PS2_t560,0.0
PS2_t545,0.0
PS2_t546,0.0
PS2_t547,0.0
PS2_t548,0.0
PS2_t549,0.0
PS2_t550,0.0
PS2_t551,0.0
PS2_t552,0.0
PS2_t537,0.0
PS2_t538,0.0
PS2_t539,0.0
PS2_t540,0.0
PS2_t541,0.0
PS2_t542,0.0
PS2_t543,0.0
PS2_t544,0.0
PS2_t593,0.0
PS2_t594,0.0
PS2_t595,0.0
PS2_t596,0.0
PS2_t597,0.0
PS2_t598,0.0
PS2_t599,0.0
PS2_t600,0.0
PS2_t585,0.0
PS2_t586,0.0
PS2_t587,0.0
PS2_t588,0.0
PS2_t589,0.0
PS2_t590,0.0
PS2_t591,0.0
PS2_t592,0.0
PS2_t577,0.0
PS2_t578,0.0
PS2_t579,0.0
PS2_t580,0.0
PS2_t581,0.0
PS2_t582,0.0
PS2_t583,0.0
PS2_t584,0.0
PS2_t569,0.0
PS2_t570,0.0
PS2_t571,0.0
PS2_t572,0.0
PS2_t573,0.0
PS2_t574,0.0
PS2_t575,0.0
PS2_t576,0.0
PS2_t625,0.0
PS2_t626,0.0
PS2_t627,0.0
PS2_t628,0.0
PS2_t629,0.0
PS2_t630,0.0
PS2_t631,0.0
PS2_t632,0.0
PS2_t617,0.0
PS2_t618,0.0
PS2_t619,0.0
PS2_t620,0.0
PS2_t621,0.0
PS2_t622,0.0
PS2_t623,0.0
PS2_t624,0.0
PS2_t609,0.0
PS2_t610,0.0
PS2_t611,0.0
PS2_t612,0.0
PS2_t613,0.0
PS2_t614,0.0
PS2_t615,0.0
PS2_t616,0.0
PS2_t601,0.0
PS2_t602,0.0
PS2_t603,0.0
PS2_t604,0.0
PS2_t605,0.0
PS2_t606,0.0
PS2_t607,0.0
PS2_t608,0.0
PS2_t657,0.0
PS2_t658,0.0
PS2_t659,0.0
PS2_t660,0.0
PS2_t661,0.0
PS2_t662,0.0
PS2_t663,0.0
PS2_t664,0.0
PS2_t649,0.0
PS2_t650,0.0
PS2_t651,0.0
PS2_t652,0.0
PS2_t653,0.0
PS2_t654,0.0
PS2_t655,0.0
PS2_t656,0.0
PS2_t641,0.0
PS2_t642,0.0
PS2_t643,0.0
PS2_t644,0.0
PS2_t645,0.0
PS2_t646,0.0
PS2_t647,0.0
PS2_t648,0.0
PS2_t633,0.0
PS2_t634,0.0
PS2_t635,0.0
PS2_t636,0.0
PS2_t637,0.0
PS2_t638,0.0
PS2_t639,0.0
PS2_t640,0.0
PS2_t689,0.0
PS2_t690,0.0
PS2_t691,0.0
PS2_t692,0.0
PS2_t693,0.0
PS2_t694,0.0
PS2_t695,0.0
PS2_t696,0.0
PS2_t681,0.0
PS2_t682,0.0
PS2_t683,0.0
PS2_t684,0.0
PS2_t685,0.0
PS2_t686,0.0
PS2_t687,0.0
PS2_t688,0.0
PS2_t673,0.0
PS2_t674,0.0
PS2_t675,0.0
PS2_t676,0.0
PS2_t677,0.0
PS2_t678,0.0
PS2_t679,0.0
PS2_t680,0.0
PS2_t665,0.0
PS2_t666,0.0
PS2_t667,0.0
PS2_t668,0.0
PS2_t669,0.0
PS2_t670,0.0
PS2_t671,0.0
PS2_t672,0.0
PS2_t721,0.0
PS2_t722,0.0
PS2_t723,0.0
PS2_t724,0.0
PS2_t725,0.0
PS2_t726,0.0
PS2_t727,0.0
PS2_t728,0.0
PS2_t713,0.0
PS2_t714,0.0
PS2_t715,0.0
PS2_t716,0.0
PS2_t717,0.0
PS2_t718,0.0
PS2_t719,0.0
PS2_t720,0.0
PS2_t705,0.0
PS2_t706,0.0
PS2_t707,0.0
PS2_t708,0.0
PS2_t709,0.0
PS2_t710,0.0
PS2_t711,0.0
PS2_t712,0.0
PS2_t697,0.0
PS2_t698,0.0
PS2_t699,0.0
PS2_t700,0.0
PS2_t701,0.0
PS2_t702,0.0
PS2_t703,0.0
PS2_t704,0.0
PS2_t753,0.0
PS2_t754,0.0
PS2_t755,0.0
PS2_t756,0.0
PS2_t757,0.0
PS2_t758,0.0
PS2_t759,0.0
PS2_t760,0.0
PS2_t745,0.0
PS2_t746,0.0
PS2_t747,0.0
PS2_t748,0.0
PS2_t749,0.0
PS2_t750,0.0
PS2_t751,0.0
PS2_t752,0.0
PS2_t737,0.0
PS2_t738,0.0
PS2_t739,0.0
PS2_t740,0.0
PS2_t741,0.0
PS2_t742,0.0
PS2_t743,0.0
PS2_t744,0.0
PS2_t729,0.0
PS2_t730,0.0
PS2_t731,0.0
PS2_t732,0.0
PS2_t733,0.0
PS2_t734,0.0
PS2_t735,0.0
PS2_t736,0.0
PS2_t785,0.0
PS2_t786,0.0
PS2_t787,0.0
PS2_t788,0.0
PS2_t789,0.0
PS2_t790,0.0
PS2_t791,0.0
PS2_t792,0.0
PS2_t777,0.0
PS2_t778,0.0
PS2_t779,0.0
PS2_t780,0.0
PS2_t781,0.0
PS2_t782,0.0
PS2_t783,0.0
PS2_t784,0.0
PS2_t769,0.0
PS2_t770,0.0
PS2_t771,0.0
PS2_t772,0.0
PS2_t773,0.0
PS2_t774,0.0
PS2_t775,0.0
PS2_t776,0.0
PS2_t761,0.0
PS2_t762,0.0
PS2_t763,0.0
PS2_t764,0.0
PS2_t765,0.0
PS2_t766,0.0
PS2_t767,0.0
PS2_t768,0.0
PS2_t817,0.0
PS2_t818,0.0
PS2_t819,0.0
PS2_t820,0.0
PS2_t821,0.0
PS2_t822,0.0
PS2_t823,0.0
PS2_t824,0.0
PS2_t809,0.0
PS2_t810,0.0
PS2_t811,0.0
PS2_t812,0.0
PS2_t813,0.0
PS2_t814,0.0
PS2_t815,0.0
PS2_t816,0.0
PS2_t801,0.0
PS2_t802,0.0
PS2_t803,0.0
PS2_t804,0.0
PS2_t805,0.0
PS2_t806,0.0
PS2_t807,0.0
PS2_t808,0.0
PS2_t793,0.0
PS2_t794,0.0
PS2_t795,0.0
PS2_t796,0.0
PS2_t797,0.0
PS2_t798,0.0
PS2_t799,0.0
PS2_t800,0.0
PS2_t849,0.0
PS2_t850,0.0
PS2_t851,0.0
PS2_t852,0.0
PS2_t853,0.0
PS2_t854,0.0
PS2_t855,0.0
PS2_t856,0.0
PS2_t841,0.0
PS2_t842,0.0
PS2_t843,0.0
PS2_t844,0.0
PS2_t845,0.0
PS2_t846,0.0
PS2_t847,0.0
PS2_t848,0.0
PS2_t833,0.0
PS2_t834,0.0
PS2_t835,0.0
PS2_t836,0.0
PS2_t837,0.0
PS2_t838,0.0
PS2_t839,0.0
PS2_t840,0.0
PS2_t825,0.0
PS2_t826,0.0
PS2_t827,0.0
PS2_t828,0.0
PS2_t829,0.0
PS2_t830,0.0
PS2_t831,0.0
PS2_t832,0.0
PS2_t881,0.0
PS2_t882,0.0
PS2_t883,0.0
PS2_t884,0.0
PS2_t885,0.0
PS2_t886,0.0
PS2_t887,0.0
PS2_t888,0.0
PS2_t873,0.0
PS2_t874,0.0
PS2_t875,0.0
PS2_t876,0.0
PS2_t877,0.0
PS2_t878,0.0
PS2_t879,0.0
PS2_t880,0.0
PS2_t865,0.0
PS2_t866,0.0
PS2_t867,0.0
PS2_t868,0.0
PS2_t869,0.0
PS2_t870,0.0
PS2_t871,0.0
PS2_t872,0.0
PS2_t857,0.0
PS2_t858,0.0
PS2_t859,0.0
PS2_t860,0.0
PS2_t861,0.0
PS2_t862,0.0
PS2_t863,0.0
PS2_t864,0.0
PS2_t913,0.0
PS2_t914,0.0
PS2_t915,0.0
PS2_t916,0.0
PS2_t917,0.0
PS2_t918,0.0
PS2_t919,0.0
PS2_t920,0.0
PS2_t905,0.0
PS2_t906,0.0
PS2_t907,0.0
PS2_t908,0.0
PS2_t909,0.0
PS2_t910,0.0
PS2_t911,0.0
PS2_t912,0.0
PS2_t897,0.0
PS2_t898,0.0
PS2_t899,0.0
PS2_t900,0.0
PS2_t901,0.0
PS2_t902,0.0
PS2_t903,0.0
PS2_t904,0.0
PS2_t889,0.0
PS2_t890,0.0
PS2_t891,0.0
PS2_t892,0.0
PS2_t893,0.0
PS2_t894,0.0
PS2_t895,0.0
PS2_t896,0.0
PS2_t945,0.0
PS2_t946,0.0
PS2_t947,0.0
PS2_t948,0.0
PS2_t949,0.0
PS2_t950,0.0
PS2_t951,0.0
PS2_t952,0.0
PS2_t937,0.0
PS2_t938,0.0
PS2_t939,0.0
PS2_t940,0.0
PS2_t941,0.0
PS2_t942,0.0
PS2_t943,0.0
PS2_t944,0.0
PS2_t929,0.0
PS2_t930,0.0
PS2_t931,0.0
PS2_t932,0.0
PS2_t933,0.0
PS2_t934,0.0
PS2_t935,0.0
PS2_t936,0.0
PS2_t921,0.0
PS2_t922,0.0
PS2_t923,0.0
PS2_t924,0.0
PS2_t925,0.0
PS2_t926,0.0
PS2_t927,0.0
PS2_t928,0.0
PS2_t977,0.0
PS2_t978,0.0
PS2_t979,0.0
PS2_t980,0.0
PS2_t981,0.0
PS2_t982,0.0
PS2_t983,0.0
PS2_t984,0.0
PS2_t969,0.0
PS2_t970,0.0
PS2_t971,0.0
PS2_t972,0.0
PS2_t973,0.0
PS2_t974,0.0
PS2_t975,0.0
PS2_t976,0.0
PS2_t961,0.0
PS2_t962,0.0
PS2_t963,0.0
PS2_t964,0.0
PS2_t965,0.0
PS2_t966,0.0
PS2_t967,0.0
PS2_t968,0.0
PS2_t953,0.0
PS2_t954,0.0
PS2_t955,0.0
PS2_t956,0.0
PS2_t957,0.0
PS2_t958,0.0
PS2_t959,0.0
PS2_t960,0.0
PS2_t1009,0.0
PS2_t1010,0.0
PS2_t1011,0.0
PS2_t1012,0.0
PS2_t1013,0.0
PS2_t1014,0.0
PS2_t1015,0.0
PS2_t1016,0.0
PS2_t1001,0.0
PS2_t1002,0.0
PS2_t1003,0.0
PS2_t1004,0.0
PS2_t1005,0.0
PS2_t1006,0.0
PS2_t1007,0.0
PS2_t1008,0.0
PS2_t993,0.0
PS2_t994,0.0
PS2_t995,0.0
PS2_t996,0.0
PS2_t997,0.0
PS2_t998,0.0
PS2_t999,0.0
PS2_t1000,0.0
PS2_t985,0.0
PS2_t986,0.0
PS2_t987,0.0
PS2_t988,0.0
PS2_t989,0.0
PS2_t990,0.0
PS2_t991,0.0
PS2_t992,0.0
PS2_t1041,0.0
PS2_t1042,0.0
PS2_t1043,0.0
PS2_t1044,0.0
PS2_t1045,0.0
PS2_t1046,0.0
PS2_t1047,0.0
PS2_t1048,0.0
PS2_t1033,0.0
PS2_t1034,0.0
PS2_t1035,0.0
PS2_t1036,0.0
PS2_t1037,0.0
PS2_t1038,0.0
PS2_t1039,0.0
PS2_t1040,0.0
PS2_t1025,0.0
PS2_t1026,0.0
PS2_t1027,0.0
PS2_t1028,0.0
PS2_t1029,0.0
PS2_t1030,0.0
PS2_t1031,0.0
PS2_t1032,0.0
PS2_t1017,0.0
PS2_t1018,0.0
PS2_t1019,0.0
PS2_t1020,0.0
PS2_t1021,0.0
PS2_t1022,0.0
PS2_t1023,0.0
PS2_t1024,0.0
PS2_t1073,0.0
PS2_t1074,0.0
PS2_t1075,0.0
PS2_t1076,0.0
PS2_t1077,0.0
PS2_t1078,0.0
PS2_t1079,0.0
PS2_t1080,0.0
PS2_t1065,0.0
PS2_t1066,0.0
PS2_t1067,0.0
PS2_t1068,0.0
PS2_t1069,0.0
PS2_t1070,0.0
PS2_t1071,0.0
PS2_t1072,0.0
PS2_t1057,0.0
PS2_t1058,0.0
PS2_t1059,0.0
PS2_t1060,0.0
PS2_t1061,0.0
PS2_t1062,0.0
PS2_t1063,0.0
PS2_t1064,0.0
PS2_t1049,0.0
PS2_t1050,0.0
PS2_t1051,0.0
PS2_t1052,0.0
PS2_t1053,0.0
PS2_t1054,0.0
PS2_t1055,0.0
PS2_t1056,0.0
PS2_t1105,0.0
PS2_t1106,0.0
PS2_t1107,0.0
PS2_t1108,0.0
PS2_t1109,0.0
PS2_t1110,0.0
PS2_t1111,0.0
PS2_t1112,0.0
PS2_t1097,0.0
PS2_t1098,0.0
PS2_t1099,0.0
PS2_t1100,0.0
PS2_t1101,0.0
PS2_t1102,0.0
PS2_t1103,0.0
PS2_t1104,0.0
PS2_t1089,0.0
PS2_t1090,0.0
PS2_t1091,0.0
PS2_t1092,0.0
PS2_t1093,0.0
PS2_t1094,0.0
PS2_t1095,0.0
PS2_t1096,0.0
PS2_t1081,0.0
PS2_t1082,0.0
PS2_t1083,0.0
PS2_t1084,0.0
PS2_t1085,0.0
PS2_t1086,0.0
PS2_t1087,0.0
PS2_t1088,0.0
PS2_t1137,0.0
PS2_t1138,0.0
PS2_t1139,0.0
PS2_t1140,0.0
PS2_t1141,0.0
PS2_t1142,0.0
PS2_t1143,0.0
PS2_t1144,0.0
PS2_t1129,0.0
PS2_t1130,0.0
PS2_t1131,0.0
PS2_t1132,0.0
PS2_t1133,0.0
PS2_t1134,0.0
PS2_t1135,0.0
PS2_t1136,0.0
PS2_t1121,0.0
PS2_t1122,0.0
PS2_t1123,0.0
PS2_t1124,0.0
PS2_t1125,0.0
PS2_t1126,0.0
PS2_t1127,0.0
PS2_t1128,0.0
PS2_t1113,0.0
PS2_t1114,0.0
PS2_t1115,0.0
PS2_t1116,0.0
PS2_t1117,0.0
PS2_t1118,0.0
PS2_t1119,0.0
PS2_t1120,0.0
PS2_t1169,0.0
PS2_t1170,0.0
PS2_t1171,0.0
PS2_t1172,0.0
PS2_t1173,0.0
PS2_t1174,0.0
PS2_t1175,0.0
PS2_t1176,0.0
PS2_t1161,0.0
PS2_t1162,0.0
PS2_t1163,0.0
PS2_t1164,0.0
PS2_t1165,0.0
PS2_t1166,0.0
PS2_t1167,0.0
PS2_t1168,0.0
PS2_t1153,0.0
PS2_t1154,0.0
PS2_t1155,0.0
PS2_t1156,0.0
PS2_t1157,0.0
PS2_t1158,0.0
PS2_t1159,0.0
PS2_t1160,0.0
PS2_t1145,0.0
PS2_t1146,0.0
PS2_t1147,0.0
PS2_t1148,0.0
PS2_t1149,0.0
PS2_t1150,0.0
PS2_t1151,0.0
PS2_t1152,0.0
PS2_t1201,0.0
PS2_t1202,0.0
PS2_t1203,0.0
PS2_t1204,0.0
PS2_t1205,0.0
PS2_t1206,0.0
PS2_t1207,0.0
PS2_t1208,0.0
PS2_t1193,0.0
PS2_t1194,0.0
PS2_t1195,0.0
PS2_t1196,0.0
PS2_t1197,0.0
PS2_t1198,0.0
PS2_t1199,0.0
PS2_t1200,0.0
PS2_t1185,0.0
PS2_t1186,0.0
PS2_t1187,0.0
PS2_t1188,0.0
PS2_t1189,0.0
PS2_t1190,0.0
PS2_t1191,0.0
PS2_t1192,0.0
PS2_t1177,0.0
PS2_t1178,0.0
PS2_t1179,0.0
PS2_t1180,0.0
PS2_t1181,0.0
PS2_t1182,0.0
PS2_t1183,0.0
PS2_t1184,0.0
PS2_t1233,0.0
PS2_t1234,0.0
PS2_t1235,0.0
PS2_t1236,0.0
PS2_t1237,0.0
PS2_t1238,0.0
PS2_t1239,0.0
PS2_t1240,0.0
PS2_t1225,0.0
PS2_t1226,0.0
PS2_t1227,0.0
PS2_t1228,0.0
PS2_t1229,0.0
PS2_t1230,0.0
PS2_t1231,0.0
PS2_t1232,0.0
PS2_t1217,0.0
PS2_t1218,0.0
PS2_t1219,0.0
PS2_t1220,0.0
PS2_t1221,0.0
PS2_t1222,0.0
PS2_t1223,0.0
PS2_t1224,0.0
PS2_t1209,0.0
PS2_t1210,0.0
PS2_t1211,0.0
PS2_t1212,0.0
PS2_t1213,0.0
PS2_t1214,0.0
PS2_t1215,0.0
PS2_t1216,0.0
PS2_t1265,0.0
PS2_t1266,0.0
PS2_t1267,0.0
PS2_t1268,0.0
PS2_t1269,0.0
PS2_t1270,0.0
PS2_t1271,0.0
PS2_t1272,0.0
PS2_t1257,0.0
PS2_t1258,0.0
PS2_t1259,0.0
PS2_t1260,0.0
PS2_t1261,0.0
PS2_t1262,0.0
PS2_t1263,0.0
PS2_t1264,0.0
PS2_t1249,0.0
PS2_t1250,0.0
PS2_t1251,0.0
PS2_t1252,0.0
PS2_t1253,0.0
PS2_t1254,0.0
PS2_t1255,0.0
PS2_t1256,0.0
PS2_t1241,0.0
PS2_t1242,0.0
PS2_t1243,0.0
PS2_t1244,0.0
PS2_t1245,0.0
PS2_t1246,0.0
PS2_t1247,0.0
PS2_t1248,0.0
PS2_t1297,0.0
PS2_t1298,0.0
PS2_t1299,0.0
PS2_t1300,0.0
PS2_t1301,0.0
PS2_t1302,0.0
PS2_t1303,0.0
PS2_t1304,0.0
PS2_t1289,0.0
PS2_t1290,0.0
PS2_t1291,0.0
PS2_t1292,0.0
PS2_t1293,0.0
PS2_t1294,0.0
PS2_t1295,0.0
PS2_t1296,0.0
PS2_t1281,0.0
PS2_t1282,0.0
PS2_t1283,0.0
PS2_t1284,0.0
PS2_t1285,0.0
PS2_t1286,0.0
PS2_t1287,0.0
PS2_t1288,0.0
PS2_t1273,0.0
PS2_t1274,0.0
PS2_t1275,0.0
PS2_t1276,0.0
PS2_t1277,0.0
PS2_t1278,0.0
PS2_t1279,0.0
PS2_t1280,0.0
PS2_t1329,0.0
PS2_t1330,0.0
PS2_t1331,0.0
PS2_t1332,0.0
PS2_t1333,0.0
PS2_t1334,0.0
PS2_t1335,0.0
PS2_t1336,0.0
PS2_t1321,0.0
PS2_t1322,0.0
PS2_t1323,0.0
PS2_t1324,0.0
PS2_t1325,0.0
PS2_t1326,0.0
PS2_t1327,0.0
PS2_t1328,0.0
PS2_t1313,0.0
PS2_t1314,0.0
PS2_t1315,0.0
PS2_t1316,0.0
PS2_t1317,0.0
PS2_t1318,0.0
PS2_t1319,0.0
PS2_t1320,0.0
PS2_t1305,0.0
PS2_t1306,0.0
PS2_t1307,0.0
PS2_t1308,0.0
PS2_t1309,0.0
PS2_t1310,0.0
PS2_t1311,0.0
PS2_t1312,0.0
PS2_t1361,0.0
PS2_t1362,0.0
PS2_t1363,0.0
PS2_t1364,0.0
PS2_t1365,0.0
PS2_t1366,0.0
PS2_t1367,0.0
PS2_t1368,0.0
PS2_t1353,0.0
PS2_t1354,0.0
PS2_t1355,0.0
PS2_t1356,0.0
PS2_t1357,0.0
PS2_t1358,0.0
PS2_t1359,0.0
PS2_t1360,0.0
PS2_t1345,0.0
PS2_t1346,0.0
PS2_t1347,0.0
PS2_t1348,0.0
PS2_t1349,0.0
PS2_t1350,0.0
PS2_t1351,0.0
PS2_t1352,0.0
PS2_t1337,0.0
PS2_t1338,0.0
PS2_t1339,0.0
PS2_t1340,0.0
PS2_t1341,0.0
PS2_t1342,0.0
PS2_t1343,0.0
PS2_t1344,0.0
PS2_t1393,0.0
PS2_t1394,0.0
PS2_t1395,0.0
PS2_t1396,0.0
PS2_t1397,0.0
PS2_t1398,0.0
PS2_t1399,0.0
PS2_t1400,0.0
PS2_t1385,0.0
PS2_t1386,0.0
PS2_t1387,0.0
PS2_t1388,0.0
PS2_t1389,0.0
PS2_t1390,0.0
PS2_t1391,0.0
PS2_t1392,0.0
PS2_t1377,0.0
PS2_t1378,0.0
PS2_t1379,0.0
PS2_t1380,0.0
PS2_t1381,0.0
PS2_t1382,0.0
PS2_t1383,0.0
PS2_t1384,0.0
PS2_t1369,0.0
PS2_t1370,0.0
PS2_t1371,0.0
PS2_t1372,0.0
PS2_t1373,0.0
PS2_t1374,0.0
PS2_t1375,0.0
PS2_t1376,0.0
PS2_t1425,0.0
PS2_t1426,0.0
PS2_t1427,0.0
PS2_t1428,0.0
PS2_t1429,0.0
PS2_t1430,0.0
PS2_t1431,0.0
PS2_t1432,0.0
PS2_t1417,0.0
PS2_t1418,0.0
PS2_t1419,0.0
PS2_t1420,0.0
PS2_t1421,0.0
PS2_t1422,0.0
PS2_t1423,0.0
PS2_t1424,0.0
PS2_t1409,0.0
PS2_t1410,0.0
PS2_t1411,0.0
PS2_t1412,0.0
PS2_t1413,0.0
PS2_t1414,0.0
PS2_t1415,0.0
PS2_t1416,0.0
PS2_t1401,0.0
PS2_t1402,0.0
PS2_t1403,0.0
PS2_t1404,0.0
PS2_t1405,0.0
PS2_t1406,0.0
PS2_t1407,0.0
PS2_t1408,0.0
PS2_t1457,0.0
PS2_t1458,0.0
PS2_t1459,0.0
PS2_t1460,0.0
PS2_t1461,0.0
PS2_t1462,0.0
PS2_t1463,0.0
PS2_t1464,0.0
PS2_t1449,0.0
PS2_t1450,0.0
PS2_t1451,0.0
PS2_t1452,0.0
PS2_t1453,0.0
PS2_t1454,0.0
PS2_t1455,0.0
PS2_t1456,0.0
PS2_t1441,0.0
PS2_t1442,0.0
PS2_t1443,0.0
PS2_t1444,0.0
PS2_t1445,0.0
PS2_t1446,0.0
PS2_t1447,0.0
PS2_t1448,0.0
PS2_t1433,0.0
PS2_t1434,0.0
PS2_t1435,0.0
PS2_t1436,0.0
PS2_t1437,0.0
PS2_t1438,0.0
PS2_t1439,0.0
PS2_t1440,0.0
PS2_t1489,0.0
PS2_t1490,0.0
PS2_t1491,0.0
PS2_t1492,0.0
PS2_t1493,0.0
PS2_t1494,0.0
PS2_t1495,0.0
PS2_t1496,0.0
PS2_t1481,0.0
PS2_t1482,0.0
PS2_t1483,0.0
PS2_t1484,0.0
PS2_t1485,0.0
PS2_t1486,0.0
PS2_t1487,0.0
PS2_t1488,0.0
PS2_t1473,0.0
PS2_t1474,0.0
PS2_t1475,0.0
PS2_t1476,0.0
PS2_t1477,0.0
PS2_t1478,0.0
PS2_t1479,0.0
PS2_t1480,0.0
PS2_t1465,0.0
PS2_t1466,0.0
PS2_t1467,0.0
PS2_t1468,0.0
PS2_t1469,0.0
PS2_t1470,0.0
PS2_t1471,0.0
PS2_t1472,0.0
PS2_t1521,0.0
PS2_t1522,0.0
PS2_t1523,0.0
PS2_t1524,0.0
PS2_t1525,0.0
PS2_t1526,0.0
PS2_t1527,0.0
PS2_t1528,0.0
PS2_t1513,0.0
PS2_t1514,0.0
PS2_t1515,0.0
PS2_t1516,0.0
PS2_t1517,0.0
PS2_t1518,0.0
PS2_t1519,0.0
PS2_t1520,0.0
PS2_t1505,0.0
PS2_t1506,0.0
PS2_t1507,0.0
PS2_t1508,0.0
PS2_t1509,0.0
PS2_t1510,0.0
PS2_t1511,0.0
PS2_t1512,0.0
PS2_t1497,0.0
PS2_t1498,0.0
PS2_t1499,0.0
PS2_t1500,0.0
PS2_t1501,0.0
PS2_t1502,0.0
PS2_t1503,0.0
PS2_t1504,0.0
PS2_t1553,0.0
PS2_t1554,0.0
PS2_t1555,0.0
PS2_t1556,0.0
PS2_t1557,0.0
PS2_t1558,0.0
PS2_t1559,0.0
PS2_t1560,0.0
PS2_t1545,0.0
PS2_t1546,0.0
PS2_t1547,0.0
PS2_t1548,0.0
PS2_t1549,0.0
PS2_t1550,0.0
PS2_t1551,0.0
PS2_t1552,0.0
PS2_t1537,0.0
PS2_t1538,0.0
PS2_t1539,0.0
PS2_t1540,0.0
PS2_t1541,0.0
PS2_t1542,0.0
PS2_t1543,0.0
PS2_t1544,0.0
PS2_t1529,0.0
PS2_t1530,0.0
PS2_t1531,0.0
PS2_t1532,0.0
PS2_t1533,0.0
PS2_t1534,0.0
PS2_t1535,0.0
PS2_t1536,0.0
PS2_t1585,0.0
PS2_t1586,0.0
PS2_t1587,0.0
PS2_t1588,0.0
PS2_t1589,0.0
PS2_t1590,0.0
PS2_t1591,0.0
PS2_t1592,0.0
PS2_t1577,0.0
PS2_t1578,0.0
PS2_t1579,0.0
PS2_t1580,0.0
PS2_t1581,0.0
PS2_t1582,0.0
PS2_t1583,0.0
PS2_t1584,0.0
PS2_t1569,0.0
PS2_t1570,0.0
PS2_t1571,0.0
PS2_t1572,0.0
PS2_t1573,0.0
PS2_t1574,0.0
PS2_t1575,0.0
PS2_t1576,0.0
PS2_t1561,0.0
PS2_t1562,0.0
PS2_t1563,0.0
PS2_t1564,0.0
PS2_t1565,0.0
PS2_t1566,0.0
PS2_t1567,0.0
PS2_t1568,0.0
PS2_t1617,0.0
PS2_t1618,0.0
PS2_t1619,0.0
PS2_t1620,0.0
PS2_t1621,0.0
PS2_t1622,0.0
PS2_t1623,0.0
PS2_t1624,0.0
PS2_t1609,0.0
PS2_t1610,0.0
PS2_t1611,0.0
PS2_t1612,0.0
PS2_t1613,0.0
PS2_t1614,0.0
PS2_t1615,0.0
PS2_t1616,0.0
PS2_t1601,0.0
PS2_t1602,0.0
PS2_t1603,0.0
PS2_t1604,0.0
PS2_t1605,0.0
PS2_t1606,0.0
PS2_t1607,0.0
PS2_t1608,0.0
PS2_t1593,0.0
PS2_t1594,0.0
PS2_t1595,0.0
PS2_t1596,0.0
PS2_t1597,0.0
PS2_t1598,0.0
PS2_t1599,0.0
PS2_t1600,0.0
PS2_t1649,0.0
PS2_t1650,0.0
PS2_t1651,0.0
PS2_t1652,0.0
PS2_t1653,0.0
PS2_t1654,0.0
PS2_t1655,0.0
PS2_t1656,0.0
PS2_t1641,0.0
PS2_t1642,0.0
PS2_t1643,0.0
PS2_t1644,0.0
PS2_t1645,0.0
PS2_t1646,0.0
PS2_t1647,0.0
PS2_t1648,0.0
PS2_t1633,0.0
PS2_t1634,0.0
PS2_t1635,0.0
PS2_t1636,0.0
PS2_t1637,0.0
PS2_t1638,0.0
PS2_t1639,0.0
PS2_t1640,0.0
PS2_t1625,0.0
PS2_t1626,0.0
PS2_t1627,0.0
PS2_t1628,0.0
PS2_t1629,0.0
PS2_t1630,0.0
PS2_t1631,0.0
PS2_t1632,0.0
PS2_t1681,0.0
PS2_t1682,0.0
PS2_t1683,0.0
PS2_t1684,0.0
PS2_t1685,0.0
PS2_t1686,0.0
PS2_t1687,0.0
PS2_t1688,0.0
PS2_t1673,0.0
PS2_t1674,0.0
PS2_t1675,0.0
PS2_t1676,0.0
PS2_t1677,0.0
PS2_t1678,0.0
PS2_t1679,0.0
PS2_t1680,0.0
PS2_t1665,0.0
PS2_t1666,0.0
PS2_t1667,0.0
PS2_t1668,0.0
PS2_t1669,0.0
PS2_t1670,0.0
PS2_t1671,0.0
PS2_t1672,0.0
PS2_t1657,0.0
PS2_t1658,0.0
PS2_t1659,0.0
PS2_t1660,0.0
PS2_t1661,0.0
PS2_t1662,0.0
PS2_t1663,0.0
PS2_t1664,0.0
PS2_t1713,0.0
PS2_t1714,0.0
PS2_t1715,0.0
PS2_t1716,0.0
PS2_t1717,0.0
PS2_t1718,0.0
PS2_t1719,0.0
PS2_t1720,0.0
PS2_t1705,0.0
PS2_t1706,0.0
PS2_t1707,0.0
PS2_t1708,0.0
PS2_t1709,0.0
PS2_t1710,0.0
PS2_t1711,0.0
PS2_t1712,0.0
PS2_t1697,0.0
PS2_t1698,0.0
PS2_t1699,0.0
PS2_t1700,0.0
PS2_t1701,0.0
PS2_t1702,0.0
PS2_t1703,0.0
PS2_t1704,0.0
PS2_t1689,0.0
PS2_t1690,0.0
PS2_t1691,0.0
PS2_t1692,0.0
PS2_t1693,0.0
PS2_t1694,0.0
PS2_t1695,0.0
PS2_t1696,0.0
PS2_t1745,0.0
PS2_t1746,0.0
PS2_t1747,0.0
PS2_t1748,0.0
PS2_t1749,0.0
PS2_t1750,0.0
PS2_t1751,0.0
PS2_t1752,0.0
PS2_t1737,0.0
PS2_t1738,0.0
PS2_t1739,0.0
PS2_t1740,0.0
PS2_t1741,0.0
PS2_t1742,0.0
PS2_t1743,0.0
PS2_t1744,0.0
PS2_t1729,0.0
PS2_t1730,0.0
PS2_t1731,0.0
PS2_t1732,0.0
PS2_t1733,0.0
PS2_t1734,0.0
PS2_t1735,0.0
PS2_t1736,0.0
PS2_t1721,0.0
PS2_t1722,0.0
PS2_t1723,0.0
PS2_t1724,0.0
PS2_t1725,0.0
PS2_t1726,0.0
PS2_t1727,0.0
PS2_t1728,0.0
PS2_t1777,0.0
PS2_t1778,0.0
PS2_t1779,0.0
PS2_t1780,0.0
PS2_t1781,0.0
PS2_t1782,0.0
PS2_t1783,0.0
PS2_t1784,0.0
PS2_t1769,0.0
PS2_t1770,0.0
PS2_t1771,0.0
PS2_t1772,0.0
PS2_t1773,0.0
PS2_t1774,0.0
PS2_t1775,0.0
PS2_t1776,0.0
PS2_t1761,0.0
PS2_t1762,0.0
PS2_t1763,0.0
PS2_t1764,0.0
PS2_t1765,0.0
PS2_t1766,0.0
PS2_t1767,0.0
PS2_t1768,0.0
PS2_t1753,0.0
PS2_t1754,0.0
PS2_t1755,0.0
PS2_t1756,0.0
PS2_t1757,0.0
PS2_t1758,0.0
PS2_t1759,0.0
PS2_t1760,0.0
PS2_t1809,0.0
PS2_t1810,0.0
PS2_t1811,0.0
PS2_t1812,0.0
PS2_t1813,0.0
PS2_t1814,0.0
PS2_t1815,0.0
PS2_t1816,0.0
PS2_t1801,0.0
PS2_t1802,0.0
PS2_t1803,0.0
PS2_t1804,0.0
PS2_t1805,0.0
PS2_t1806,0.0
PS2_t1807,0.0
PS2_t1808,0.0
PS2_t1793,0.0
PS2_t1794,0.0
PS2_t1795,0.0
PS2_t1796,0.0
PS2_t1797,0.0
PS2_t1798,0.0
PS2_t1799,0.0
PS2_t1800,0.0
PS2_t1785,0.0
PS2_t1786,0.0
PS2_t1787,0.0
PS2_t1788,0.0
PS2_t1789,0.0
PS2_t1790,0.0
PS2_t1791,0.0
PS2_t1792,0.0
PS2_t1841,0.0
PS2_t1842,0.0
PS2_t1843,0.0
PS2_t1844,0.0
PS2_t1845,0.0
PS2_t1846,0.0
PS2_t1847,0.0
PS2_t1848,0.0
PS2_t1833,0.0
PS2_t1834,0.0
PS2_t1835,0.0
PS2_t1836,0.0
PS2_t1837,0.0
PS2_t1838,0.0
PS2_t1839,0.0
PS2_t1840,0.0
PS2_t1825,0.0
PS2_t1826,0.0
PS2_t1827,0.0
PS2_t1828,0.0
PS2_t1829,0.0
PS2_t1830,0.0
PS2_t1831,0.0
PS2_t1832,0.0
PS2_t1817,0.0
PS2_t1818,0.0
PS2_t1819,0.0
PS2_t1820,0.0
PS2_t1821,0.0
PS2_t1822,0.0
PS2_t1823,0.0
PS2_t1824,0.0
PS2_t1873,0.0
PS2_t1874,0.0
PS2_t1875,0.0
PS2_t1876,0.0
PS2_t1877,0.0
PS2_t1878,0.0
PS2_t1879,0.0
PS2_t1880,0.0
PS2_t1865,0.0
PS2_t1866,0.0
PS2_t1867,0.0
PS2_t1868,0.0
PS2_t1869,0.0
PS2_t1870,0.0
PS2_t1871,0.0
PS2_t1872,0.0
PS2_t1857,0.0
PS2_t1858,0.0
PS2_t1859,0.0
PS2_t1860,0.0
PS2_t1861,0.0
PS2_t1862,0.0
PS2_t1863,0.0
PS2_t1864,0.0
PS2_t1849,0.0
PS2_t1850,0.0
PS2_t1851,0.0
PS2_t1852,0.0
PS2_t1853,0.0
PS2_t1854,0.0
PS2_t1855,0.0
PS2_t1856,0.0
PS2_t1905,0.0
PS2_t1906,0.0
PS2_t1907,0.0
PS2_t1908,0.0
PS2_t1909,0.0
PS2_t1910,0.0
PS2_t1911,0.0
PS2_t1912,0.0
PS2_t1897,0.0
PS2_t1898,0.0
PS2_t1899,0.0
PS2_t1900,0.0
PS2_t1901,0.0
PS2_t1902,0.0
PS2_t1903,0.0
PS2_t1904,0.0
PS2_t1889,0.0
PS2_t1890,0.0
PS2_t1891,0.0
PS2_t1892,0.0
PS2_t1893,0.0
PS2_t1894,0.0
PS2_t1895,0.0
PS2_t1896,0.0
PS2_t1881,0.0
PS2_t1882,0.0
PS2_t1883,0.0
PS2_t1884,0.0
PS2_t1885,0.0
PS2_t1886,0.0
PS2_t1887,0.0
PS2_t1888,0.0
PS2_t1937,0.0
PS2_t1938,0.0
PS2_t1939,0.0
PS2_t1940,0.0
PS2_t1941,0.0
PS2_t1942,0.0
PS2_t1943,0.0
PS2_t1944,0.0
PS2_t1929,0.0
PS2_t1930,0.0
PS2_t1931,0.0
PS2_t1932,0.0
PS2_t1933,0.0
PS2_t1934,0.0
PS2_t1935,0.0
PS2_t1936,0.0
PS2_t1921,0.0
PS2_t1922,0.0
PS2_t1923,0.0
PS2_t1924,0.0
PS2_t1925,0.0
PS2_t1926,0.0
PS2_t1927,0.0
PS2_t1928,0.0
PS2_t1913,0.0
PS2_t1914,0.0
PS2_t1915,0.0
PS2_t1916,0.0
PS2_t1917,0.0
PS2_t1918,0.0
PS2_t1919,0.0
PS2_t1920,0.0
PS2_t1969,0.0
PS2_t1970,0.0
PS2_t1971,0.0
PS2_t1972,0.0
PS2_t1973,0.0
PS2_t1974,0.0
PS2_t1975,0.0
PS2_t1976,0.0
PS2_t1961,0.0
PS2_t1962,0.0
PS2_t1963,0.0
PS2_t1964,0.0
PS2_t1965,0.0
PS2_t1966,0.0
PS2_t1967,0.0
PS2_t1968,0.0
PS2_t1953,0.0
PS2_t1954,0.0
PS2_t1955,0.0
PS2_t1956,0.0
PS2_t1957,0.0
PS2_t1958,0.0
PS2_t1959,0.0
PS2_t1960,0.0
PS2_t1945,0.0
PS2_t1946,0.0
PS2_t1947,0.0
PS2_t1948,0.0
PS2_t1949,0.0
PS2_t1950,0.0
PS2_t1951,0.0
PS2_t1952,0.0
PS2_t2001,0.0
PS2_t2002,0.0
PS2_t2003,0.0
PS2_t2004,0.0
PS2_t2005,0.0
PS2_t2006,0.0
PS2_t2007,0.0
PS2_t2008,0.0
PS2_t1993,0.0
PS2_t1994,0.0
PS2_t1995,0.0
PS2_t1996,0.0
PS2_t1997,0.0
PS2_t1998,0.0
PS2_t1999,0.0
PS2_t2000,0.0
PS2_t1985,0.0
PS2_t1986,0.0
PS2_t1987,0.0
PS2_t1988,0.0
PS2_t1989,0.0
PS2_t1990,0.0
PS2_t1991,0.0
PS2_t1992,0.0
PS2_t1977,0.0
PS2_t1978,0.0
PS2_t1979,0.0
PS2_t1980,0.0
PS2_t1981,0.0
PS2_t1982,0.0
PS2_t1983,0.0
PS2_t1984,0.0
PS2_t2033,0.0
PS2_t2034,0.0
PS2_t2035,0.0
PS2_t2036,0.0
PS2_t2037,0.0
PS2_t2038,0.0
PS2_t2039,0.0
PS2_t2040,0.0
PS2_t2025,0.0
PS2_t2026,0.0
PS2_t2027,0.0
PS2_t2028,0.0
PS2_t2029,0.0
PS2_t2030,0.0
PS2_t2031,0.0
PS2_t2032,0.0
PS2_t2017,0.0
PS2_t2018,0.0
PS2_t2019,0.0
PS2_t2020,0.0
PS2_t2021,0.0
PS2_t2022,0.0
PS2_t2023,0.0
PS2_t2024,0.0
PS2_t2009,0.0
PS2_t2010,0.0
PS2_t2011,0.0
PS2_t2012,0.0
PS2_t2013,0.0
PS2_t2014,0.0
PS2_t2015,0.0
PS2_t2016,0.0
PS2_t2065,0.0
PS2_t2066,0.0
PS2_t2067,0.0
PS2_t2068,0.0
PS2_t2069,0.0
PS2_t2070,0.0
PS2_t2071,0.0
PS2_t2072,0.0
PS2_t2057,0.0
PS2_t2058,0.0
PS2_t2059,0.0
PS2_t2060,0.0
PS2_t2061,0.0
PS2_t2062,0.0
PS2_t2063,0.0
PS2_t2064,0.0
PS2_t2049,0.0
PS2_t2050,0.0
PS2_t2051,0.0
PS2_t2052,0.0
PS2_t2053,0.0
PS2_t2054,0.0
PS2_t2055,0.0
PS2_t2056,0.0
PS2_t2041,0.0
PS2_t2042,0.0
PS2_t2043,0.0
PS2_t2044,0.0
PS2_t2045,0.0
PS2_t2046,0.0
PS2_t2047,0.0
PS2_t2048,0.0
PS2_t2097,0.0
PS2_t2098,0.0
PS2_t2099,0.0
PS2_t2100,0.0
PS2_t2101,0.0
PS2_t2102,0.0
PS2_t2103,0.0
PS2_t2104,0.0
PS2_t2089,0.0
PS2_t2090,0.0
PS2_t2091,0.0
PS2_t2092,0.0
PS2_t2093,0.0
PS2_t2094,0.0
PS2_t2095,0.0
PS2_t2096,0.0
PS2_t2081,0.0
PS2_t2082,0.0
PS2_t2083,0.0
PS2_t2084,0.0
PS2_t2085,0.0
PS2_t2086,0.0
PS2_t2087,0.0
PS2_t2088,0.0
PS2_t2073,0.0
PS2_t2074,0.0
PS2_t2075,0.0
PS2_t2076,0.0
PS2_t2077,0.0
PS2_t2078,0.0
PS2_t2079,0.0
PS2_t2080,0.0
PS2_t2129,0.0
PS2_t2130,0.0
PS2_t2131,0.0
PS2_t2132,0.0
PS2_t2133,0.0
PS2_t2134,0.0
PS2_t2135,0.0
PS2_t2136,0.0
PS2_t2121,0.0
PS2_t2122,0.0
PS2_t2123,0.0
PS2_t2124,0.0
PS2_t2125,0.0
PS2_t2126,0.0
PS2_t2127,0.0
PS2_t2128,0.0
PS2_t2113,0.0
PS2_t2114,0.0
PS2_t2115,0.0
PS2_t2116,0.0
PS2_t2117,0.0
PS2_t2118,0.0
PS2_t2119,0.0
PS2_t2120,0.0
PS2_t2105,0.0
PS2_t2106,0.0
PS2_t2107,0.0
PS2_t2108,0.0
PS2_t2109,0.0
PS2_t2110,0.0
PS2_t2111,0.0
PS2_t2112,0.0
PS2_t2161,0.0
PS2_t2162,0.0
PS2_t2163,0.0
PS2_t2164,0.0
PS2_t2165,0.0
PS2_t2166,0.0
PS2_t2167,0.0
PS2_t2168,0.0
PS2_t2153,0.0
PS2_t2154,0.0
PS2_t2155,0.0
PS2_t2156,0.0
PS2_t2157,0.0
PS2_t2158,0.0
PS2_t2159,0.0
PS2_t2160,0.0
PS2_t2145,0.0
PS2_t2146,0.0
PS2_t2147,0.0
PS2_t2148,0.0
PS2_t2149,0.0
PS2_t2150,0.0
PS2_t2151,0.0
PS2_t2152,0.0
PS2_t2137,0.0
PS2_t2138,0.0
PS2_t2139,0.0
PS2_t2140,0.0
PS2_t2141,0.0
PS2_t2142,0.0
PS2_t2143,0.0
PS2_t2144,0.0
PS2_t2193,0.0
PS2_t2194,0.0
PS2_t2195,0.0
PS2_t2196,0.0
PS2_t2197,0.0
PS2_t2198,0.0
PS2_t2199,0.0
PS2_t2200,0.0
PS2_t2185,0.0
PS2_t2186,0.0
PS2_t2187,0.0
PS2_t2188,0.0
PS2_t2189,0.0
PS2_t2190,0.0
PS2_t2191,0.0
PS2_t2192,0.0
PS2_t2177,0.0
PS2_t2178,0.0
PS2_t2179,0.0
PS2_t2180,0.0
PS2_t2181,0.0
PS2_t2182,0.0
PS2_t2183,0.0
PS2_t2184,0.0
PS2_t2169,0.0
PS2_t2170,0.0
PS2_t2171,0.0
PS2_t2172,0.0
PS2_t2173,0.0
PS2_t2174,0.0
PS2_t2175,0.0
PS2_t2176,0.0
PS2_t2225,0.0
PS2_t2226,0.0
PS2_t2227,0.0
PS2_t2228,0.0
PS2_t2229,0.0
PS2_t2230,0.0
PS2_t2231,0.0
PS2_t2232,0.0
PS2_t2217,0.0
PS2_t2218,0.0
PS2_t2219,0.0
PS2_t2220,0.0
PS2_t2221,0.0
PS2_t2222,0.0
PS2_t2223,0.0
PS2_t2224,0.0
PS2_t2209,0.0
PS2_t2210,0.0
PS2_t2211,0.0
PS2_t2212,0.0
PS2_t2213,0.0
PS2_t2214,0.0
PS2_t2215,0.0
PS2_t2216,0.0
PS2_t2201,0.0
PS2_t2202,0.0
PS2_t2203,0.0
PS2_t2204,0.0
PS2_t2205,0.0
PS2_t2206,0.0
PS2_t2207,0.0
PS2_t2208,0.0
PS2_t2257,0.0
PS2_t2258,0.0
PS2_t2259,0.0
PS2_t2260,0.0
PS2_t2261,0.0
PS2_t2262,0.0
PS2_t2263,0.0
PS2_t2264,0.0
PS2_t2249,0.0
PS2_t2250,0.0
PS2_t2251,0.0
PS2_t2252,0.0
PS2_t2253,0.0
PS2_t2254,0.0
PS2_t2255,0.0
PS2_t2256,0.0
PS2_t2241,0.0
PS2_t2242,0.0
PS2_t2243,0.0
PS2_t2244,0.0
PS2_t2245,0.0
PS2_t2246,0.0
PS2_t2247,0.0
PS2_t2248,0.0
PS2_t2233,0.0
PS2_t2234,0.0
PS2_t2235,0.0
PS2_t2236,0.0
PS2_t2237,0.0
PS2_t2238,0.0
PS2_t2239,0.0
PS2_t2240,0.0
PS2_t2289,0.0
PS2_t2290,0.0
PS2_t2291,0.0
PS2_t2292,0.0
PS2_t2293,0.0
PS2_t2294,0.0
PS2_t2295,0.0
PS2_t2296,0.0
PS2_t2281,0.0
PS2_t2282,0.0
PS2_t2283,0.0
PS2_t2284,0.0
PS2_t2285,0.0
PS2_t2286,0.0
PS2_t2287,0.0
PS2_t2288,0.0
PS2_t2273,0.0
PS2_t2274,0.0
PS2_t2275,0.0
PS2_t2276,0.0
PS2_t2277,0.0
PS2_t2278,0.0
PS2_t2279,0.0
PS2_t2280,0.0
PS2_t2265,0.0
PS2_t2266,0.0
PS2_t2267,0.0
PS2_t2268,0.0
PS2_t2269,0.0
PS2_t2270,0.0
PS2_t2271,0.0
PS2_t2272,0.0
PS2_t2321,0.0
PS2_t2322,0.0
PS2_t2323,0.0
PS2_t2324,0.0
PS2_t2325,0.0
PS2_t2326,0.0
PS2_t2327,0.0
PS2_t2328,0.0
PS2_t2313,0.0
PS2_t2314,0.0
PS2_t2315,0.0
PS2_t2316,0.0
PS2_t2317,0.0
PS2_t2318,0.0
PS2_t2319,0.0
PS2_t2320,0.0
PS2_t2305,0.0
PS2_t2306,0.0
PS2_t2307,0.0
PS2_t2308,0.0
PS2_t2309,0.0
PS2_t2310,0.0
PS2_t2311,0.0
PS2_t2312,0.0
PS2_t2297,0.0
PS2_t2298,0.0
PS2_t2299,0.0
PS2_t2300,0.0
PS2_t2301,0.0
PS2_t2302,0.0
PS2_t2303,0.0
PS2_t2304,0.0
PS2_t2353,0.0
PS2_t2354,0.0
PS2_t2355,0.0
PS2_t2356,0.0
PS2_t2357,0.0
PS2_t2358,0.0
PS2_t2359,0.0
PS2_t2360,0.0
PS2_t2345,0.0
PS2_t2346,0.0
PS2_t2347,0.0
PS2_t2348,0.0
PS2_t2349,0.0
PS2_t2350,0.0
PS2_t2351,0.0
PS2_t2352,0.0
PS2_t2337,0.0
PS2_t2338,0.0
PS2_t2339,0.0
PS2_t2340,0.0
PS2_t2341,0.0
PS2_t2342,0.0
PS2_t2343,0.0
PS2_t2344,0.0
PS2_t2329,0.0
PS2_t2330,0.0
PS2_t2331,0.0
PS2_t2332,0.0
PS2_t2333,0.0
PS2_t2334,0.0
PS2_t2335,0.0
PS2_t2336,0.0
PS2_t2385,0.0
PS2_t2386,0.0
PS2_t2387,0.0
PS2_t2388,0.0
PS2_t2389,0.0
PS2_t2390,0.0
PS2_t2391,0.0
PS2_t2392,0.0
PS2_t2377,0.0
PS2_t2378,0.0
PS2_t2379,0.0
PS2_t2380,0.0
PS2_t2381,0.0
PS2_t2382,0.0
PS2_t2383,0.0
PS2_t2384,0.0
PS2_t2369,0.0
PS2_t2370,0.0
PS2_t2371,0.0
PS2_t2372,0.0
PS2_t2373,0.0
PS2_t2374,0.0
PS2_t2375,0.0
PS2_t2376,0.0
PS2_t2361,0.0
PS2_t2362,0.0
PS2_t2363,0.0
PS2_t2364,0.0
PS2_t2365,0.0
PS2_t2366,0.0
PS2_t2367,0.0
PS2_t2368,0.0
PS2_t2417,0.0
PS2_t2418,0.0
PS2_t2419,0.0
PS2_t2420,0.0
PS2_t2421,0.0
PS2_t2422,0.0
PS2_t2423,0.0
PS2_t2424,0.0
PS2_t2409,0.0
PS2_t2410,0.0
PS2_t2411,0.0
PS2_t2412,0.0
PS2_t2413,0.0
PS2_t2414,0.0
PS2_t2415,0.0
PS2_t2416,0.0
PS2_t2401,0.0
PS2_t2402,0.0
PS2_t2403,0.0
PS2_t2404,0.0
PS2_t2405,0.0
PS2_t2406,0.0
PS2_t2407,0.0
PS2_t2408,0.0
PS2_t2393,0.0
PS2_t2394,0.0
PS2_t2395,0.0
PS2_t2396,0.0
PS2_t2397,0.0
PS2_t2398,0.0
PS2_t2399,0.0
PS2_t2400,0.0
PS2_t2449,0.0
PS2_t2450,0.0
PS2_t2451,0.0
PS2_t2452,0.0
PS2_t2453,0.0
PS2_t2454,0.0
PS2_t2455,0.0
PS2_t2456,0.0
PS2_t2441,0.0
PS2_t2442,0.0
PS2_t2443,0.0
PS2_t2444,0.0
PS2_t2445,0.0
PS2_t2446,0.0
PS2_t2447,0.0
PS2_t2448,0.0
PS2_t2433,0.0
PS2_t2434,0.0
PS2_t2435,0.0
PS2_t2436,0.0
PS2_t2437,0.0
PS2_t2438,0.0
PS2_t2439,0.0
PS2_t2440,0.0
PS2_t2425,0.0
PS2_t2426,0.0
PS2_t2427,0.0
PS2_t2428,0.0
PS2_t2429,0.0
PS2_t2430,0.0
PS2_t2431,0.0
PS2_t2432,0.0
PS2_t2481,0.0
PS2_t2482,0.0
PS2_t2483,0.0
PS2_t2484,0.0
PS2_t2485,0.0
PS2_t2486,0.0
PS2_t2487,0.0
PS2_t2488,0.0
PS2_t2473,0.0
PS2_t2474,0.0
PS2_t2475,0.0
PS2_t2476,0.0
PS2_t2477,0.0
PS2_t2478,0.0
PS2_t2479,0.0
PS2_t2480,0.0
PS2_t2465,0.0
PS2_t2466,0.0
PS2_t2467,0.0
PS2_t2468,0.0
PS2_t2469,0.0
PS2_t2470,0.0
PS2_t2471,0.0
PS2_t2472,0.0
PS2_t2457,0.0
PS2_t2458,0.0
PS2_t2459,0.0
PS2_t2460,0.0
PS2_t2461,0.0
PS2_t2462,0.0
PS2_t2463,0.0
PS2_t2464,0.0
PS2_t2513,0.0
PS2_t2514,0.0
PS2_t2515,0.0
PS2_t2516,0.0
PS2_t2517,0.0
PS2_t2518,0.0
PS2_t2519,0.0
PS2_t2520,0.0
PS2_t2505,0.0
PS2_t2506,0.0
PS2_t2507,0.0
PS2_t2508,0.0
PS2_t2509,0.0
PS2_t2510,0.0
PS2_t2511,0.0
PS2_t2512,0.0
PS2_t2497,0.0
PS2_t2498,0.0
PS2_t2499,0.0
PS2_t2500,0.0
PS2_t2501,0.0
PS2_t2502,0.0
PS2_t2503,0.0
PS2_t2504,0.0
PS2_t2489,0.0
PS2_t2490,0.0
PS2_t2491,0.0
PS2_t2492,0.0
PS2_t2493,0.0
PS2_t2494,0.0
PS2_t2495,0.0
PS2_t2496,0.0
PS2_t2545,0.0
PS2_t2546,0.0
PS2_t2547,0.0
PS2_t2548,0.0
PS2_t2549,0.0
PS2_t2550,0.0
PS2_t2551,0.0
PS2_t2552,0.0
PS2_t2537,0.0
PS2_t2538,0.0
PS2_t2539,0.0
PS2_t2540,0.0
PS2_t2541,0.0
PS2_t2542,0.0
PS2_t2543,0.0
PS2_t2544,0.0
PS2_t2529,0.0
PS2_t2530,0.0
PS2_t2531,0.0
PS2_t2532,0.0
PS2_t2533,0.0
PS2_t2534,0.0
PS2_t2535,0.0
PS2_t2536,0.0
PS2_t2521,0.0
PS2_t2522,0.0
PS2_t2523,0.0
PS2_t2524,0.0
PS2_t2525,0.0
PS2_t2526,0.0
PS2_t2527,0.0
PS2_t2528,0.0
PS2_t2577,0.0
PS2_t2578,0.0
PS2_t2579,0.0
PS2_t2580,0.0
PS2_t2581,0.0
PS2_t2582,0.0
PS2_t2583,0.0
PS2_t2584,0.0
PS2_t2569,0.0
PS2_t2570,0.0
PS2_t2571,0.0
PS2_t2572,0.0
PS2_t2573,0.0
PS2_t2574,0.0
PS2_t2575,0.0
PS2_t2576,0.0
PS2_t2561,0.0
PS2_t2562,0.0
PS2_t2563,0.0
PS2_t2564,0.0
PS2_t2565,0.0
PS2_t2566,0.0
PS2_t2567,0.0
PS2_t2568,0.0
PS2_t2553,0.0
PS2_t2554,0.0
PS2_t2555,0.0
PS2_t2556,0.0
PS2_t2557,0.0
PS2_t2558,0.0
PS2_t2559,0.0
PS2_t2560,0.0
PS2_t2609,0.0
PS2_t2610,0.0
PS2_t2611,0.0
PS2_t2612,0.0
PS2_t2613,0.0
PS2_t2614,0.0
PS2_t2615,0.0
PS2_t2616,0.0
PS2_t2601,0.0
PS2_t2602,0.0
PS2_t2603,0.0
PS2_t2604,0.0
PS2_t2605,0.0
PS2_t2606,0.0
PS2_t2607,0.0
PS2_t2608,0.0
PS2_t2593,0.0
PS2_t2594,0.0
PS2_t2595,0.0
PS2_t2596,0.0
PS2_t2597,0.0
PS2_t2598,0.0
PS2_t2599,0.0
PS2_t2600,0.0
PS2_t2585,0.0
PS2_t2586,0.0
PS2_t2587,0.0
PS2_t2588,0.0
PS2_t2589,0.0
PS2_t2590,0.0
PS2_t2591,0.0
PS2_t2592,0.0
PS2_t2641,0.0
PS2_t2642,0.0
PS2_t2643,0.0
PS2_t2644,0.0
PS2_t2645,0.0
PS2_t2646,0.0
PS2_t2647,0.0
PS2_t2648,0.0
PS2_t2633,0.0
PS2_t2634,0.0
PS2_t2635,0.0
PS2_t2636,0.0
PS2_t2637,0.0
PS2_t2638,0.0
PS2_t2639,0.0
PS2_t2640,0.0
PS2_t2625,0.0
PS2_t2626,0.0
PS2_t2627,0.0
PS2_t2628,0.0
PS2_t2629,0.0
PS2_t2630,0.0
PS2_t2631,0.0
PS2_t2632,0.0
PS2_t2617,0.0
PS2_t2618,0.0
PS2_t2619,0.0
PS2_t2620,0.0
PS2_t2621,0.0
PS2_t2622,0.0
PS2_t2623,0.0
PS2_t2624,0.0
PS2_t2673,0.0
PS2_t2674,0.0
PS2_t2675,0.0
PS2_t2676,0.0
PS2_t2677,0.0
PS2_t2678,0.0
PS2_t2679,0.0
PS2_t2680,0.0
PS2_t2665,0.0
PS2_t2666,0.0
PS2_t2667,0.0
PS2_t2668,0.0
PS2_t2669,0.0
PS2_t2670,0.0
PS2_t2671,0.0
PS2_t2672,0.0
PS2_t2657,0.0
PS2_t2658,0.0
PS2_t2659,0.0
PS2_t2660,0.0
PS2_t2661,0.0
PS2_t2662,0.0
PS2_t2663,0.0
PS2_t2664,0.0
PS2_t2649,0.0
PS2_t2650,0.0
PS2_t2651,0.0
PS2_t2652,0.0
PS2_t2653,0.0
PS2_t2654,0.0
PS2_t2655,0.0
PS2_t2656,0.0
PS2_t2705,0.0
PS2_t2706,0.0
PS2_t2707,0.0
PS2_t2708,0.0
PS2_t2709,0.0
PS2_t2710,0.0
PS2_t2711,0.0
PS2_t2712,0.0
PS2_t2697,0.0
PS2_t2698,0.0
PS2_t2699,0.0
PS2_t2700,0.0
PS2_t2701,0.0
PS2_t2702,0.0
PS2_t2703,0.0
PS2_t2704,0.0
PS2_t2689,0.0
PS2_t2690,0.0
PS2_t2691,0.0
PS2_t2692,0.0
PS2_t2693,0.0
PS2_t2694,0.0
PS2_t2695,0.0
PS2_t2696,0.0
PS2_t2681,0.0
PS2_t2682,0.0
PS2_t2683,0.0
PS2_t2684,0.0
PS2_t2685,0.0
PS2_t2686,0.0
PS2_t2687,0.0
PS2_t2688,0.0
PS2_t2737,0.0
PS2_t2738,0.0
PS2_t2739,0.0
PS2_t2740,0.0
PS2_t2741,0.0
PS2_t2742,0.0
PS2_t2743,0.0
PS2_t2744,0.0
PS2_t2729,0.0
PS2_t2730,0.0
PS2_t2731,0.0
PS2_t2732,0.0
PS2_t2733,0.0
PS2_t2734,0.0
PS2_t2735,0.0
PS2_t2736,0.0
PS2_t2721,0.0
PS2_t2722,0.0
PS2_t2723,0.0
PS2_t2724,0.0
PS2_t2725,0.0
PS2_t2726,0.0
PS2_t2727,0.0
PS2_t2728,0.0
PS2_t2713,0.0
PS2_t2714,0.0
PS2_t2715,0.0
PS2_t2716,0.0
PS2_t2717,0.0
PS2_t2718,0.0
PS2_t2719,0.0
PS2_t2720,0.0
PS2_t2769,0.0
PS2_t2770,0.0
PS2_t2771,0.0
PS2_t2772,0.0
PS2_t2773,0.0
PS2_t2774,0.0
PS2_t2775,0.0
PS2_t2776,0.0
PS2_t2761,0.0
PS2_t2762,0.0
PS2_t2763,0.0
PS2_t2764,0.0
PS2_t2765,0.0
PS2_t2766,0.0
PS2_t2767,0.0
PS2_t2768,0.0
PS2_t2753,0.0
PS2_t2754,0.0
PS2_t2755,0.0
PS2_t2756,0.0
PS2_t2757,0.0
PS2_t2758,0.0
PS2_t2759,0.0
PS2_t2760,0.0
PS2_t2745,0.0
PS2_t2746,0.0
PS2_t2747,0.0
PS2_t2748,0.0
PS2_t2749,0.0
PS2_t2750,0.0
PS2_t2751,0.0
PS2_t2752,0.0
PS2_t2801,0.0
PS2_t2802,0.0
PS2_t2803,0.0
PS2_t2804,0.0
PS2_t2805,0.0
PS2_t2806,0.0
PS2_t2807,0.0
PS2_t2808,0.0
PS2_t2793,0.0
PS2_t2794,0.0
PS2_t2795,0.0
PS2_t2796,0.0
PS2_t2797,0.0
PS2_t2798,0.0
PS2_t2799,0.0
PS2_t2800,0.0
PS2_t2785,0.0
PS2_t2786,0.0
PS2_t2787,0.0
PS2_t2788,0.0
PS2_t2789,0.0
PS2_t2790,0.0
PS2_t2791,0.0
PS2_t2792,0.0
PS2_t2777,0.0
PS2_t2778,0.0
PS2_t2779,0.0
PS2_t2780,0.0
PS2_t2781,0.0
PS2_t2782,0.0
PS2_t2783,0.0
PS2_t2784,0.0
PS2_t2833,0.0
PS2_t2834,0.0
PS2_t2835,0.0
PS2_t2836,0.0
PS2_t2837,0.0
PS2_t2838,0.0
PS2_t2839,0.0
PS2_t2840,0.0
PS2_t2825,0.0
PS2_t2826,0.0
PS2_t2827,0.0
PS2_t2828,0.0
PS2_t2829,0.0
PS2_t2830,0.0
PS2_t2831,0.0
PS2_t2832,0.0
PS2_t2817,0.0
PS2_t2818,0.0
PS2_t2819,0.0
PS2_t2820,0.0
PS2_t2821,0.0
PS2_t2822,0.0
PS2_t2823,0.0
PS2_t2824,0.0
PS2_t2809,0.0
PS2_t2810,0.0
PS2_t2811,0.0
PS2_t2812,0.0
PS2_t2813,0.0
PS2_t2814,0.0
PS2_t2815,0.0
PS2_t2816,0.0
PS2_t2865,0.0
PS2_t2866,0.0
PS2_t2867,0.0
PS2_t2868,0.0
PS2_t2869,0.0
PS2_t2870,0.0
PS2_t2871,0.0
PS2_t2872,0.0
PS2_t2857,0.0
PS2_t2858,0.0
PS2_t2859,0.0
PS2_t2860,0.0
PS2_t2861,0.0
PS2_t2862,0.0
PS2_t2863,0.0
PS2_t2864,0.0
PS2_t2849,0.0
PS2_t2850,0.0
PS2_t2851,0.0
PS2_t2852,0.0
PS2_t2853,0.0
PS2_t2854,0.0
PS2_t2855,0.0
PS2_t2856,0.0
PS2_t2841,0.0
PS2_t2842,0.0
PS2_t2843,0.0
PS2_t2844,0.0
PS2_t2845,0.0
PS2_t2846,0.0
PS2_t2847,0.0
PS2_t2848,0.0
PS2_t2897,0.0
PS2_t2898,0.0
PS2_t2899,0.0
PS2_t2900,0.0
PS2_t2901,0.0
PS2_t2902,0.0
PS2_t2903,0.0
PS2_t2904,0.0
PS2_t2889,0.0
PS2_t2890,0.0
PS2_t2891,0.0
PS2_t2892,0.0
PS2_t2893,0.0
PS2_t2894,0.0
PS2_t2895,0.0
PS2_t2896,0.0
PS2_t2881,0.0
PS2_t2882,0.0
PS2_t2883,0.0
PS2_t2884,0.0
PS2_t2885,0.0
PS2_t2886,0.0
PS2_t2887,0.0
PS2_t2888,0.0
PS2_t2873,0.0
PS2_t2874,0.0
PS2_t2875,0.0
PS2_t2876,0.0
PS2_t2877,0.0
PS2_t2878,0.0
PS2_t2879,0.0
PS2_t2880,0.0
PS2_t2929,0.0
PS2_t2930,0.0
PS2_t2931,0.0
PS2_t2932,0.0
PS2_t2933,0.0
PS2_t2934,0.0
PS2_t2935,0.0
PS2_t2936,0.0
PS2_t2921,0.0
PS2_t2922,0.0
PS2_t2923,0.0
PS2_t2924,0.0
PS2_t2925,0.0
PS2_t2926,0.0
PS2_t2927,0.0
PS2_t2928,0.0
PS2_t2913,0.0
PS2_t2914,0.0
PS2_t2915,0.0
PS2_t2916,0.0
PS2_t2917,0.0
PS2_t2918,0.0
PS2_t2919,0.0
PS2_t2920,0.0
PS2_t2905,0.0
PS2_t2906,0.0
PS2_t2907,0.0
PS2_t2908,0.0
PS2_t2909,0.0
PS2_t2910,0.0
PS2_t2911,0.0
PS2_t2912,0.0
PS2_t2961,0.0
PS2_t2962,0.0
PS2_t2963,0.0
PS2_t2964,0.0
PS2_t2965,0.0
PS2_t2966,0.0
PS2_t2967,0.0
PS2_t2968,0.0
PS2_t2953,0.0
PS2_t2954,0.0
PS2_t2955,0.0
PS2_t2956,0.0
PS2_t2957,0.0
PS2_t2958,0.0
PS2_t2959,0.0
PS2_t2960,0.0
PS2_t2945,0.0
PS2_t2946,0.0
PS2_t2947,0.0
PS2_t2948,0.0
PS2_t2949,0.0
PS2_t2950,0.0
PS2_t2951,0.0
PS2_t2952,0.0
PS2_t2937,0.0
PS2_t2938,0.0
PS2_t2939,0.0
PS2_t2940,0.0
PS2_t2941,0.0
PS2_t2942,0.0
PS2_t2943,0.0
PS2_t2944,0.0
PS2_t2993,0.0
PS2_t2994,0.0
PS2_t2995,0.0
PS2_t2996,0.0
PS2_t2997,0.0
PS2_t2998,0.0
PS2_t2999,0.0
PS2_t3000,0.0
PS2_t2985,0.0
PS2_t2986,0.0
PS2_t2987,0.0
PS2_t2988,0.0
PS2_t2989,0.0
PS2_t2990,0.0
PS2_t2991,0.0
PS2_t2992,0.0
PS2_t2977,0.0
PS2_t2978,0.0
PS2_t2979,0.0
PS2_t2980,0.0
PS2_t2981,0.0
PS2_t2982,0.0
PS2_t2983,0.0
PS2_t2984,0.0
PS2_t2969,0.0
PS2_t2970,0.0
PS2_t2971,0.0
PS2_t2972,0.0
PS2_t2973,0.0
PS2_t2974,0.0
PS2_t2975,0.0
PS2_t2976,0.0
PS2_t3025,0.0
PS2_t3026,0.0
PS2_t3027,0.0
PS2_t3028,0.0
PS2_t3029,0.0
PS2_t3030,0.0
PS2_t3031,0.0
PS2_t3032,0.0
PS2_t3017,0.0
PS2_t3018,0.0
PS2_t3019,0.0
PS2_t3020,0.0
PS2_t3021,0.0
PS2_t3022,0.0
PS2_t3023,0.0
PS2_t3024,0.0
PS2_t3009,0.0
PS2_t3010,0.0
PS2_t3011,0.0
PS2_t3012,0.0
PS2_t3013,0.0
PS2_t3014,0.0
PS2_t3015,0.0
PS2_t3016,0.0
PS2_t3001,0.0
PS2_t3002,0.0
PS2_t3003,0.0
PS2_t3004,0.0
PS2_t3005,0.0
PS2_t3006,0.0
PS2_t3007,0.0
PS2_t3008,0.0
PS2_t3057,0.0
PS2_t3058,0.0
PS2_t3059,0.0
PS2_t3060,0.0
PS2_t3061,0.0
PS2_t3062,0.0
PS2_t3063,0.0
PS2_t3064,0.0
PS2_t3049,0.0
PS2_t3050,0.0
PS2_t3051,0.0
PS2_t3052,0.0
PS2_t3053,0.0
PS2_t3054,0.0
PS2_t3055,0.0
PS2_t3056,0.0
PS2_t3041,0.0
PS2_t3042,0.0
PS2_t3043,0.0
PS2_t3044,0.0
PS2_t3045,0.0
PS2_t3046,0.0
PS2_t3047,0.0
PS2_t3048,0.0
PS2_t3033,0.0
PS2_t3034,0.0
PS2_t3035,0.0
PS2_t3036,0.0
PS2_t3037,0.0
PS2_t3038,0.0
PS2_t3039,0.0
PS2_t3040,0.0
PS2_t3089,0.0
PS2_t3090,0.0
PS2_t3091,0.0
PS2_t3092,0.0
PS2_t3093,0.0
PS2_t3094,0.0
PS2_t3095,0.0
PS2_t3096,0.0
PS2_t3081,0.0
PS2_t3082,0.0
PS2_t3083,0.0
PS2_t3084,0.0
PS2_t3085,0.0
PS2_t3086,0.0
PS2_t3087,0.0
PS2_t3088,0.0
PS2_t3073,0.0
PS2_t3074,0.0
PS2_t3075,0.0
PS2_t3076,0.0
PS2_t3077,0.0
PS2_t3078,0.0
PS2_t3079,0.0
PS2_t3080,0.0
PS2_t3065,0.0
PS2_t3066,0.0
PS2_t3067,0.0
PS2_t3068,0.0
PS2_t3069,0.0
PS2_t3070,0.0
PS2_t3071,0.0
PS2_t3072,0.0
PS2_t3121,0.0
PS2_t3122,0.0
PS2_t3123,0.0
PS2_t3124,0.0
PS2_t3125,0.0
PS2_t3126,0.0
PS2_t3127,0.0
PS2_t3128,0.0
PS2_t3113,0.0
PS2_t3114,0.0
PS2_t3115,0.0
PS2_t3116,0.0
PS2_t3117,0.0
PS2_t3118,0.0
PS2_t3119,0.0
PS2_t3120,0.0
PS2_t3105,0.0
PS2_t3106,0.0
PS2_t3107,0.0
PS2_t3108,0.0
PS2_t3109,0.0
PS2_t3110,0.0
PS2_t3111,0.0
PS2_t3112,0.0
PS2_t3097,0.0
PS2_t3098,0.0
PS2_t3099,0.0
PS2_t3100,0.0
PS2_t3101,0.0
PS2_t3102,0.0
PS2_t3103,0.0
PS2_t3104,0.0
PS2_t3153,0.0
PS2_t3154,0.0
PS2_t3155,0.0
PS2_t3156,0.0
PS2_t3157,0.0
PS2_t3158,0.0
PS2_t3159,0.0
PS2_t3160,0.0
PS2_t3145,0.0
PS2_t3146,0.0
PS2_t3147,0.0
PS2_t3148,0.0
PS2_t3149,0.0
PS2_t3150,0.0
PS2_t3151,0.0
PS2_t3152,0.0
PS2_t3137,0.0
PS2_t3138,0.0
PS2_t3139,0.0
PS2_t3140,0.0
PS2_t3141,0.0
PS2_t3142,0.0
PS2_t3143,0.0
PS2_t3144,0.0
PS2_t3129,0.0
PS2_t3130,0.0
PS2_t3131,0.0
PS2_t3132,0.0
PS2_t3133,0.0
PS2_t3134,0.0
PS2_t3135,0.0
PS2_t3136,0.0
PS2_t3185,0.0
PS2_t3186,0.0
PS2_t3187,0.0
PS2_t3188,0.0
PS2_t3189,0.0
PS2_t3190,0.0
PS2_t3191,0.0
PS2_t3192,0.0
PS2_t3177,0.0
PS2_t3178,0.0
PS2_t3179,0.0
PS2_t3180,0.0
PS2_t3181,0.0
PS2_t3182,0.0
PS2_t3183,0.0
PS2_t3184,0.0
PS2_t3169,0.0
PS2_t3170,0.0
PS2_t3171,0.0
PS2_t3172,0.0
PS2_t3173,0.0
PS2_t3174,0.0
PS2_t3175,0.0
PS2_t3176,0.0
PS2_t3161,0.0
PS2_t3162,0.0
PS2_t3163,0.0
PS2_t3164,0.0
PS2_t3165,0.0
PS2_t3166,0.0
PS2_t3167,0.0
PS2_t3168,0.0
PS2_t3217,0.0
PS2_t3218,0.0
PS2_t3219,0.0
PS2_t3220,0.0
PS2_t3221,0.0
PS2_t3222,0.0
PS2_t3223,0.0
PS2_t3224,0.0
PS2_t3209,0.0
PS2_t3210,0.0
PS2_t3211,0.0
PS2_t3212,0.0
PS2_t3213,0.0
PS2_t3214,0.0
PS2_t3215,0.0
PS2_t3216,0.0
PS2_t3201,0.0
PS2_t3202,0.0
PS2_t3203,0.0
PS2_t3204,0.0
PS2_t3205,0.0
PS2_t3206,0.0
PS2_t3207,0.0
PS2_t3208,0.0
PS2_t3193,0.0
PS2_t3194,0.0
PS2_t3195,0.0
PS2_t3196,0.0
PS2_t3197,0.0
PS2_t3198,0.0
PS2_t3199,0.0
PS2_t3200,0.0
PS2_t3249,0.0
PS2_t3250,0.0
PS2_t3251,0.0
PS2_t3252,0.0
PS2_t3253,0.0
PS2_t3254,0.0
PS2_t3255,0.0
PS2_t3256,0.0
PS2_t3241,0.0
PS2_t3242,0.0
PS2_t3243,0.0
PS2_t3244,0.0
PS2_t3245,0.0
PS2_t3246,0.0
PS2_t3247,0.0
PS2_t3248,0.0
PS2_t3233,0.0
PS2_t3234,0.0
PS2_t3235,0.0
PS2_t3236,0.0
PS2_t3237,0.0
PS2_t3238,0.0
PS2_t3239,0.0
PS2_t3240,0.0
PS2_t3225,0.0
PS2_t3226,0.0
PS2_t3227,0.0
PS2_t3228,0.0
PS2_t3229,0.0
PS2_t3230,0.0
PS2_t3231,0.0
PS2_t3232,0.0
PS2_t3281,0.0
PS2_t3282,0.0
PS2_t3283,0.0
PS2_t3284,0.0
PS2_t3285,0.0
PS2_t3286,0.0
PS2_t3287,0.0
PS2_t3288,0.0
PS2_t3273,0.0
PS2_t3274,0.0
PS2_t3275,0.0
PS2_t3276,0.0
PS2_t3277,0.0
PS2_t3278,0.0
PS2_t3279,0.0
PS2_t3280,0.0
PS2_t3265,0.0
PS2_t3266,0.0
PS2_t3267,0.0
PS2_t3268,0.0
PS2_t3269,0.0
PS2_t3270,0.0
PS2_t3271,0.0
PS2_t3272,0.0
PS2_t3257,0.0
PS2_t3258,0.0
PS2_t3259,0.0
PS2_t3260,0.0
PS2_t3261,0.0
PS2_t3262,0.0
PS2_t3263,0.0
PS2_t3264,0.0
PS2_t3313,0.0
PS2_t3314,0.0
PS2_t3315,0.0
PS2_t3316,0.0
PS2_t3317,0.0
PS2_t3318,0.0
PS2_t3319,0.0
PS2_t3320,0.0
PS2_t3305,0.0
PS2_t3306,0.0
PS2_t3307,0.0
PS2_t3308,0.0
PS2_t3309,0.0
PS2_t3310,0.0
PS2_t3311,0.0
PS2_t3312,0.0
PS2_t3297,0.0
PS2_t3298,0.0
PS2_t3299,0.0
PS2_t3300,0.0
PS2_t3301,0.0
PS2_t3302,0.0
PS2_t3303,0.0
PS2_t3304,0.0
PS2_t3289,0.0
PS2_t3290,0.0
PS2_t3291,0.0
PS2_t3292,0.0
PS2_t3293,0.0
PS2_t3294,0.0
PS2_t3295,0.0
PS2_t3296,0.0
PS2_t3345,0.0
PS2_t3346,0.0
PS2_t3347,0.0
PS2_t3348,0.0
PS2_t3349,0.0
PS2_t3350,0.0
PS2_t3351,0.0
PS2_t3352,0.0
PS2_t3337,0.0
PS2_t3338,0.0
PS2_t3339,0.0
PS2_t3340,0.0
PS2_t3341,0.0
PS2_t3342,0.0
PS2_t3343,0.0
PS2_t3344,0.0
PS2_t3329,0.0
PS2_t3330,0.0
PS2_t3331,0.0
PS2_t3332,0.0
PS2_t3333,0.0
PS2_t3334,0.0
PS2_t3335,0.0
PS2_t3336,0.0
PS2_t3321,0.0
PS2_t3322,0.0
PS2_t3323,0.0
PS2_t3324,0.0
PS2_t3325,0.0
PS2_t3326,0.0
PS2_t3327,0.0
PS2_t3328,0.0
PS2_t3377,0.0
PS2_t3378,0.0
PS2_t3379,0.0
PS2_t3380,0.0
PS2_t3381,0.0
PS2_t3382,0.0
PS2_t3383,0.0
PS2_t3384,0.0
PS2_t3369,0.0
PS2_t3370,0.0
PS2_t3371,0.0
PS2_t3372,0.0
PS2_t3373,0.0
PS2_t3374,0.0
PS2_t3375,0.0
PS2_t3376,0.0
PS2_t3361,0.0
PS2_t3362,0.0
PS2_t3363,0.0
PS2_t3364,0.0
PS2_t3365,0.0
PS2_t3366,0.0
PS2_t3367,0.0
PS2_t3368,0.0
PS2_t3353,0.0
PS2_t3354,0.0
PS2_t3355,0.0
PS2_t3356,0.0
PS2_t3357,0.0
PS2_t3358,0.0
PS2_t3359,0.0
PS2_t3360,0.0
PS2_t3409,0.0
PS2_t3410,0.0
PS2_t3411,0.0
PS2_t3412,0.0
PS2_t3413,0.0
PS2_t3414,0.0
PS2_t3415,0.0
PS2_t3416,0.0
PS2_t3401,0.0
PS2_t3402,0.0
PS2_t3403,0.0
PS2_t3404,0.0
PS2_t3405,0.0
PS2_t3406,0.0
PS2_t3407,0.0
PS2_t3408,0.0
PS2_t3393,0.0
PS2_t3394,0.0
PS2_t3395,0.0
PS2_t3396,0.0
PS2_t3397,0.0
PS2_t3398,0.0
PS2_t3399,0.0
PS2_t3400,0.0
PS2_t3385,0.0
PS2_t3386,0.0
PS2_t3387,0.0
PS2_t3388,0.0
PS2_t3389,0.0
PS2_t3390,0.0
PS2_t3391,0.0
PS2_t3392,0.0
PS2_t3441,0.0
PS2_t3442,0.0
PS2_t3443,0.0
PS2_t3444,0.0
PS2_t3445,0.0
PS2_t3446,0.0
PS2_t3447,0.0
PS2_t3448,0.0
PS2_t3433,0.0
PS2_t3434,0.0
PS2_t3435,0.0
PS2_t3436,0.0
PS2_t3437,0.0
PS2_t3438,0.0
PS2_t3439,0.0
PS2_t3440,0.0
PS2_t3425,0.0
PS2_t3426,0.0
PS2_t3427,0.0
PS2_t3428,0.0
PS2_t3429,0.0
PS2_t3430,0.0
PS2_t3431,0.0
PS2_t3432,0.0
PS2_t3417,0.0
PS2_t3418,0.0
PS2_t3419,0.0
PS2_t3420,0.0
PS2_t3421,0.0
PS2_t3422,0.0
PS2_t3423,0.0
PS2_t3424,0.0
PS2_t3473,0.0
PS2_t3474,0.0
PS2_t3475,0.0
PS2_t3476,0.0
PS2_t3477,0.0
PS2_t3478,0.0
PS2_t3479,0.0
PS2_t3480,0.0
PS2_t3465,0.0
PS2_t3466,0.0
PS2_t3467,0.0
PS2_t3468,0.0
PS2_t3469,0.0
PS2_t3470,0.0
PS2_t3471,0.0
PS2_t3472,0.0
PS2_t3457,0.0
PS2_t3458,0.0
PS2_t3459,0.0
PS2_t3460,0.0
PS2_t3461,0.0
PS2_t3462,0.0
PS2_t3463,0.0
PS2_t3464,0.0
PS2_t3449,0.0
PS2_t3450,0.0
PS2_t3451,0.0
PS2_t3452,0.0
PS2_t3453,0.0
PS2_t3454,0.0
PS2_t3455,0.0
PS2_t3456,0.0
PS2_t3505,0.0
PS2_t3506,0.0
PS2_t3507,0.0
PS2_t3508,0.0
PS2_t3509,0.0
PS2_t3510,0.0
PS2_t3511,0.0
PS2_t3512,0.0
PS2_t3497,0.0
PS2_t3498,0.0
PS2_t3499,0.0
PS2_t3500,0.0
PS2_t3501,0.0
PS2_t3502,0.0
PS2_t3503,0.0
PS2_t3504,0.0
PS2_t3489,0.0
PS2_t3490,0.0
PS2_t3491,0.0
PS2_t3492,0.0
PS2_t3493,0.0
PS2_t3494,0.0
PS2_t3495,0.0
PS2_t3496,0.0
PS2_t3481,0.0
PS2_t3482,0.0
PS2_t3483,0.0
PS2_t3484,0.0
PS2_t3485,0.0
PS2_t3486,0.0
PS2_t3487,0.0
PS2_t3488,0.0
PS2_t3537,0.0
PS2_t3538,0.0
PS2_t3539,0.0
PS2_t3540,0.0
PS2_t3541,0.0
PS2_t3542,0.0
PS2_t3543,0.0
PS2_t3544,0.0
PS2_t3529,0.0
PS2_t3530,0.0
PS2_t3531,0.0
PS2_t3532,0.0
PS2_t3533,0.0
PS2_t3534,0.0
PS2_t3535,0.0
PS2_t3536,0.0
PS2_t3521,0.0
PS2_t3522,0.0
PS2_t3523,0.0
PS2_t3524,0.0
PS2_t3525,0.0
PS2_t3526,0.0
PS2_t3527,0.0
PS2_t3528,0.0
PS2_t3513,0.0
PS2_t3514,0.0
PS2_t3515,0.0
PS2_t3516,0.0
PS2_t3517,0.0
PS2_t3518,0.0
PS2_t3519,0.0
PS2_t3520,0.0
PS2_t3569,0.0
PS2_t3570,0.0
PS2_t3571,0.0
PS2_t3572,0.0
PS2_t3573,0.0
PS2_t3574,0.0
PS2_t3575,0.0
PS2_t3576,0.0
PS2_t3561,0.0
PS2_t3562,0.0
PS2_t3563,0.0
PS2_t3564,0.0
PS2_t3565,0.0
PS2_t3566,0.0
PS2_t3567,0.0
PS2_t3568,0.0
PS2_t3553,0.0
PS2_t3554,0.0
PS2_t3555,0.0
PS2_t3556,0.0
PS2_t3557,0.0
PS2_t3558,0.0
PS2_t3559,0.0
PS2_t3560,0.0
PS2_t3545,0.0
PS2_t3546,0.0
PS2_t3547,0.0
PS2_t3548,0.0
PS2_t3549,0.0
PS2_t3550,0.0
PS2_t3551,0.0
PS2_t3552,0.0
PS2_t3601,0.0
PS2_t3602,0.0
PS2_t3603,0.0
PS2_t3604,0.0
PS2_t3605,0.0
PS2_t3606,0.0
PS2_t3607,0.0
PS2_t3608,0.0
PS2_t3593,0.0
PS2_t3594,0.0
PS2_t3595,0.0
PS2_t3596,0.0
PS2_t3597,0.0
PS2_t3598,0.0
PS2_t3599,0.0
PS2_t3600,0.0
PS2_t3585,0.0
PS2_t3586,0.0
PS2_t3587,0.0
PS2_t3588,0.0
PS2_t3589,0.0
PS2_t3590,0.0
PS2_t3591,0.0
PS2_t3592,0.0
PS2_t3577,0.0
PS2_t3578,0.0
PS2_t3579,0.0
PS2_t3580,0.0
PS2_t3581,0.0
PS2_t3582,0.0
PS2_t3583,0.0
PS2_t3584,0.0
PS2_t3633,0.0
PS2_t3634,0.0
PS2_t3635,0.0
PS2_t3636,0.0
PS2_t3637,0.0
PS2_t3638,0.0
PS2_t3639,0.0
PS2_t3640,0.0
PS2_t3625,0.0
PS2_t3626,0.0
PS2_t3627,0.0
PS2_t3628,0.0
PS2_t3629,0.0
PS2_t3630,0.0
PS2_t3631,0.0
PS2_t3632,0.0
PS2_t3617,0.0
PS2_t3618,0.0
PS2_t3619,0.0
PS2_t3620,0.0
PS2_t3621,0.0
PS2_t3622,0.0
PS2_t3623,0.0
PS2_t3624,0.0
PS2_t3609,0.0
PS2_t3610,0.0
PS2_t3611,0.0
PS2_t3612,0.0
PS2_t3613,0.0
PS2_t3614,0.0
PS2_t3615,0.0
PS2_t3616,0.0
PS2_t3665,0.0
PS2_t3666,0.0
PS2_t3667,0.0
PS2_t3668,0.0
PS2_t3669,0.0
PS2_t3670,0.0
PS2_t3671,0.0
PS2_t3672,0.0
PS2_t3657,0.0
PS2_t3658,0.0
PS2_t3659,0.0
PS2_t3660,0.0
PS2_t3661,0.0
PS2_t3662,0.0
PS2_t3663,0.0
PS2_t3664,0.0
PS2_t3649,0.0
PS2_t3650,0.0
PS2_t3651,0.0
PS2_t3652,0.0
PS2_t3653,0.0
PS2_t3654,0.0
PS2_t3655,0.0
PS2_t3656,0.0
PS2_t3641,0.0
PS2_t3642,0.0
PS2_t3643,0.0
PS2_t3644,0.0
PS2_t3645,0.0
PS2_t3646,0.0
PS2_t3647,0.0
PS2_t3648,0.0
PS2_t3697,0.0
PS2_t3698,0.0
PS2_t3699,0.0
PS2_t3700,0.0
PS2_t3701,0.0
PS2_t3702,0.0
PS2_t3703,0.0
PS2_t3704,0.0
PS2_t3689,0.0
PS2_t3690,0.0
PS2_t3691,0.0
PS2_t3692,0.0
PS2_t3693,0.0
PS2_t3694,0.0
PS2_t3695,0.0
PS2_t3696,0.0
PS2_t3681,0.0
PS2_t3682,0.0
PS2_t3683,0.0
PS2_t3684,0.0
PS2_t3685,0.0
PS2_t3686,0.0
PS2_t3687,0.0
PS2_t3688,0.0
PS2_t3673,0.0
PS2_t3674,0.0
PS2_t3675,0.0
PS2_t3676,0.0
PS2_t3677,0.0
PS2_t3678,0.0
PS2_t3679,0.0
PS2_t3680,0.0
PS2_t3729,0.0
PS2_t3730,0.0
PS2_t3731,0.0
PS2_t3732,0.0
PS2_t3733,0.0
PS2_t3734,0.0
PS2_t3735,0.0
PS2_t3736,0.0
PS2_t3721,0.0
PS2_t3722,0.0
PS2_t3723,0.0
PS2_t3724,0.0
PS2_t3725,0.0
PS2_t3726,0.0
PS2_t3727,0.0
PS2_t3728,0.0
PS2_t3713,0.0
PS2_t3714,0.0
PS2_t3715,0.0
PS2_t3716,0.0
PS2_t3717,0.0
PS2_t3718,0.0
PS2_t3719,0.0
PS2_t3720,0.0
PS2_t3705,0.0
PS2_t3706,0.0
PS2_t3707,0.0
PS2_t3708,0.0
PS2_t3709,0.0
PS2_t3710,0.0
PS2_t3711,0.0
PS2_t3712,0.0
PS2_t3761,0.0
PS2_t3762,0.0
PS2_t3763,0.0
PS2_t3764,0.0
PS2_t3765,0.0
PS2_t3766,0.0
PS2_t3767,0.0
PS2_t3768,0.0
PS2_t3753,0.0
PS2_t3754,0.0
PS2_t3755,0.0
PS2_t3756,0.0
PS2_t3757,0.0
PS2_t3758,0.0
PS2_t3759,0.0
PS2_t3760,0.0
PS2_t3745,0.0
PS2_t3746,0.0
PS2_t3747,0.0
PS2_t3748,0.0
PS2_t3749,0.0
PS2_t3750,0.0
PS2_t3751,0.0
PS2_t3752,0.0
PS2_t3737,0.0
PS2_t3738,0.0
PS2_t3739,0.0
PS2_t3740,0.0
PS2_t3741,0.0
PS2_t3742,0.0
PS2_t3743,0.0
PS2_t3744,0.0
PS2_t3793,0.0
PS2_t3794,0.0
PS2_t3795,0.0
PS2_t3796,0.0
PS2_t3797,0.0
PS2_t3798,0.0
PS2_t3799,0.0
PS2_t3800,0.0
PS2_t3785,0.0
PS2_t3786,0.0
PS2_t3787,0.0
PS2_t3788,0.0
PS2_t3789,0.0
PS2_t3790,0.0
PS2_t3791,0.0
PS2_t3792,0.0
PS2_t3777,0.0
PS2_t3778,0.0
PS2_t3779,0.0
PS2_t3780,0.0
PS2_t3781,0.0
PS2_t3782,0.0
PS2_t3783,0.0
PS2_t3784,0.0
PS2_t3769,0.0
PS2_t3770,0.0
PS2_t3771,0.0
PS2_t3772,0.0
PS2_t3773,0.0
PS2_t3774,0.0
PS2_t3775,0.0
PS2_t3776,0.0
PS2_t3825,0.0
PS2_t3826,0.0
PS2_t3827,0.0
PS2_t3828,0.0
PS2_t3829,0.0
PS2_t3830,0.0
PS2_t3831,0.0
PS2_t3832,0.0
PS2_t3817,0.0
PS2_t3818,0.0
PS2_t3819,0.0
PS2_t3820,0.0
PS2_t3821,0.0
PS2_t3822,0.0
PS2_t3823,0.0
PS2_t3824,0.0
PS2_t3809,0.0
PS2_t3810,0.0
PS2_t3811,0.0
PS2_t3812,0.0
PS2_t3813,0.0
PS2_t3814,0.0
PS2_t3815,0.0
PS2_t3816,0.0
PS2_t3801,0.0
PS2_t3802,0.0
PS2_t3803,0.0
PS2_t3804,0.0
PS2_t3805,0.0
PS2_t3806,0.0
PS2_t3807,0.0
PS2_t3808,0.0
PS2_t3857,0.0
PS2_t3858,0.0
PS2_t3859,0.0
PS2_t3860,0.0
PS2_t3861,0.0
PS2_t3862,0.0
PS2_t3863,0.0
PS2_t3864,0.0
PS2_t3849,0.0
PS2_t3850,0.0
PS2_t3851,0.0
PS2_t3852,0.0
PS2_t3853,0.0
PS2_t3854,0.0
PS2_t3855,0.0
PS2_t3856,0.0
PS2_t3841,0.0
PS2_t3842,0.0
PS2_t3843,0.0
PS2_t3844,0.0
PS2_t3845,0.0
PS2_t3846,0.0
PS2_t3847,0.0
PS2_t3848,0.0
PS2_t3833,0.0
PS2_t3834,0.0
PS2_t3835,0.0
PS2_t3836,0.0
PS2_t3837,0.0
PS2_t3838,0.0
PS2_t3839,0.0
PS2_t3840,0.0
PS2_t3889,0.0
PS2_t3890,0.0
PS2_t3891,0.0
PS2_t3892,0.0
PS2_t3893,0.0
PS2_t3894,0.0
PS2_t3895,0.0
PS2_t3896,0.0
PS2_t3881,0.0
PS2_t3882,0.0
PS2_t3883,0.0
PS2_t3884,0.0
PS2_t3885,0.0
PS2_t3886,0.0
PS2_t3887,0.0
PS2_t3888,0.0
PS2_t3873,0.0
PS2_t3874,0.0
PS2_t3875,0.0
PS2_t3876,0.0
PS2_t3877,0.0
PS2_t3878,0.0
PS2_t3879,0.0
PS2_t3880,0.0
PS2_t3865,0.0
PS2_t3866,0.0
PS2_t3867,0.0
PS2_t3868,0.0
PS2_t3869,0.0
PS2_t3870,0.0
PS2_t3871,0.0
PS2_t3872,0.0
PS2_t3921,0.0
PS2_t3922,0.0
PS2_t3923,0.0
PS2_t3924,0.0
PS2_t3925,0.0
PS2_t3926,0.0
PS2_t3927,0.0
PS2_t3928,0.0
PS2_t3913,0.0
PS2_t3914,0.0
PS2_t3915,0.0
PS2_t3916,0.0
PS2_t3917,0.0
PS2_t3918,0.0
PS2_t3919,0.0
PS2_t3920,0.0
PS2_t3905,0.0
PS2_t3906,0.0
PS2_t3907,0.0
PS2_t3908,0.0
PS2_t3909,0.0
PS2_t3910,0.0
PS2_t3911,0.0
PS2_t3912,0.0
PS2_t3897,0.0
PS2_t3898,0.0
PS2_t3899,0.0
PS2_t3900,0.0
PS2_t3901,0.0
PS2_t3902,0.0
PS2_t3903,0.0
PS2_t3904,0.0
PS2_t3953,0.0
PS2_t3954,0.0
PS2_t3955,0.0
PS2_t3956,0.0
PS2_t3957,0.0
PS2_t3958,0.0
PS2_t3959,0.0
PS2_t3960,0.0
PS2_t3945,0.0
PS2_t3946,0.0
PS2_t3947,0.0
PS2_t3948,0.0
PS2_t3949,0.0
PS2_t3950,0.0
PS2_t3951,0.0
PS2_t3952,0.0
PS2_t3937,0.0
PS2_t3938,0.0
PS2_t3939,0.0
PS2_t3940,0.0
PS2_t3941,0.0
PS2_t3942,0.0
PS2_t3943,0.0
PS2_t3944,0.0
PS2_t3929,0.0
PS2_t3930,0.0
PS2_t3931,0.0
PS2_t3932,0.0
PS2_t3933,0.0
PS2_t3934,0.0
PS2_t3935,0.0
PS2_t3936,0.0
PS2_t3985,0.0
PS2_t3986,0.0
PS2_t3987,0.0
PS2_t3988,0.0
PS2_t3989,0.0
PS2_t3990,0.0
PS2_t3991,0.0
PS2_t3992,0.0
PS2_t3977,0.0
PS2_t3978,0.0
PS2_t3979,0.0
PS2_t3980,0.0
PS2_t3981,0.0
PS2_t3982,0.0
PS2_t3983,0.0
PS2_t3984,0.0
PS2_t3969,0.0
PS2_t3970,0.0
PS2_t3971,0.0
PS2_t3972,0.0
PS2_t3973,0.0
PS2_t3974,0.0
PS2_t3975,0.0
PS2_t3976,0.0
PS2_t3961,0.0
PS2_t3962,0.0
PS2_t3963,0.0
PS2_t3964,0.0
PS2_t3965,0.0
PS2_t3966,0.0
PS2_t3967,0.0
PS2_t3968,0.0
PS2_t4017,0.0
PS2_t4018,0.0
PS2_t4019,0.0
PS2_t4020,0.0
PS2_t4021,0.0
PS2_t4022,0.0
PS2_t4023,0.0
PS2_t4024,0.0
PS2_t4009,0.0
PS2_t4010,0.0
PS2_t4011,0.0
PS2_t4012,0.0
PS2_t4013,0.0
PS2_t4014,0.0
PS2_t4015,0.0
PS2_t4016,0.0
PS2_t4001,0.0
PS2_t4002,0.0
PS2_t4003,0.0
PS2_t4004,0.0
PS2_t4005,0.0
PS2_t4006,0.0
PS2_t4007,0.0
PS2_t4008,0.0
PS2_t3993,0.0
PS2_t3994,0.0
PS2_t3995,0.0
PS2_t3996,0.0
PS2_t3997,0.0
PS2_t3998,0.0
PS2_t3999,0.0
PS2_t4000,0.0
PS2_t4049,0.0
PS2_t4050,0.0
PS2_t4051,0.0
PS2_t4052,0.0
PS2_t4053,0.0
PS2_t4054,0.0
PS2_t4055,0.0
PS2_t4056,0.0
PS2_t4041,0.0
PS2_t4042,0.0
PS2_t4043,0.0
PS2_t4044,0.0
PS2_t4045,0.0
PS2_t4046,0.0
PS2_t4047,0.0
PS2_t4048,0.0
PS2_t4033,0.0
PS2_t4034,0.0
PS2_t4035,0.0
PS2_t4036,0.0
PS2_t4037,0.0
PS2_t4038,0.0
PS2_t4039,0.0
PS2_t4040,0.0
PS2_t4025,0.0
PS2_t4026,0.0
PS2_t4027,0.0
PS2_t4028,0.0
PS2_t4029,0.0
PS2_t4030,0.0
PS2_t4031,0.0
PS2_t4032,0.0
PS2_t4081,0.0
PS2_t4082,0.0
PS2_t4083,0.0
PS2_t4084,0.0
PS2_t4085,0.0
PS2_t4086,0.0
PS2_t4087,0.0
PS2_t4088,0.0
PS2_t4073,0.0
PS2_t4074,0.0
PS2_t4075,0.0
PS2_t4076,0.0
PS2_t4077,0.0
PS2_t4078,0.0
PS2_t4079,0.0
PS2_t4080,0.0
PS2_t4065,0.0
PS2_t4066,0.0
PS2_t4067,0.0
PS2_t4068,0.0
PS2_t4069,0.0
PS2_t4070,0.0
PS2_t4071,0.0
PS2_t4072,0.0
PS2_t4057,0.0
PS2_t4058,0.0
PS2_t4059,0.0
PS2_t4060,0.0
PS2_t4061,0.0
PS2_t4062,0.0
PS2_t4063,0.0
PS2_t4064,0.0
PS2_t4113,0.0
PS2_t4114,0.0
PS2_t4115,0.0
PS2_t4116,0.0
PS2_t4117,0.0
PS2_t4118,0.0
PS2_t4119,0.0
PS2_t4120,0.0
PS2_t4105,0.0
PS2_t4106,0.0
PS2_t4107,0.0
PS2_t4108,0.0
PS2_t4109,0.0
PS2_t4110,0.0
PS2_t4111,0.0
PS2_t4112,0.0
PS2_t4097,0.0
PS2_t4098,0.0
PS2_t4099,0.0
PS2_t4100,0.0
PS2_t4101,0.0
PS2_t4102,0.0
PS2_t4103,0.0
PS2_t4104,0.0
PS2_t4089,0.0
PS2_t4090,0.0
PS2_t4091,0.0
PS2_t4092,0.0
PS2_t4093,0.0
PS2_t4094,0.0
PS2_t4095,0.0
PS2_t4096,0.0
PS2_t4145,0.0
PS2_t4146,0.0
PS2_t4147,0.0
PS2_t4148,0.0
PS2_t4149,0.0
PS2_t4150,0.0
PS2_t4151,0.0
PS2_t4152,0.0
PS2_t4137,0.0
PS2_t4138,0.0
PS2_t4139,0.0
PS2_t4140,0.0
PS2_t4141,0.0
PS2_t4142,0.0
PS2_t4143,0.0
PS2_t4144,0.0
PS2_t4129,0.0
PS2_t4130,0.0
PS2_t4131,0.0
PS2_t4132,0.0
PS2_t4133,0.0
PS2_t4134,0.0
PS2_t4135,0.0
PS2_t4136,0.0
PS2_t4121,0.0
PS2_t4122,0.0
PS2_t4123,0.0
PS2_t4124,0.0
PS2_t4125,0.0
PS2_t4126,0.0
PS2_t4127,0.0
PS2_t4128,0.0
PS2_t4177,0.0
PS2_t4178,0.0
PS2_t4179,0.0
PS2_t4180,0.0
PS2_t4181,0.0
PS2_t4182,0.0
PS2_t4183,0.0
PS2_t4184,0.0
PS2_t4169,0.0
PS2_t4170,0.0
PS2_t4171,0.0
PS2_t4172,0.0
PS2_t4173,0.0
PS2_t4174,0.0
PS2_t4175,0.0
PS2_t4176,0.0
PS2_t4161,0.0
PS2_t4162,0.0
PS2_t4163,0.0
PS2_t4164,0.0
PS2_t4165,0.0
PS2_t4166,0.0
PS2_t4167,0.0
PS2_t4168,0.0
PS2_t4153,0.0
PS2_t4154,0.0
PS2_t4155,0.0
PS2_t4156,0.0
PS2_t4157,0.0
PS2_t4158,0.0
PS2_t4159,0.0
PS2_t4160,0.0
PS2_t4209,0.0
PS2_t4210,0.0
PS2_t4211,0.0
PS2_t4212,0.0
PS2_t4213,0.0
PS2_t4214,0.0
PS2_t4215,0.0
PS2_t4216,0.0
PS2_t4201,0.0
PS2_t4202,0.0
PS2_t4203,0.0
PS2_t4204,0.0
PS2_t4205,0.0
PS2_t4206,0.0
PS2_t4207,0.0
PS2_t4208,0.0
PS2_t4193,0.0
PS2_t4194,0.0
PS2_t4195,0.0
PS2_t4196,0.0
PS2_t4197,0.0
PS2_t4198,0.0
PS2_t4199,0.0
PS2_t4200,0.0
PS2_t4185,0.0
PS2_t4186,0.0
PS2_t4187,0.0
PS2_t4188,0.0
PS2_t4189,0.0
PS2_t4190,0.0
PS2_t4191,0.0
PS2_t4192,0.0
PS2_t4241,0.0
PS2_t4242,0.0
PS2_t4243,0.0
PS2_t4244,0.0
PS2_t4245,0.0
PS2_t4246,0.0
PS2_t4247,0.0
PS2_t4248,0.0
PS2_t4233,0.0
PS2_t4234,0.0
PS2_t4235,0.0
PS2_t4236,0.0
PS2_t4237,0.0
PS2_t4238,0.0
PS2_t4239,0.0
PS2_t4240,0.0
PS2_t4225,0.0
PS2_t4226,0.0
PS2_t4227,0.0
PS2_t4228,0.0
PS2_t4229,0.0
PS2_t4230,0.0
PS2_t4231,0.0
PS2_t4232,0.0
PS2_t4217,0.0
PS2_t4218,0.0
PS2_t4219,0.0
PS2_t4220,0.0
PS2_t4221,0.0
PS2_t4222,0.0
PS2_t4223,0.0
PS2_t4224,0.0
PS2_t4273,0.0
PS2_t4274,0.0
PS2_t4275,0.0
PS2_t4276,0.0
PS2_t4277,0.0
PS2_t4278,0.0
PS2_t4279,0.0
PS2_t4280,0.0
PS2_t4265,0.0
PS2_t4266,0.0
PS2_t4267,0.0
PS2_t4268,0.0
PS2_t4269,0.0
PS2_t4270,0.0
PS2_t4271,0.0
PS2_t4272,0.0
PS2_t4257,0.0
PS2_t4258,0.0
PS2_t4259,0.0
PS2_t4260,0.0
PS2_t4261,0.0
PS2_t4262,0.0
PS2_t4263,0.0
PS2_t4264,0.0
PS2_t4249,0.0
PS2_t4250,0.0
PS2_t4251,0.0
PS2_t4252,0.0
PS2_t4253,0.0
PS2_t4254,0.0
PS2_t4255,0.0
PS2_t4256,0.0
PS2_t4305,0.0
PS2_t4306,0.0
PS2_t4307,0.0
PS2_t4308,0.0
PS2_t4309,0.0
PS2_t4310,0.0
PS2_t4311,0.0
PS2_t4312,0.0
PS2_t4297,0.0
PS2_t4298,0.0
PS2_t4299,0.0
PS2_t4300,0.0
PS2_t4301,0.0
PS2_t4302,0.0
PS2_t4303,0.0
PS2_t4304,0.0
PS2_t4289,0.0
PS2_t4290,0.0
PS2_t4291,0.0
PS2_t4292,0.0
PS2_t4293,0.0
PS2_t4294,0.0
PS2_t4295,0.0
PS2_t4296,0.0
PS2_t4281,0.0
PS2_t4282,0.0
PS2_t4283,0.0
PS2_t4284,0.0
PS2_t4285,0.0
PS2_t4286,0.0
PS2_t4287,0.0
PS2_t4288,0.0
PS2_t4337,0.0
PS2_t4338,0.0
PS2_t4339,0.0
PS2_t4340,0.0
PS2_t4341,0.0
PS2_t4342,0.0
PS2_t4343,0.0
PS2_t4344,0.0
PS2_t4329,0.0
PS2_t4330,0.0
PS2_t4331,0.0
PS2_t4332,0.0
PS2_t4333,0.0
PS2_t4334,0.0
PS2_t4335,0.0
PS2_t4336,0.0
PS2_t4321,0.0
PS2_t4322,0.0
PS2_t4323,0.0
PS2_t4324,0.0
PS2_t4325,0.0
PS2_t4326,0.0
PS2_t4327,0.0
PS2_t4328,0.0
PS2_t4313,0.0
PS2_t4314,0.0
PS2_t4315,0.0
PS2_t4316,0.0
PS2_t4317,0.0
PS2_t4318,0.0
PS2_t4319,0.0
PS2_t4320,0.0
PS2_t4369,0.0
PS2_t4370,0.0
PS2_t4371,0.0
PS2_t4372,0.0
PS2_t4373,0.0
PS2_t4374,0.0
PS2_t4375,0.0
PS2_t4376,0.0
PS2_t4361,0.0
PS2_t4362,0.0
PS2_t4363,0.0
PS2_t4364,0.0
PS2_t4365,0.0
PS2_t4366,0.0
PS2_t4367,0.0
PS2_t4368,0.0
PS2_t4353,0.0
PS2_t4354,0.0
PS2_t4355,0.0
PS2_t4356,0.0
PS2_t4357,0.0
PS2_t4358,0.0
PS2_t4359,0.0
PS2_t4360,0.0
PS2_t4345,0.0
PS2_t4346,0.0
PS2_t4347,0.0
PS2_t4348,0.0
PS2_t4349,0.0
PS2_t4350,0.0
PS2_t4351,0.0
PS2_t4352,0.0
PS2_t4401,0.0
PS2_t4402,0.0
PS2_t4403,0.0
PS2_t4404,0.0
PS2_t4405,0.0
PS2_t4406,0.0
PS2_t4407,0.0
PS2_t4408,0.0
PS2_t4393,0.0
PS2_t4394,0.0
PS2_t4395,0.0
PS2_t4396,0.0
PS2_t4397,0.0
PS2_t4398,0.0
PS2_t4399,0.0
PS2_t4400,0.0
PS2_t4385,0.0
PS2_t4386,0.0
PS2_t4387,0.0
PS2_t4388,0.0
PS2_t4389,0.0
PS2_t4390,0.0
PS2_t4391,0.0
PS2_t4392,0.0
PS2_t4377,0.0
PS2_t4378,0.0
PS2_t4379,0.0
PS2_t4380,0.0
PS2_t4381,0.0
PS2_t4382,0.0
PS2_t4383,0.0
PS2_t4384,0.0
PS2_t4433,0.0
PS2_t4434,0.0
PS2_t4435,0.0
PS2_t4436,0.0
PS2_t4437,0.0
PS2_t4438,0.0
PS2_t4439,0.0
PS2_t4440,0.0
PS2_t4425,0.0
PS2_t4426,0.0
PS2_t4427,0.0
PS2_t4428,0.0
PS2_t4429,0.0
PS2_t4430,0.0
PS2_t4431,0.0
PS2_t4432,0.0
PS2_t4417,0.0
PS2_t4418,0.0
PS2_t4419,0.0
PS2_t4420,0.0
PS2_t4421,0.0
PS2_t4422,0.0
PS2_t4423,0.0
PS2_t4424,0.0
PS2_t4409,0.0
PS2_t4410,0.0
PS2_t4411,0.0
PS2_t4412,0.0
PS2_t4413,0.0
PS2_t4414,0.0
PS2_t4415,0.0
PS2_t4416,0.0
PS2_t4465,0.0
PS2_t4466,0.0
PS2_t4467,0.0
PS2_t4468,0.0
PS2_t4469,0.0
PS2_t4470,0.0
PS2_t4471,0.0
PS2_t4472,0.0
PS2_t4457,0.0
PS2_t4458,0.0
PS2_t4459,0.0
PS2_t4460,0.0
PS2_t4461,0.0
PS2_t4462,0.0
PS2_t4463,0.0
PS2_t4464,0.0
PS2_t4449,0.0
PS2_t4450,0.0
PS2_t4451,0.0
PS2_t4452,0.0
PS2_t4453,0.0
PS2_t4454,0.0
PS2_t4455,0.0
PS2_t4456,0.0
PS2_t4441,0.0
PS2_t4442,0.0
PS2_t4443,0.0
PS2_t4444,0.0
PS2_t4445,0.0
PS2_t4446,0.0
PS2_t4447,0.0
PS2_t4448,0.0
PS2_t4497,0.0
PS2_t4498,0.0
PS2_t4499,0.0
PS2_t4500,0.0
PS2_t4501,0.0
PS2_t4502,0.0
PS2_t4503,0.0
PS2_t4504,0.0
PS2_t4489,0.0
PS2_t4490,0.0
PS2_t4491,0.0
PS2_t4492,0.0
PS2_t4493,0.0
PS2_t4494,0.0
PS2_t4495,0.0
PS2_t4496,0.0
PS2_t4481,0.0
PS2_t4482,0.0
PS2_t4483,0.0
PS2_t4484,0.0
PS2_t4485,0.0
PS2_t4486,0.0
PS2_t4487,0.0
PS2_t4488,0.0
PS2_t4473,0.0
PS2_t4474,0.0
PS2_t4475,0.0
PS2_t4476,0.0
PS2_t4477,0.0
PS2_t4478,0.0
PS2_t4479,0.0
PS2_t4480,0.0
PS2_t4529,0.0
PS2_t4530,0.0
PS2_t4531,0.0
PS2_t4532,0.0
PS2_t4533,0.0
PS2_t4534,0.0
PS2_t4535,0.0
PS2_t4536,0.0
PS2_t4521,0.0
PS2_t4522,0.0
PS2_t4523,0.0
PS2_t4524,0.0
PS2_t4525,0.0
PS2_t4526,0.0
PS2_t4527,0.0
PS2_t4528,0.0
PS2_t4513,0.0
PS2_t4514,0.0
PS2_t4515,0.0
PS2_t4516,0.0
PS2_t4517,0.0
PS2_t4518,0.0
PS2_t4519,0.0
PS2_t4520,0.0
PS2_t4505,0.0
PS2_t4506,0.0
PS2_t4507,0.0
PS2_t4508,0.0
PS2_t4509,0.0
PS2_t4510,0.0
PS2_t4511,0.0
PS2_t4512,0.0
PS2_t4561,0.0
PS2_t4562,0.0
PS2_t4563,0.0
PS2_t4564,0.0
PS2_t4565,0.0
PS2_t4566,0.0
PS2_t4567,0.0
PS2_t4568,0.0
PS2_t4553,0.0
PS2_t4554,0.0
PS2_t4555,0.0
PS2_t4556,0.0
PS2_t4557,0.0
PS2_t4558,0.0
PS2_t4559,0.0
PS2_t4560,0.0
PS2_t4545,0.0
PS2_t4546,0.0
PS2_t4547,0.0
PS2_t4548,0.0
PS2_t4549,0.0
PS2_t4550,0.0
PS2_t4551,0.0
PS2_t4552,0.0
PS2_t4537,0.0
PS2_t4538,0.0
PS2_t4539,0.0
PS2_t4540,0.0
PS2_t4541,0.0
PS2_t4542,0.0
PS2_t4543,0.0
PS2_t4544,0.0
PS2_t4593,0.0
PS2_t4594,0.0
PS2_t4595,0.0
PS2_t4596,0.0
PS2_t4597,0.0
PS2_t4598,0.0
PS2_t4599,0.0
PS2_t4600,0.0
PS2_t4585,0.0
PS2_t4586,0.0
PS2_t4587,0.0
PS2_t4588,0.0
PS2_t4589,0.0
PS2_t4590,0.0
PS2_t4591,0.0
PS2_t4592,0.0
PS2_t4577,0.0
PS2_t4578,0.0
PS2_t4579,0.0
PS2_t4580,0.0
PS2_t4581,0.0
PS2_t4582,0.0
PS2_t4583,0.0
PS2_t4584,0.0
PS2_t4569,0.0
PS2_t4570,0.0
PS2_t4571,0.0
PS2_t4572,0.0
PS2_t4573,0.0
PS2_t4574,0.0
PS2_t4575,0.0
PS2_t4576,0.0
PS2_t4625,0.0
PS2_t4626,0.0
PS2_t4627,0.0
PS2_t4628,0.0
PS2_t4629,0.0
PS2_t4630,0.0
PS2_t4631,0.0
PS2_t4632,0.0
PS2_t4617,0.0
PS2_t4618,0.0
PS2_t4619,0.0
PS2_t4620,0.0
PS2_t4621,0.0
PS2_t4622,0.0
PS2_t4623,0.0
PS2_t4624,0.0
PS2_t4609,0.0
PS2_t4610,0.0
PS2_t4611,0.0
PS2_t4612,0.0
PS2_t4613,0.0
PS2_t4614,0.0
PS2_t4615,0.0
PS2_t4616,0.0
PS2_t4601,0.0
PS2_t4602,0.0
PS2_t4603,0.0
PS2_t4604,0.0
PS2_t4605,0.0
PS2_t4606,0.0
PS2_t4607,0.0
PS2_t4608,0.0
PS2_t4657,0.0
PS2_t4658,0.0
PS2_t4659,0.0
PS2_t4660,0.0
PS2_t4661,0.0
PS2_t4662,0.0
PS2_t4663,0.0
PS2_t4664,0.0
PS2_t4649,0.0
PS2_t4650,0.0
PS2_t4651,0.0
PS2_t4652,0.0
PS2_t4653,0.0
PS2_t4654,0.0
PS2_t4655,0.0
PS2_t4656,0.0
PS2_t4641,0.0
PS2_t4642,0.0
PS2_t4643,0.0
PS2_t4644,0.0
PS2_t4645,0.0
PS2_t4646,0.0
PS2_t4647,0.0
PS2_t4648,0.0
PS2_t4633,0.0
PS2_t4634,0.0
PS2_t4635,0.0
PS2_t4636,0.0
PS2_t4637,0.0
PS2_t4638,0.0
PS2_t4639,0.0
PS2_t4640,0.0
PS2_t4689,0.0
PS2_t4690,0.0
PS2_t4691,0.0
PS2_t4692,0.0
PS2_t4693,0.0
PS2_t4694,0.0
PS2_t4695,0.0
PS2_t4696,0.0
PS2_t4681,0.0
PS2_t4682,0.0
PS2_t4683,0.0
PS2_t4684,0.0
PS2_t4685,0.0
PS2_t4686,0.0
PS2_t4687,0.0
PS2_t4688,0.0
PS2_t4673,0.0
PS2_t4674,0.0
PS2_t4675,0.0
PS2_t4676,0.0
PS2_t4677,0.0
PS2_t4678,0.0
PS2_t4679,0.0
PS2_t4680,0.0
PS2_t4665,0.0
PS2_t4666,0.0
PS2_t4667,0.0
PS2_t4668,0.0
PS2_t4669,0.0
PS2_t4670,0.0
PS2_t4671,0.0
PS2_t4672,0.0
PS2_t4721,0.0
PS2_t4722,0.0
PS2_t4723,0.0
PS2_t4724,0.0
PS2_t4725,0.0
PS2_t4726,0.0
PS2_t4727,0.0
PS2_t4728,0.0
PS2_t4713,0.0
PS2_t4714,0.0
PS2_t4715,0.0
PS2_t4716,0.0
PS2_t4717,0.0
PS2_t4718,0.0
PS2_t4719,0.0
PS2_t4720,0.0
PS2_t4705,0.0
PS2_t4706,0.0
PS2_t4707,0.0
PS2_t4708,0.0
PS2_t4709,0.0
PS2_t4710,0.0
PS2_t4711,0.0
PS2_t4712,0.0
PS2_t4697,0.0
PS2_t4698,0.0
PS2_t4699,0.0
PS2_t4700,0.0
PS2_t4701,0.0
PS2_t4702,0.0
PS2_t4703,0.0
PS2_t4704,0.0
PS2_t4753,0.0
PS2_t4754,0.0
PS2_t4755,0.0
PS2_t4756,0.0
PS2_t4757,0.0
PS2_t4758,0.0
PS2_t4759,0.0
PS2_t4760,0.0
PS2_t4745,0.0
PS2_t4746,0.0
PS2_t4747,0.0
PS2_t4748,0.0
PS2_t4749,0.0
PS2_t4750,0.0
PS2_t4751,0.0
PS2_t4752,0.0
PS2_t4737,0.0
PS2_t4738,0.0
PS2_t4739,0.0
PS2_t4740,0.0
PS2_t4741,0.0
PS2_t4742,0.0
PS2_t4743,0.0
PS2_t4744,0.0
PS2_t4729,0.0
PS2_t4730,0.0
PS2_t4731,0.0
PS2_t4732,0.0
PS2_t4733,0.0
PS2_t4734,0.0
PS2_t4735,0.0
PS2_t4736,0.0
PS2_t4785,0.0
PS2_t4786,0.0
PS2_t4787,0.0
PS2_t4788,0.0
PS2_t4789,0.0
PS2_t4790,0.0
PS2_t4791,0.0
PS2_t4792,0.0
PS2_t4777,0.0
PS2_t4778,0.0
PS2_t4779,0.0
PS2_t4780,0.0
PS2_t4781,0.0
PS2_t4782,0.0
PS2_t4783,0.0
PS2_t4784,0.0
PS2_t4769,0.0
PS2_t4770,0.0
PS2_t4771,0.0
PS2_t4772,0.0
PS2_t4773,0.0
PS2_t4774,0.0
PS2_t4775,0.0
PS2_t4776,0.0
PS2_t4761,0.0
PS2_t4762,0.0
PS2_t4763,0.0
PS2_t4764,0.0
PS2_t4765,0.0
PS2_t4766,0.0
PS2_t4767,0.0
PS2_t4768,0.0
PS2_t4817,0.0
PS2_t4818,0.0
PS2_t4819,0.0
PS2_t4820,0.0
PS2_t4821,0.0
PS2_t4822,0.0
PS2_t4823,0.0
PS2_t4824,0.0
PS2_t4809,0.0
PS2_t4810,0.0
PS2_t4811,0.0
PS2_t4812,0.0
PS2_t4813,0.0
PS2_t4814,0.0
PS2_t4815,0.0
PS2_t4816,0.0
PS2_t4801,0.0
PS2_t4802,0.0
PS2_t4803,0.0
PS2_t4804,0.0
PS2_t4805,0.0
PS2_t4806,0.0
PS2_t4807,0.0
PS2_t4808,0.0
PS2_t4793,0.0
PS2_t4794,0.0
PS2_t4795,0.0
PS2_t4796,0.0
PS2_t4797,0.0
PS2_t4798,0.0
PS2_t4799,0.0
PS2_t4800,0.0
PS2_t4849,0.0
PS2_t4850,0.0
PS2_t4851,0.0
PS2_t4852,0.0
PS2_t4853,0.0
PS2_t4854,0.0
PS2_t4855,0.0
PS2_t4856,0.0
PS2_t4841,0.0
PS2_t4842,0.0
PS2_t4843,0.0
PS2_t4844,0.0
PS2_t4845,0.0
PS2_t4846,0.0
PS2_t4847,0.0
PS2_t4848,0.0
PS2_t4833,0.0
PS2_t4834,0.0
PS2_t4835,0.0
PS2_t4836,0.0
PS2_t4837,0.0
PS2_t4838,0.0
PS2_t4839,0.0
PS2_t4840,0.0
PS2_t4825,0.0
PS2_t4826,0.0
PS2_t4827,0.0
PS2_t4828,0.0
PS2_t4829,0.0
PS2_t4830,0.0
PS2_t4831,0.0
PS2_t4832,0.0
PS2_t4881,0.0
PS2_t4882,0.0
PS2_t4883,0.0
PS2_t4884,0.0
PS2_t4885,0.0
PS2_t4886,0.0
PS2_t4887,0.0
PS2_t4888,0.0
PS2_t4873,0.0
PS2_t4874,0.0
PS2_t4875,0.0
PS2_t4876,0.0
PS2_t4877,0.0
PS2_t4878,0.0
PS2_t4879,0.0
PS2_t4880,0.0
PS2_t4865,0.0
PS2_t4866,0.0
PS2_t4867,0.0
PS2_t4868,0.0
PS2_t4869,0.0
PS2_t4870,0.0
PS2_t4871,0.0
PS2_t4872,0.0
PS2_t4857,0.0
PS2_t4858,0.0
PS2_t4859,0.0
PS2_t4860,0.0
PS2_t4861,0.0
PS2_t4862,0.0
PS2_t4863,0.0
PS2_t4864,0.0
PS2_t4913,0.0
PS2_t4914,0.0
PS2_t4915,0.0
PS2_t4916,0.0
PS2_t4917,0.0
PS2_t4918,0.0
PS2_t4919,0.0
PS2_t4920,0.0
PS2_t4905,0.0
PS2_t4906,0.0
PS2_t4907,0.0
PS2_t4908,0.0
PS2_t4909,0.0
PS2_t4910,0.0
PS2_t4911,0.0
PS2_t4912,0.0
PS2_t4897,0.0
PS2_t4898,0.0
PS2_t4899,0.0
PS2_t4900,0.0
PS2_t4901,0.0
PS2_t4902,0.0
PS2_t4903,0.0
PS2_t4904,0.0
PS2_t4889,0.0
PS2_t4890,0.0
PS2_t4891,0.0
PS2_t4892,0.0
PS2_t4893,0.0
PS2_t4894,0.0
PS2_t4895,0.0
PS2_t4896,0.0
PS2_t4945,0.0
PS2_t4946,0.0
PS2_t4947,0.0
PS2_t4948,0.0
PS2_t4949,0.0
PS2_t4950,0.0
PS2_t4951,0.0
PS2_t4952,0.0
PS2_t4937,0.0
PS2_t4938,0.0
PS2_t4939,0.0
PS2_t4940,0.0
PS2_t4941,0.0
PS2_t4942,0.0
PS2_t4943,0.0
PS2_t4944,0.0
PS2_t4929,0.0
PS2_t4930,0.0
PS2_t4931,0.0
PS2_t4932,0.0
PS2_t4933,0.0
PS2_t4934,0.0
PS2_t4935,0.0
PS2_t4936,0.0
PS2_t4921,0.0
PS2_t4922,0.0
PS2_t4923,0.0
PS2_t4924,0.0
PS2_t4925,0.0
PS2_t4926,0.0
PS2_t4927,0.0
PS2_t4928,0.0
PS2_t4977,0.0
PS2_t4978,0.0
PS2_t4979,0.0
PS2_t4980,0.0
PS2_t4981,0.0
PS2_t4982,0.0
PS2_t4983,0.0
PS2_t4984,0.0
PS2_t4969,0.0
PS2_t4970,0.0
PS2_t4971,0.0
PS2_t4972,0.0
PS2_t4973,0.0
PS2_t4974,0.0
PS2_t4975,0.0
PS2_t4976,0.0
PS2_t4961,0.0
PS2_t4962,0.0
PS2_t4963,0.0
PS2_t4964,0.0
PS2_t4965,0.0
PS2_t4966,0.0
PS2_t4967,0.0
PS2_t4968,0.0
PS2_t4953,0.0
PS2_t4954,0.0
PS2_t4955,0.0
PS2_t4956,0.0
PS2_t4957,0.0
PS2_t4958,0.0
PS2_t4959,0.0
PS2_t4960,0.0
PS2_t5009,0.0
PS2_t5010,0.0
PS2_t5011,0.0
PS2_t5012,0.0
PS2_t5013,0.0
PS2_t5014,0.0
PS2_t5015,0.0
PS2_t5016,0.0
PS2_t5001,0.0
PS2_t5002,0.0
PS2_t5003,0.0
PS2_t5004,0.0
PS2_t5005,0.0
PS2_t5006,0.0
PS2_t5007,0.0
PS2_t5008,0.0
PS2_t4993,0.0
PS2_t4994,0.0
PS2_t4995,0.0
PS2_t4996,0.0
PS2_t4997,0.0
PS2_t4998,0.0
PS2_t4999,0.0
PS2_t5000,0.0
PS2_t4985,0.0
PS2_t4986,0.0
PS2_t4987,0.0
PS2_t4988,0.0
PS2_t4989,0.0
PS2_t4990,0.0
PS2_t4991,0.0
PS2_t4992,0.0
PS2_t5041,0.0
PS2_t5042,0.0
PS2_t5043,0.0
PS2_t5044,0.0
PS2_t5045,0.0
PS2_t5046,0.0
PS2_t5047,0.0
PS2_t5048,0.0
PS2_t5033,0.0
PS2_t5034,0.0
PS2_t5035,0.0
PS2_t5036,0.0
PS2_t5037,0.0
PS2_t5038,0.0
PS2_t5039,0.0
PS2_t5040,0.0
PS2_t5025,0.0
PS2_t5026,0.0
PS2_t5027,0.0
PS2_t5028,0.0
PS2_t5029,0.0
PS2_t5030,0.0
PS2_t5031,0.0
PS2_t5032,0.0
PS2_t5017,0.0
PS2_t5018,0.0
PS2_t5019,0.0
PS2_t5020,0.0
PS2_t5021,0.0
PS2_t5022,0.0
PS2_t5023,0.0
PS2_t5024,0.0
PS2_t5073,0.0
PS2_t5074,0.0
PS2_t5075,0.0
PS2_t5076,0.0
PS2_t5077,0.0
PS2_t5078,0.0
PS2_t5079,0.0
PS2_t5080,0.0
PS2_t5065,0.0
PS2_t5066,0.0
PS2_t5067,0.0
PS2_t5068,0.0
PS2_t5069,0.0
PS2_t5070,0.0
PS2_t5071,0.0
PS2_t5072,0.0
PS2_t5057,0.0
PS2_t5058,0.0
PS2_t5059,0.0
PS2_t5060,0.0
PS2_t5061,0.0
PS2_t5062,0.0
PS2_t5063,0.0
PS2_t5064,0.0
PS2_t5049,0.0
PS2_t5050,0.0
PS2_t5051,0.0
PS2_t5052,0.0
PS2_t5053,0.0
PS2_t5054,0.0
PS2_t5055,0.0
PS2_t5056,0.0
PS2_t5105,0.0
PS2_t5106,0.0
PS2_t5107,0.0
PS2_t5108,0.0
PS2_t5109,0.0
PS2_t5110,0.0
PS2_t5111,0.0
PS2_t5112,0.0
PS2_t5097,0.0
PS2_t5098,0.0
PS2_t5099,0.0
PS2_t5100,0.0
PS2_t5101,0.0
PS2_t5102,0.0
PS2_t5103,0.0
PS2_t5104,0.0
PS2_t5089,0.0
PS2_t5090,0.0
PS2_t5091,0.0
PS2_t5092,0.0
PS2_t5093,0.0
PS2_t5094,0.0
PS2_t5095,0.0
PS2_t5096,0.0
PS2_t5081,0.0
PS2_t5082,0.0
PS2_t5083,0.0
PS2_t5084,0.0
PS2_t5085,0.0
PS2_t5086,0.0
PS2_t5087,0.0
PS2_t5088,0.0
PS2_t5137,0.0
PS2_t5138,0.0
PS2_t5139,0.0
PS2_t5140,0.0
PS2_t5141,0.0
PS2_t5142,0.0
PS2_t5143,0.0
PS2_t5144,0.0
PS2_t5129,0.0
PS2_t5130,0.0
PS2_t5131,0.0
PS2_t5132,0.0
PS2_t5133,0.0
PS2_t5134,0.0
PS2_t5135,0.0
PS2_t5136,0.0
PS2_t5121,0.0
PS2_t5122,0.0
PS2_t5123,0.0
PS2_t5124,0.0
PS2_t5125,0.0
PS2_t5126,0.0
PS2_t5127,0.0
PS2_t5128,0.0
PS2_t5113,0.0
PS2_t5114,0.0
PS2_t5115,0.0
PS2_t5116,0.0
PS2_t5117,0.0
PS2_t5118,0.0
PS2_t5119,0.0
PS2_t5120,0.0
PS2_t5169,0.0
PS2_t5170,0.0
PS2_t5171,0.0
PS2_t5172,0.0
PS2_t5173,0.0
PS2_t5174,0.0
PS2_t5175,0.0
PS2_t5176,0.0
PS2_t5161,0.0
PS2_t5162,0.0
PS2_t5163,0.0
PS2_t5164,0.0
PS2_t5165,0.0
PS2_t5166,0.0
PS2_t5167,0.0
PS2_t5168,0.0
PS2_t5153,0.0
PS2_t5154,0.0
PS2_t5155,0.0
PS2_t5156,0.0
PS2_t5157,0.0
PS2_t5158,0.0
PS2_t5159,0.0
PS2_t5160,0.0
PS2_t5145,0.0
PS2_t5146,0.0
PS2_t5147,0.0
PS2_t5148,0.0
PS2_t5149,0.0
PS2_t5150,0.0
PS2_t5151,0.0
PS2_t5152,0.0
PS2_t5201,0.0
PS2_t5202,0.0
PS2_t5203,0.0
PS2_t5204,0.0
PS2_t5205,0.0
PS2_t5206,0.0
PS2_t5207,0.0
PS2_t5208,0.0
PS2_t5193,0.0
PS2_t5194,0.0
PS2_t5195,0.0
PS2_t5196,0.0
PS2_t5197,0.0
PS2_t5198,0.0
PS2_t5199,0.0
PS2_t5200,0.0
PS2_t5185,0.0
PS2_t5186,0.0
PS2_t5187,0.0
PS2_t5188,0.0
PS2_t5189,0.0
PS2_t5190,0.0
PS2_t5191,0.0
PS2_t5192,0.0
PS2_t5177,0.0
PS2_t5178,0.0
PS2_t5179,0.0
PS2_t5180,0.0
PS2_t5181,0.0
PS2_t5182,0.0
PS2_t5183,0.0
PS2_t5184,0.0
PS2_t5233,0.0
PS2_t5234,0.0
PS2_t5235,0.0
PS2_t5236,0.0
PS2_t5237,0.0
PS2_t5238,0.0
PS2_t5239,0.0
PS2_t5240,0.0
PS2_t5225,0.0
PS2_t5226,0.0
PS2_t5227,0.0
PS2_t5228,0.0
PS2_t5229,0.0
PS2_t5230,0.0
PS2_t5231,0.0
PS2_t5232,0.0
PS2_t5217,0.0
PS2_t5218,0.0
PS2_t5219,0.0
PS2_t5220,0.0
PS2_t5221,0.0
PS2_t5222,0.0
PS2_t5223,0.0
PS2_t5224,0.0
PS2_t5209,0.0
PS2_t5210,0.0
PS2_t5211,0.0
PS2_t5212,0.0
PS2_t5213,0.0
PS2_t5214,0.0
PS2_t5215,0.0
PS2_t5216,0.0
PS2_t5265,0.0
PS2_t5266,0.0
PS2_t5267,0.0
PS2_t5268,0.0
PS2_t5269,0.0
PS2_t5270,0.0
PS2_t5271,0.0
PS2_t5272,0.0
PS2_t5257,0.0
PS2_t5258,0.0
PS2_t5259,0.0
PS2_t5260,0.0
PS2_t5261,0.0
PS2_t5262,0.0
PS2_t5263,0.0
PS2_t5264,0.0
PS2_t5249,0.0
PS2_t5250,0.0
PS2_t5251,0.0
PS2_t5252,0.0
PS2_t5253,0.0
PS2_t5254,0.0
PS2_t5255,0.0
PS2_t5256,0.0
PS2_t5241,0.0
PS2_t5242,0.0
PS2_t5243,0.0
PS2_t5244,0.0
PS2_t5245,0.0
PS2_t5246,0.0
PS2_t5247,0.0
PS2_t5248,0.0
PS2_t5297,0.0
PS2_t5298,0.0
PS2_t5299,0.0
PS2_t5300,0.0
PS2_t5301,0.0
PS2_t5302,0.0
PS2_t5303,0.0
PS2_t5304,0.0
PS2_t5289,0.0
PS2_t5290,0.0
PS2_t5291,0.0
PS2_t5292,0.0
PS2_t5293,0.0
PS2_t5294,0.0
PS2_t5295,0.0
PS2_t5296,0.0
PS2_t5281,0.0
PS2_t5282,0.0
PS2_t5283,0.0
PS2_t5284,0.0
PS2_t5285,0.0
PS2_t5286,0.0
PS2_t5287,0.0
PS2_t5288,0.0
PS2_t5273,0.0
PS2_t5274,0.0
PS2_t5275,0.0
PS2_t5276,0.0
PS2_t5277,0.0
PS2_t5278,0.0
PS2_t5279,0.0
PS2_t5280,0.0
PS2_t5329,0.0
PS2_t5330,0.0
PS2_t5331,0.0
PS2_t5332,0.0
PS2_t5333,0.0
PS2_t5334,0.0
PS2_t5335,0.0
PS2_t5336,0.0
PS2_t5321,0.0
PS2_t5322,0.0
PS2_t5323,0.0
PS2_t5324,0.0
PS2_t5325,0.0
PS2_t5326,0.0
PS2_t5327,0.0
PS2_t5328,0.0
PS2_t5313,0.0
PS2_t5314,0.0
PS2_t5315,0.0
PS2_t5316,0.0
PS2_t5317,0.0
PS2_t5318,0.0
PS2_t5319,0.0
PS2_t5320,0.0
PS2_t5305,0.0
PS2_t5306,0.0
PS2_t5307,0.0
PS2_t5308,0.0
PS2_t5309,0.0
PS2_t5310,0.0
PS2_t5311,0.0
PS2_t5312,0.0
PS2_t5361,0.0
PS2_t5362,0.0
PS2_t5363,0.0
PS2_t5364,0.0
PS2_t5365,0.0
PS2_t5366,0.0
PS2_t5367,0.0
PS2_t5368,0.0
PS2_t5353,0.0
PS2_t5354,0.0
PS2_t5355,0.0
PS2_t5356,0.0
PS2_t5357,0.0
PS2_t5358,0.0
PS2_t5359,0.0
PS2_t5360,0.0
PS2_t5345,0.0
PS2_t5346,0.0
PS2_t5347,0.0
PS2_t5348,0.0
PS2_t5349,0.0
PS2_t5350,0.0
PS2_t5351,0.0
PS2_t5352,0.0
PS2_t5337,0.0
PS2_t5338,0.0
PS2_t5339,0.0
PS2_t5340,0.0
PS2_t5341,0.0
PS2_t5342,0.0
PS2_t5343,0.0
PS2_t5344,0.0
PS2_t5393,0.0
PS2_t5394,0.0
PS2_t5395,0.0
PS2_t5396,0.0
PS2_t5397,0.0
PS2_t5398,0.0
PS2_t5399,0.0
PS2_t5400,0.0
PS2_t5385,0.0
PS2_t5386,0.0
PS2_t5387,0.0
PS2_t5388,0.0
PS2_t5389,0.0
PS2_t5390,0.0
PS2_t5391,0.0
PS2_t5392,0.0
PS2_t5377,0.0
PS2_t5378,0.0
PS2_t5379,0.0
PS2_t5380,0.0
PS2_t5381,0.0
PS2_t5382,0.0
PS2_t5383,0.0
PS2_t5384,0.0
PS2_t5369,0.0
PS2_t5370,0.0
PS2_t5371,0.0
PS2_t5372,0.0
PS2_t5373,0.0
PS2_t5374,0.0
PS2_t5375,0.0
PS2_t5376,0.0
PS2_t5425,0.0
PS2_t5426,0.0
PS2_t5427,0.0
PS2_t5428,0.0
PS2_t5429,0.0
PS2_t5430,0.0
PS2_t5431,0.0
PS2_t5432,0.0
PS2_t5417,0.0
PS2_t5418,0.0
PS2_t5419,0.0
PS2_t5420,0.0
PS2_t5421,0.0
PS2_t5422,0.0
PS2_t5423,0.0
PS2_t5424,0.0
PS2_t5409,0.0
PS2_t5410,0.0
PS2_t5411,0.0
PS2_t5412,0.0
PS2_t5413,0.0
PS2_t5414,0.0
PS2_t5415,0.0
PS2_t5416,0.0
PS2_t5401,0.0
PS2_t5402,0.0
PS2_t5403,0.0
PS2_t5404,0.0
PS2_t5405,0.0
PS2_t5406,0.0
PS2_t5407,0.0
PS2_t5408,0.0
PS2_t5457,0.0
PS2_t5458,0.0
PS2_t5459,0.0
PS2_t5460,0.0
PS2_t5461,0.0
PS2_t5462,0.0
PS2_t5463,0.0
PS2_t5464,0.0
PS2_t5449,0.0
PS2_t5450,0.0
PS2_t5451,0.0
PS2_t5452,0.0
PS2_t5453,0.0
PS2_t5454,0.0
PS2_t5455,0.0
PS2_t5456,0.0
PS2_t5441,0.0
PS2_t5442,0.0
PS2_t5443,0.0
PS2_t5444,0.0
PS2_t5445,0.0
PS2_t5446,0.0
PS2_t5447,0.0
PS2_t5448,0.0
PS2_t5433,0.0
PS2_t5434,0.0
PS2_t5435,0.0
PS2_t5436,0.0
PS2_t5437,0.0
PS2_t5438,0.0
PS2_t5439,0.0
PS2_t5440,0.0
PS2_t5489,0.0
PS2_t5490,0.0
PS2_t5491,0.0
PS2_t5492,0.0
PS2_t5493,0.0
PS2_t5494,0.0
PS2_t5495,0.0
PS2_t5496,0.0
PS2_t5481,0.0
PS2_t5482,0.0
PS2_t5483,0.0
PS2_t5484,0.0
PS2_t5485,0.0
PS2_t5486,0.0
PS2_t5487,0.0
PS2_t5488,0.0
PS2_t5473,0.0
PS2_t5474,0.0
PS2_t5475,0.0
PS2_t5476,0.0
PS2_t5477,0.0
PS2_t5478,0.0
PS2_t5479,0.0
PS2_t5480,0.0
PS2_t5465,0.0
PS2_t5466,0.0
PS2_t5467,0.0
PS2_t5468,0.0
PS2_t5469,0.0
PS2_t5470,0.0
PS2_t5471,0.0
PS2_t5472,0.0
PS2_t5521,0.0
PS2_t5522,0.0
PS2_t5523,0.0
PS2_t5524,0.0
PS2_t5525,0.0
PS2_t5526,0.0
PS2_t5527,0.0
PS2_t5528,0.0
PS2_t5513,0.0
PS2_t5514,0.0
PS2_t5515,0.0
PS2_t5516,0.0
PS2_t5517,0.0
PS2_t5518,0.0
PS2_t5519,0.0
PS2_t5520,0.0
PS2_t5505,0.0
PS2_t5506,0.0
PS2_t5507,0.0
PS2_t5508,0.0
PS2_t5509,0.0
PS2_t5510,0.0
PS2_t5511,0.0
PS2_t5512,0.0
PS2_t5497,0.0
PS2_t5498,0.0
PS2_t5499,0.0
PS2_t5500,0.0
PS2_t5501,0.0
PS2_t5502,0.0
PS2_t5503,0.0
PS2_t5504,0.0
PS2_t5553,0.0
PS2_t5554,0.0
PS2_t5555,0.0
PS2_t5556,0.0
PS2_t5557,0.0
PS2_t5558,0.0
PS2_t5559,0.0
PS2_t5560,0.0
PS2_t5545,0.0
PS2_t5546,0.0
PS2_t5547,0.0
PS2_t5548,0.0
PS2_t5549,0.0
PS2_t5550,0.0
PS2_t5551,0.0
PS2_t5552,0.0
PS2_t5537,0.0
PS2_t5538,0.0
PS2_t5539,0.0
PS2_t5540,0.0
PS2_t5541,0.0
PS2_t5542,0.0
PS2_t5543,0.0
PS2_t5544,0.0
PS2_t5529,0.0
PS2_t5530,0.0
PS2_t5531,0.0
PS2_t5532,0.0
PS2_t5533,0.0
PS2_t5534,0.0
PS2_t5535,0.0
PS2_t5536,0.0
PS2_t5585,0.0
PS2_t5586,0.0
PS2_t5587,0.0
PS2_t5588,0.0
PS2_t5589,0.0
PS2_t5590,0.0
PS2_t5591,0.0
PS2_t5592,0.0
PS2_t5577,0.0
PS2_t5578,0.0
PS2_t5579,0.0
PS2_t5580,0.0
PS2_t5581,0.0
PS2_t5582,0.0
PS2_t5583,0.0
PS2_t5584,0.0
PS2_t5569,0.0
PS2_t5570,0.0
PS2_t5571,0.0
PS2_t5572,0.0
PS2_t5573,0.0
PS2_t5574,0.0
PS2_t5575,0.0
PS2_t5576,0.0
PS2_t5561,0.0
PS2_t5562,0.0
PS2_t5563,0.0
PS2_t5564,0.0
PS2_t5565,0.0
PS2_t5566,0.0
PS2_t5567,0.0
PS2_t5568,0.0
PS2_t5617,0.0
PS2_t5618,0.0
PS2_t5619,0.0
PS2_t5620,0.0
PS2_t5621,0.0
PS2_t5622,0.0
PS2_t5623,0.0
PS2_t5624,0.0
PS2_t5609,0.0
PS2_t5610,0.0
PS2_t5611,0.0
PS2_t5612,0.0
PS2_t5613,0.0
PS2_t5614,0.0
PS2_t5615,0.0
PS2_t5616,0.0
PS2_t5601,0.0
PS2_t5602,0.0
PS2_t5603,0.0
PS2_t5604,0.0
PS2_t5605,0.0
PS2_t5606,0.0
PS2_t5607,0.0
PS2_t5608,0.0
PS2_t5593,0.0
PS2_t5594,0.0
PS2_t5595,0.0
PS2_t5596,0.0
PS2_t5597,0.0
PS2_t5598,0.0
PS2_t5599,0.0
PS2_t5600,0.0
PS2_t5649,0.0
PS2_t5650,0.0
PS2_t5651,0.0
PS2_t5652,0.0
PS2_t5653,0.0
PS2_t5654,0.0
PS2_t5655,0.0
PS2_t5656,0.0
PS2_t5641,0.0
PS2_t5642,0.0
PS2_t5643,0.0
PS2_t5644,0.0
PS2_t5645,0.0
PS2_t5646,0.0
PS2_t5647,0.0
PS2_t5648,0.0
PS2_t5633,0.0
PS2_t5634,0.0
PS2_t5635,0.0
PS2_t5636,0.0
PS2_t5637,0.0
PS2_t5638,0.0
PS2_t5639,0.0
PS2_t5640,0.0
PS2_t5625,0.0
PS2_t5626,0.0
PS2_t5627,0.0
PS2_t5628,0.0
PS2_t5629,0.0
PS2_t5630,0.0
PS2_t5631,0.0
PS2_t5632,0.0
PS2_t5681,0.0
PS2_t5682,0.0
PS2_t5683,0.0
PS2_t5684,0.0
PS2_t5685,0.0
PS2_t5686,0.0
PS2_t5687,0.0
PS2_t5688,0.0
PS2_t5673,0.0
PS2_t5674,0.0
PS2_t5675,0.0
PS2_t5676,0.0
PS2_t5677,0.0
PS2_t5678,0.0
PS2_t5679,0.0
PS2_t5680,0.0
PS2_t5665,0.0
PS2_t5666,0.0
PS2_t5667,0.0
PS2_t5668,0.0
PS2_t5669,0.0
PS2_t5670,0.0
PS2_t5671,0.0
PS2_t5672,0.0
PS2_t5657,0.0
PS2_t5658,0.0
PS2_t5659,0.0
PS2_t5660,0.0
PS2_t5661,0.0
PS2_t5662,0.0
PS2_t5663,0.0
PS2_t5664,0.0
PS2_t5713,0.0
PS2_t5714,0.0
PS2_t5715,0.0
PS2_t5716,0.0
PS2_t5717,0.0
PS2_t5718,0.0
PS2_t5719,0.0
PS2_t5720,0.0
PS2_t5705,0.0
PS2_t5706,0.0
PS2_t5707,0.0
PS2_t5708,0.0
PS2_t5709,0.0
PS2_t5710,0.0
PS2_t5711,0.0
PS2_t5712,0.0
PS2_t5697,0.0
PS2_t5698,0.0
PS2_t5699,0.0
PS2_t5700,0.0
PS2_t5701,0.0
PS2_t5702,0.0
PS2_t5703,0.0
PS2_t5704,0.0
PS2_t5689,0.0
PS2_t5690,0.0
PS2_t5691,0.0
PS2_t5692,0.0
PS2_t5693,0.0
PS2_t5694,0.0
PS2_t5695,0.0
PS2_t5696,0.0
PS2_t5745,0.0
PS2_t5746,0.0
PS2_t5747,0.0
PS2_t5748,0.0
PS2_t5749,0.0
PS2_t5750,0.0
PS2_t5751,0.0
PS2_t5752,0.0
PS2_t5737,0.0
PS2_t5738,0.0
PS2_t5739,0.0
PS2_t5740,0.0
PS2_t5741,0.0
PS2_t5742,0.0
PS2_t5743,0.0
PS2_t5744,0.0
PS2_t5729,0.0
PS2_t5730,0.0
PS2_t5731,0.0
PS2_t5732,0.0
PS2_t5733,0.0
PS2_t5734,0.0
PS2_t5735,0.0
PS2_t5736,0.0
PS2_t5721,0.0
PS2_t5722,0.0
PS2_t5723,0.0
PS2_t5724,0.0
PS2_t5725,0.0
PS2_t5726,0.0
PS2_t5727,0.0
PS2_t5728,0.0
PS2_t5777,0.0
PS2_t5778,0.0
PS2_t5779,0.0
PS2_t5780,0.0
PS2_t5781,0.0
PS2_t5782,0.0
PS2_t5783,0.0
PS2_t5784,0.0
PS2_t5769,0.0
PS2_t5770,0.0
PS2_t5771,0.0
PS2_t5772,0.0
PS2_t5773,0.0
PS2_t5774,0.0
PS2_t5775,0.0
PS2_t5776,0.0
PS2_t5761,0.0
PS2_t5762,0.0
PS2_t5763,0.0
PS2_t5764,0.0
PS2_t5765,0.0
PS2_t5766,0.0
PS2_t5767,0.0
PS2_t5768,0.0
PS2_t5753,0.0
PS2_t5754,0.0
PS2_t5755,0.0
PS2_t5756,0.0
PS2_t5757,0.0
PS2_t5758,0.0
PS2_t5759,0.0
PS2_t5760,0.0
PS2_t5809,0.0
PS2_t5810,0.0
PS2_t5811,0.0
PS2_t5812,0.0
PS2_t5813,0.0
PS2_t5814,0.0
PS2_t5815,0.0
PS2_t5816,0.0
PS2_t5801,0.0
PS2_t5802,0.0
PS2_t5803,0.0
PS2_t5804,0.0
PS2_t5805,0.0
PS2_t5806,0.0
PS2_t5807,0.0
PS2_t5808,0.0
PS2_t5793,0.0
PS2_t5794,0.0
PS2_t5795,0.0
PS2_t5796,0.0
PS2_t5797,0.0
PS2_t5798,0.0
PS2_t5799,0.0
PS2_t5800,0.0
PS2_t5785,0.0
PS2_t5786,0.0
PS2_t5787,0.0
PS2_t5788,0.0
PS2_t5789,0.0
PS2_t5790,0.0
PS2_t5791,0.0
PS2_t5792,0.0
PS2_t5841,0.0
PS2_t5842,0.0
PS2_t5843,0.0
PS2_t5844,0.0
PS2_t5845,0.0
PS2_t5846,0.0
PS2_t5847,0.0
PS2_t5848,0.0
PS2_t5833,0.0
PS2_t5834,0.0
PS2_t5835,0.0
PS2_t5836,0.0
PS2_t5837,0.0
PS2_t5838,0.0
PS2_t5839,0.0
PS2_t5840,0.0
PS2_t5825,0.0
PS2_t5826,0.0
PS2_t5827,0.0
PS2_t5828,0.0
PS2_t5829,0.0
PS2_t5830,0.0
PS2_t5831,0.0
PS2_t5832,0.0
PS2_t5817,0.0
PS2_t5818,0.0
PS2_t5819,0.0
PS2_t5820,0.0
PS2_t5821,0.0
PS2_t5822,0.0
PS2_t5823,0.0
PS2_t5824,0.0
PS2_t5873,0.0
PS2_t5874,0.0
PS2_t5875,0.0
PS2_t5876,0.0
PS2_t5877,0.0
PS2_t5878,0.0
PS2_t5879,0.0
PS2_t5880,0.0
PS2_t5865,0.0
PS2_t5866,0.0
PS2_t5867,0.0
PS2_t5868,0.0
PS2_t5869,0.0
PS2_t5870,0.0
PS2_t5871,0.0
PS2_t5872,0.0
PS2_t5857,0.0
PS2_t5858,0.0
PS2_t5859,0.0
PS2_t5860,0.0
PS2_t5861,0.0
PS2_t5862,0.0
PS2_t5863,0.0
PS2_t5864,0.0
PS2_t5849,0.0
PS2_t5850,0.0
PS2_t5851,0.0
PS2_t5852,0.0
PS2_t5853,0.0
PS2_t5854,0.0
PS2_t5855,0.0
PS2_t5856,0.0
PS2_t5905,0.0
PS2_t5906,0.0
PS2_t5907,0.0
PS2_t5908,0.0
PS2_t5909,0.0
PS2_t5910,0.0
PS2_t5911,0.0
PS2_t5912,0.0
PS2_t5897,0.0
PS2_t5898,0.0
PS2_t5899,0.0
PS2_t5900,0.0
PS2_t5901,0.0
PS2_t5902,0.0
PS2_t5903,0.0
PS2_t5904,0.0
PS2_t5889,0.0
PS2_t5890,0.0
PS2_t5891,0.0
PS2_t5892,0.0
PS2_t5893,0.0
PS2_t5894,0.0
PS2_t5895,0.0
PS2_t5896,0.0
PS2_t5881,0.0
PS2_t5882,0.0
PS2_t5883,0.0
PS2_t5884,0.0
PS2_t5885,0.0
PS2_t5886,0.0
PS2_t5887,0.0
PS2_t5888,0.0
PS2_t5937,0.0
PS2_t5938,0.0
PS2_t5939,0.0
PS2_t5940,0.0
PS2_t5941,0.0
PS2_t5942,0.0
PS2_t5943,0.0
PS2_t5944,0.0
PS2_t5929,0.0
PS2_t5930,0.0
PS2_t5931,0.0
PS2_t5932,0.0
PS2_t5933,0.0
PS2_t5934,0.0
PS2_t5935,0.0
PS2_t5936,0.0
PS2_t5921,0.0
PS2_t5922,0.0
PS2_t5923,0.0
PS2_t5924,0.0
PS2_t5925,0.0
PS2_t5926,0.0
PS2_t5927,0.0
PS2_t5928,0.0
PS2_t5913,0.0
PS2_t5914,0.0
PS2_t5915,0.0
PS2_t5916,0.0
PS2_t5917,0.0
PS2_t5918,0.0
PS2_t5919,0.0
PS2_t5920,0.0
PS2_t5969,0.0
PS2_t5970,0.0
PS2_t5971,0.0
PS2_t5972,0.0
PS2_t5973,0.0
PS2_t5974,0.0
PS2_t5975,0.0
PS2_t5976,0.0
PS2_t5961,0.0
PS2_t5962,0.0
PS2_t5963,0.0
PS2_t5964,0.0
PS2_t5965,0.0
PS2_t5966,0.0
PS2_t5967,0.0
PS2_t5968,0.0
PS2_t5953,0.0
PS2_t5954,0.0
PS2_t5955,0.0
PS2_t5956,0.0
PS2_t5957,0.0
PS2_t5958,0.0
PS2_t5959,0.0
PS2_t5960,0.0
PS2_t5945,0.0
PS2_t5946,0.0
PS2_t5947,0.0
PS2_t5948,0.0
PS2_t5949,0.0
PS2_t5950,0.0
PS2_t5951,0.0
PS2_t5952,0.0
PS3_t1,0.0
PS3_t2,0.0
PS3_t3,0.0
PS3_t4,0.0
PS3_t5,0.0
PS3_t6,0.0
PS3_t7,0.0
PS3_t8,0.0
PS2_t5993,0.0
PS2_t5994,0.0
PS2_t5995,0.0
PS2_t5996,0.0
PS2_t5997,0.0
PS2_t5998,0.0
PS2_t5999,0.0
PS2_t6000,0.0
PS2_t5985,0.0
PS2_t5986,0.0
PS2_t5987,0.0
PS2_t5988,0.0
PS2_t5989,0.0
PS2_t5990,0.0
PS2_t5991,0.0
PS2_t5992,0.0
PS2_t5977,0.0
PS2_t5978,0.0
PS2_t5979,0.0
PS2_t5980,0.0
PS2_t5981,0.0
PS2_t5982,0.0
PS2_t5983,0.0
PS2_t5984,0.0
PS3_t33,0.0
PS3_t34,0.0
PS3_t35,0.0
PS3_t36,0.0
PS3_t37,0.0
PS3_t38,0.0
PS3_t39,0.0
PS3_t40,0.0
PS3_t25,0.0
PS3_t26,0.0
PS3_t27,0.0
PS3_t28,0.0
PS3_t29,0.0
PS3_t30,0.0
PS3_t31,0.0
PS3_t32,0.0
PS3_t17,0.0
PS3_t18,0.0
PS3_t19,0.0
PS3_t20,0.0
PS3_t21,0.0
PS3_t22,0.0
PS3_t23,0.0
PS3_t24,0.0
PS3_t9,0.0
PS3_t10,0.0
PS3_t11,0.0
PS3_t12,0.0
PS3_t13,0.0
PS3_t14,0.0
PS3_t15,0.0
PS3_t16,0.0
PS3_t65,0.0
PS3_t66,0.0
PS3_t67,0.0
PS3_t68,0.0
PS3_t69,0.0
PS3_t70,0.0
PS3_t71,0.0
PS3_t72,0.0
PS3_t57,0.0
PS3_t58,0.0
PS3_t59,0.0
PS3_t60,0.0
PS3_t61,0.0
PS3_t62,0.0
PS3_t63,0.0
PS3_t64,0.0
PS3_t49,0.0
PS3_t50,0.0
PS3_t51,0.0
PS3_t52,0.0
PS3_t53,0.0
PS3_t54,0.0
PS3_t55,0.0
PS3_t56,0.0
PS3_t41,0.0
PS3_t42,0.0
PS3_t43,0.0
PS3_t44,0.0
PS3_t45,0.0
PS3_t46,0.0
PS3_t47,0.0
PS3_t48,0.0
PS3_t97,0.0
PS3_t98,0.0
PS3_t99,0.0
PS3_t100,0.0
PS3_t101,0.0
PS3_t102,0.0
PS3_t103,0.0
PS3_t104,0.0
PS3_t89,0.0
PS3_t90,0.0
PS3_t91,0.0
PS3_t92,0.0
PS3_t93,0.0
PS3_t94,0.0
PS3_t95,0.0
PS3_t96,0.0
PS3_t81,0.0
PS3_t82,0.0
PS3_t83,0.0
PS3_t84,0.0
PS3_t85,0.0
PS3_t86,0.0
PS3_t87,0.0
PS3_t88,0.0
PS3_t73,0.0
PS3_t74,0.0
PS3_t75,0.0
PS3_t76,0.0
PS3_t77,0.0
PS3_t78,0.0
PS3_t79,0.0
PS3_t80,0.0
PS3_t129,0.0
PS3_t130,0.0
PS3_t131,0.0
PS3_t132,0.0
PS3_t133,0.0
PS3_t134,0.0
PS3_t135,0.0
PS3_t136,0.0
PS3_t121,0.0
PS3_t122,0.0
PS3_t123,0.0
PS3_t124,0.0
PS3_t125,0.0
PS3_t126,0.0
PS3_t127,0.0
PS3_t128,0.0
PS3_t113,0.0
PS3_t114,0.0
PS3_t115,0.0
PS3_t116,0.0
PS3_t117,0.0
PS3_t118,0.0
PS3_t119,0.0
PS3_t120,0.0
PS3_t105,0.0
PS3_t106,0.0
PS3_t107,0.0
PS3_t108,0.0
PS3_t109,0.0
PS3_t110,0.0
PS3_t111,0.0
PS3_t112,0.0
PS3_t161,0.0
PS3_t162,0.0
PS3_t163,0.0
PS3_t164,0.0
PS3_t165,0.0
PS3_t166,0.0
PS3_t167,0.0
PS3_t168,0.0
PS3_t153,0.0
PS3_t154,0.0
PS3_t155,0.0
PS3_t156,0.0
PS3_t157,0.0
PS3_t158,0.0
PS3_t159,0.0
PS3_t160,0.0
PS3_t145,0.0
PS3_t146,0.0
PS3_t147,0.0
PS3_t148,0.0
PS3_t149,0.0
PS3_t150,0.0
PS3_t151,0.0
PS3_t152,0.0
PS3_t137,0.0
PS3_t138,0.0
PS3_t139,0.0
PS3_t140,0.0
PS3_t141,0.0
PS3_t142,0.0
PS3_t143,0.0
PS3_t144,0.0
PS3_t193,0.0
PS3_t194,0.0
PS3_t195,0.0
PS3_t196,0.0
PS3_t197,0.0
PS3_t198,0.0
PS3_t199,0.0
PS3_t200,0.0
PS3_t185,0.0
PS3_t186,0.0
PS3_t187,0.0
PS3_t188,0.0
PS3_t189,0.0
PS3_t190,0.0
PS3_t191,0.0
PS3_t192,0.0
PS3_t177,0.0
PS3_t178,0.0
PS3_t179,0.0
PS3_t180,0.0
PS3_t181,0.0
PS3_t182,0.0
PS3_t183,0.0
PS3_t184,0.0
PS3_t169,0.0
PS3_t170,0.0
PS3_t171,0.0
PS3_t172,0.0
PS3_t173,0.0
PS3_t174,0.0
PS3_t175,0.0
PS3_t176,0.0
PS3_t225,0.0
PS3_t226,0.0
PS3_t227,0.0
PS3_t228,0.0
PS3_t229,0.0
PS3_t230,0.0
PS3_t231,0.0
PS3_t232,0.0
PS3_t217,0.0
PS3_t218,0.0
PS3_t219,0.0
PS3_t220,0.0
PS3_t221,0.0
PS3_t222,0.0
PS3_t223,0.0
PS3_t224,0.0
PS3_t209,0.0
PS3_t210,0.0
PS3_t211,0.0
PS3_t212,0.0
PS3_t213,0.0
PS3_t214,0.0
PS3_t215,0.0
PS3_t216,0.0
PS3_t201,0.0
PS3_t202,0.0
PS3_t203,0.0
PS3_t204,0.0
PS3_t205,0.0
PS3_t206,0.0
PS3_t207,0.0
PS3_t208,0.0
PS3_t257,0.0
PS3_t258,0.0
PS3_t259,0.0
PS3_t260,0.0
PS3_t261,0.0
PS3_t262,0.0
PS3_t263,0.0
PS3_t264,0.0
PS3_t249,0.0
PS3_t250,0.0
PS3_t251,0.0
PS3_t252,0.0
PS3_t253,0.0
PS3_t254,0.0
PS3_t255,0.0
PS3_t256,0.0
PS3_t241,0.0
PS3_t242,0.0
PS3_t243,0.0
PS3_t244,0.0
PS3_t245,0.0
PS3_t246,0.0
PS3_t247,0.0
PS3_t248,0.0
PS3_t233,0.0
PS3_t234,0.0
PS3_t235,0.0
PS3_t236,0.0
PS3_t237,0.0
PS3_t238,0.0
PS3_t239,0.0
PS3_t240,0.0
PS3_t289,0.0
PS3_t290,0.0
PS3_t291,0.0
PS3_t292,0.0
PS3_t293,0.0
PS3_t294,0.0
PS3_t295,0.0
PS3_t296,0.0
PS3_t281,0.0
PS3_t282,0.0
PS3_t283,0.0
PS3_t284,0.0
PS3_t285,0.0
PS3_t286,0.0
PS3_t287,0.0
PS3_t288,0.0
PS3_t273,0.0
PS3_t274,0.0
PS3_t275,0.0
PS3_t276,0.0
PS3_t277,0.0
PS3_t278,0.0
PS3_t279,0.0
PS3_t280,0.0
PS3_t265,0.0
PS3_t266,0.0
PS3_t267,0.0
PS3_t268,0.0
PS3_t269,0.0
PS3_t270,0.0
PS3_t271,0.0
PS3_t272,0.0
PS3_t321,0.0
PS3_t322,0.0
PS3_t323,0.0
PS3_t324,0.0
PS3_t325,0.0
PS3_t326,0.0
PS3_t327,0.0
PS3_t328,0.0
PS3_t313,0.0
PS3_t314,0.0
PS3_t315,0.0
PS3_t316,0.0
PS3_t317,0.0
PS3_t318,0.0
PS3_t319,0.0
PS3_t320,0.0
PS3_t305,0.0
PS3_t306,0.0
PS3_t307,0.0
PS3_t308,0.0
PS3_t309,0.0
PS3_t310,0.0
PS3_t311,0.0
PS3_t312,0.0
PS3_t297,0.0
PS3_t298,0.0
PS3_t299,0.0
PS3_t300,0.0
PS3_t301,0.0
PS3_t302,0.0
PS3_t303,0.0
PS3_t304,0.0
PS3_t353,0.0
PS3_t354,0.0
PS3_t355,0.0
PS3_t356,0.0
PS3_t357,0.0
PS3_t358,0.0
PS3_t359,0.0
PS3_t360,0.0
PS3_t345,0.0
PS3_t346,0.0
PS3_t347,0.0
PS3_t348,0.0
PS3_t349,0.0
PS3_t350,0.0
PS3_t351,0.0
PS3_t352,0.0
PS3_t337,0.0
PS3_t338,0.0
PS3_t339,0.0
PS3_t340,0.0
PS3_t341,0.0
PS3_t342,0.0
PS3_t343,0.0
PS3_t344,0.0
PS3_t329,0.0
PS3_t330,0.0
PS3_t331,0.0
PS3_t332,0.0
PS3_t333,0.0
PS3_t334,0.0
PS3_t335,0.0
PS3_t336,0.0
PS3_t385,0.0
PS3_t386,0.0
PS3_t387,0.0
PS3_t388,0.0
PS3_t389,0.0
PS3_t390,0.0
PS3_t391,0.0
PS3_t392,0.0
PS3_t377,0.0
PS3_t378,0.0
PS3_t379,0.0
PS3_t380,0.0
PS3_t381,0.0
PS3_t382,0.0
PS3_t383,0.0
PS3_t384,0.0
PS3_t369,0.0
PS3_t370,0.0
PS3_t371,0.0
PS3_t372,0.0
PS3_t373,0.0
PS3_t374,0.0
PS3_t375,0.0
PS3_t376,0.0
PS3_t361,0.0
PS3_t362,0.0
PS3_t363,0.0
PS3_t364,0.0
PS3_t365,0.0
PS3_t366,0.0
PS3_t367,0.0
PS3_t368,0.0
PS3_t417,0.0
PS3_t418,0.0
PS3_t419,0.0
PS3_t420,0.0
PS3_t421,0.0
PS3_t422,0.0
PS3_t423,0.0
PS3_t424,0.0
PS3_t409,0.0
PS3_t410,0.0
PS3_t411,0.0
PS3_t412,0.0
PS3_t413,0.0
PS3_t414,0.0
PS3_t415,0.0
PS3_t416,0.0
PS3_t401,0.0
PS3_t402,0.0
PS3_t403,0.0
PS3_t404,0.0
PS3_t405,0.0
PS3_t406,0.0
PS3_t407,0.0
PS3_t408,0.0
PS3_t393,0.0
PS3_t394,0.0
PS3_t395,0.0
PS3_t396,0.0
PS3_t397,0.0
PS3_t398,0.0
PS3_t399,0.0
PS3_t400,0.0
PS3_t449,0.0
PS3_t450,0.0
PS3_t451,0.0
PS3_t452,0.0
PS3_t453,0.0
PS3_t454,0.0
PS3_t455,0.0
PS3_t456,0.0
PS3_t441,0.0
PS3_t442,0.0
PS3_t443,0.0
PS3_t444,0.0
PS3_t445,0.0
PS3_t446,0.0
PS3_t447,0.0
PS3_t448,0.0
PS3_t433,0.0
PS3_t434,0.0
PS3_t435,0.0
PS3_t436,0.0
PS3_t437,0.0
PS3_t438,0.0
PS3_t439,0.0
PS3_t440,0.0
PS3_t425,0.0
PS3_t426,0.0
PS3_t427,0.0
PS3_t428,0.0
PS3_t429,0.0
PS3_t430,0.0
PS3_t431,0.0
PS3_t432,0.0
PS3_t481,0.0
PS3_t482,0.0
PS3_t483,0.0
PS3_t484,0.0
PS3_t485,0.0
PS3_t486,0.0
PS3_t487,0.0
PS3_t488,0.0
PS3_t473,0.0
PS3_t474,0.0
PS3_t475,0.0
PS3_t476,0.0
PS3_t477,0.0
PS3_t478,0.0
PS3_t479,0.0
PS3_t480,0.0
PS3_t465,0.0
PS3_t466,0.0
PS3_t467,0.0
PS3_t468,0.0
PS3_t469,0.0
PS3_t470,0.0
PS3_t471,0.0
PS3_t472,0.0
PS3_t457,0.0
PS3_t458,0.0
PS3_t459,0.0
PS3_t460,0.0
PS3_t461,0.0
PS3_t462,0.0
PS3_t463,0.0
PS3_t464,0.0
PS3_t513,0.0
PS3_t514,0.0
PS3_t515,0.0
PS3_t516,0.0
PS3_t517,0.0
PS3_t518,0.0
PS3_t519,0.0
PS3_t520,0.0
PS3_t505,0.0
PS3_t506,0.0
PS3_t507,0.0
PS3_t508,0.0
PS3_t509,0.0
PS3_t510,0.0
PS3_t511,0.0
PS3_t512,0.0
PS3_t497,0.0
PS3_t498,0.0
PS3_t499,0.0
PS3_t500,0.0
PS3_t501,0.0
PS3_t502,0.0
PS3_t503,0.0
PS3_t504,0.0
PS3_t489,0.0
PS3_t490,0.0
PS3_t491,0.0
PS3_t492,0.0
PS3_t493,0.0
PS3_t494,0.0
PS3_t495,0.0
PS3_t496,0.0
PS3_t545,0.0
PS3_t546,0.0
PS3_t547,0.0
PS3_t548,0.0
PS3_t549,0.0
PS3_t550,0.0
PS3_t551,0.0
PS3_t552,0.0
PS3_t537,0.0
PS3_t538,0.0
PS3_t539,0.0
PS3_t540,0.0
PS3_t541,0.0
PS3_t542,0.0
PS3_t543,0.0
PS3_t544,0.0
PS3_t529,0.0
PS3_t530,0.0
PS3_t531,0.0
PS3_t532,0.0
PS3_t533,0.0
PS3_t534,0.0
PS3_t535,0.0
PS3_t536,0.0
PS3_t521,0.0
PS3_t522,0.0
PS3_t523,0.0
PS3_t524,0.0
PS3_t525,0.0
PS3_t526,0.0
PS3_t527,0.0
PS3_t528,0.0
PS3_t577,0.0
PS3_t578,0.0
PS3_t579,0.0
PS3_t580,0.0
PS3_t581,0.0
PS3_t582,0.0
PS3_t583,0.0
PS3_t584,0.0
PS3_t569,0.0
PS3_t570,0.0
PS3_t571,0.0
PS3_t572,0.0
PS3_t573,0.0
PS3_t574,0.0
PS3_t575,0.0
PS3_t576,0.0
PS3_t561,0.0
PS3_t562,0.0
PS3_t563,0.0
PS3_t564,0.0
PS3_t565,0.0
PS3_t566,0.0
PS3_t567,0.0
PS3_t568,0.0
PS3_t553,0.0
PS3_t554,0.0
PS3_t555,0.0
PS3_t556,0.0
PS3_t557,0.0
PS3_t558,0.0
PS3_t559,0.0
PS3_t560,0.0
PS3_t609,0.0
PS3_t610,0.0
PS3_t611,0.0
PS3_t612,0.0
PS3_t613,0.0
PS3_t614,0.0
PS3_t615,0.0
PS3_t616,0.0
PS3_t601,0.0
PS3_t602,0.0
PS3_t603,0.0
PS3_t604,0.0
PS3_t605,0.0
PS3_t606,0.0
PS3_t607,0.0
PS3_t608,0.0
PS3_t593,0.0
PS3_t594,0.0
PS3_t595,0.0
PS3_t596,0.0
PS3_t597,0.0
PS3_t598,0.0
PS3_t599,0.0
PS3_t600,0.0
PS3_t585,0.0
PS3_t586,0.0
PS3_t587,0.0
PS3_t588,0.0
PS3_t589,0.0
PS3_t590,0.0
PS3_t591,0.0
PS3_t592,0.0
PS3_t641,0.0
PS3_t642,0.0
PS3_t643,0.0
PS3_t644,0.0
PS3_t645,0.0
PS3_t646,0.0
PS3_t647,0.0
PS3_t648,0.0
PS3_t633,0.0
PS3_t634,0.0
PS3_t635,0.0
PS3_t636,0.0
PS3_t637,0.0
PS3_t638,0.0
PS3_t639,0.0
PS3_t640,0.0
PS3_t625,0.0
PS3_t626,0.0
PS3_t627,0.0
PS3_t628,0.0
PS3_t629,0.0
PS3_t630,0.0
PS3_t631,0.0
PS3_t632,0.0
PS3_t617,0.0
PS3_t618,0.0
PS3_t619,0.0
PS3_t620,0.0
PS3_t621,0.0
PS3_t622,0.0
PS3_t623,0.0
PS3_t624,0.0
PS3_t673,0.0
PS3_t674,0.0
PS3_t675,0.0
PS3_t676,0.0
PS3_t677,0.0
PS3_t678,0.0
PS3_t679,0.0
PS3_t680,0.0
PS3_t665,0.0
PS3_t666,0.0
PS3_t667,0.0
PS3_t668,0.0
PS3_t669,0.0
PS3_t670,0.0
PS3_t671,0.0
PS3_t672,0.0
PS3_t657,0.0
PS3_t658,0.0
PS3_t659,0.0
PS3_t660,0.0
PS3_t661,0.0
PS3_t662,0.0
PS3_t663,0.0
PS3_t664,0.0
PS3_t649,0.0
PS3_t650,0.0
PS3_t651,0.0
PS3_t652,0.0
PS3_t653,0.0
PS3_t654,0.0
PS3_t655,0.0
PS3_t656,0.0
PS3_t705,0.0
PS3_t706,0.0
PS3_t707,0.0
PS3_t708,0.0
PS3_t709,0.0
PS3_t710,0.0
PS3_t711,0.0
PS3_t712,0.0
PS3_t697,0.0
PS3_t698,0.0
PS3_t699,0.0
PS3_t700,0.0
PS3_t701,0.0
PS3_t702,0.0
PS3_t703,0.0
PS3_t704,0.0
PS3_t689,0.0
PS3_t690,0.0
PS3_t691,0.0
PS3_t692,0.0
PS3_t693,0.0
PS3_t694,0.0
PS3_t695,0.0
PS3_t696,0.0
PS3_t681,0.0
PS3_t682,0.0
PS3_t683,0.0
PS3_t684,0.0
PS3_t685,0.0
PS3_t686,0.0
PS3_t687,0.0
PS3_t688,0.0
PS3_t737,0.0
PS3_t738,0.0
PS3_t739,0.0
PS3_t740,0.0
PS3_t741,0.0
PS3_t742,0.0
PS3_t743,0.0
PS3_t744,0.0
PS3_t729,0.0
PS3_t730,0.0
PS3_t731,0.0
PS3_t732,0.0
PS3_t733,0.0
PS3_t734,0.0
PS3_t735,0.0
PS3_t736,0.0
PS3_t721,0.0
PS3_t722,0.0
PS3_t723,0.0
PS3_t724,0.0
PS3_t725,0.0
PS3_t726,0.0
PS3_t727,0.0
PS3_t728,0.0
PS3_t713,0.0
PS3_t714,0.0
PS3_t715,0.0
PS3_t716,0.0
PS3_t717,0.0
PS3_t718,0.0
PS3_t719,0.0
PS3_t720,0.0
PS3_t769,0.0
PS3_t770,0.0
PS3_t771,0.0
PS3_t772,0.0
PS3_t773,0.0
PS3_t774,0.0
PS3_t775,0.0
PS3_t776,0.0
PS3_t761,0.0
PS3_t762,0.0
PS3_t763,0.0
PS3_t764,0.0
PS3_t765,0.0
PS3_t766,0.0
PS3_t767,0.0
PS3_t768,0.0
PS3_t753,0.0
PS3_t754,0.0
PS3_t755,0.0
PS3_t756,0.0
PS3_t757,0.0
PS3_t758,0.0
PS3_t759,0.0
PS3_t760,0.0
PS3_t745,0.0
PS3_t746,0.0
PS3_t747,0.0
PS3_t748,0.0
PS3_t749,0.0
PS3_t750,0.0
PS3_t751,0.0
PS3_t752,0.0
PS3_t801,0.0
PS3_t802,0.0
PS3_t803,0.0
PS3_t804,0.0
PS3_t805,0.0
PS3_t806,0.0
PS3_t807,0.0
PS3_t808,0.0
PS3_t793,0.0
PS3_t794,0.0
PS3_t795,0.0
PS3_t796,0.0
PS3_t797,0.0
PS3_t798,0.0
PS3_t799,0.0
PS3_t800,0.0
PS3_t785,0.0
PS3_t786,0.0
PS3_t787,0.0
PS3_t788,0.0
PS3_t789,0.0
PS3_t790,0.0
PS3_t791,0.0
PS3_t792,0.0
PS3_t777,0.0
PS3_t778,0.0
PS3_t779,0.0
PS3_t780,0.0
PS3_t781,0.0
PS3_t782,0.0
PS3_t783,0.0
PS3_t784,0.0
PS3_t833,0.0
PS3_t834,0.0
PS3_t835,0.0
PS3_t836,0.0
PS3_t837,0.0
PS3_t838,0.0
PS3_t839,0.0
PS3_t840,0.0
PS3_t825,0.0
PS3_t826,0.0
PS3_t827,0.0
PS3_t828,0.0
PS3_t829,0.0
PS3_t830,0.0
PS3_t831,0.0
PS3_t832,0.0
PS3_t817,0.0
PS3_t818,0.0
PS3_t819,0.0
PS3_t820,0.0
PS3_t821,0.0
PS3_t822,0.0
PS3_t823,0.0
PS3_t824,0.0
PS3_t809,0.0
PS3_t810,0.0
PS3_t811,0.0
PS3_t812,0.0
PS3_t813,0.0
PS3_t814,0.0
PS3_t815,0.0
PS3_t816,0.0
PS3_t865,0.0
PS3_t866,0.0
PS3_t867,0.0
PS3_t868,0.0
PS3_t869,0.0
PS3_t870,0.0
PS3_t871,0.0
PS3_t872,0.0
PS3_t857,0.0
PS3_t858,0.0
PS3_t859,0.0
PS3_t860,0.0
PS3_t861,0.0
PS3_t862,0.0
PS3_t863,0.0
PS3_t864,0.0
PS3_t849,0.0
PS3_t850,0.0
PS3_t851,0.0
PS3_t852,0.0
PS3_t853,0.0
PS3_t854,0.0
PS3_t855,0.0
PS3_t856,0.0
PS3_t841,0.0
PS3_t842,0.0
PS3_t843,0.0
PS3_t844,0.0
PS3_t845,0.0
PS3_t846,0.0
PS3_t847,0.0
PS3_t848,0.0
PS3_t897,0.0
PS3_t898,0.0
PS3_t899,0.0
PS3_t900,0.0
PS3_t901,0.0
PS3_t902,0.0
PS3_t903,0.0
PS3_t904,0.0
PS3_t889,0.0
PS3_t890,0.0
PS3_t891,0.0
PS3_t892,0.0
PS3_t893,0.0
PS3_t894,0.0
PS3_t895,0.0
PS3_t896,0.0
PS3_t881,0.0
PS3_t882,0.0
PS3_t883,0.0
PS3_t884,0.0
PS3_t885,0.0
PS3_t886,0.0
PS3_t887,0.0
PS3_t888,0.0
PS3_t873,0.0
PS3_t874,0.0
PS3_t875,0.0
PS3_t876,0.0
PS3_t877,0.0
PS3_t878,0.0
PS3_t879,0.0
PS3_t880,0.0
PS3_t929,0.0
PS3_t930,0.0
PS3_t931,0.0
PS3_t932,0.0
PS3_t933,0.0
PS3_t934,0.0
PS3_t935,0.0
PS3_t936,0.0
PS3_t921,0.0
PS3_t922,0.0
PS3_t923,0.0
PS3_t924,0.0
PS3_t925,0.0
PS3_t926,0.0
PS3_t927,0.0
PS3_t928,0.0
PS3_t913,0.0
PS3_t914,0.0
PS3_t915,0.0
PS3_t916,0.0
PS3_t917,0.0
PS3_t918,0.0
PS3_t919,0.0
PS3_t920,0.0
PS3_t905,0.0
PS3_t906,0.0
PS3_t907,0.0
PS3_t908,0.0
PS3_t909,0.0
PS3_t910,0.0
PS3_t911,0.0
PS3_t912,0.0
PS3_t961,0.0
PS3_t962,0.0
PS3_t963,0.0
PS3_t964,0.0
PS3_t965,0.0
PS3_t966,0.0
PS3_t967,0.0
PS3_t968,0.0
PS3_t953,0.0
PS3_t954,0.0
PS3_t955,0.0
PS3_t956,0.0
PS3_t957,0.0
PS3_t958,0.0
PS3_t959,0.0
PS3_t960,0.0
PS3_t945,0.0
PS3_t946,0.0
PS3_t947,0.0
PS3_t948,0.0
PS3_t949,0.0
PS3_t950,0.0
PS3_t951,0.0
PS3_t952,0.0
PS3_t937,0.0
PS3_t938,0.0
PS3_t939,0.0
PS3_t940,0.0
PS3_t941,0.0
PS3_t942,0.0
PS3_t943,0.0
PS3_t944,0.0
PS3_t993,0.0
PS3_t994,0.0
PS3_t995,0.0
PS3_t996,0.0
PS3_t997,0.0
PS3_t998,0.0
PS3_t999,0.0
PS3_t1000,0.0
PS3_t985,0.0
PS3_t986,0.0
PS3_t987,0.0
PS3_t988,0.0
PS3_t989,0.0
PS3_t990,0.0
PS3_t991,0.0
PS3_t992,0.0
PS3_t977,0.0
PS3_t978,0.0
PS3_t979,0.0
PS3_t980,0.0
PS3_t981,0.0
PS3_t982,0.0
PS3_t983,0.0
PS3_t984,0.0
PS3_t969,0.0
PS3_t970,0.0
PS3_t971,0.0
PS3_t972,0.0
PS3_t973,0.0
PS3_t974,0.0
PS3_t975,0.0
PS3_t976,0.0
PS3_t1025,0.0
PS3_t1026,0.0
PS3_t1027,0.0
PS3_t1028,0.0
PS3_t1029,0.0
PS3_t1030,0.0
PS3_t1031,0.0
PS3_t1032,0.0
PS3_t1017,0.0
PS3_t1018,0.0
PS3_t1019,0.0
PS3_t1020,0.0
PS3_t1021,0.0
PS3_t1022,0.0
PS3_t1023,0.0
PS3_t1024,0.0
PS3_t1009,0.0
PS3_t1010,0.0
PS3_t1011,0.0
PS3_t1012,0.0
PS3_t1013,0.0
PS3_t1014,0.0
PS3_t1015,0.0
PS3_t1016,0.0
PS3_t1001,0.0
PS3_t1002,0.0
PS3_t1003,0.0
PS3_t1004,0.0
PS3_t1005,0.0
PS3_t1006,0.0
PS3_t1007,0.0
PS3_t1008,0.0
PS3_t1057,0.0
PS3_t1058,0.0
PS3_t1059,0.0
PS3_t1060,0.0
PS3_t1061,0.0
PS3_t1062,0.0
PS3_t1063,0.0
PS3_t1064,0.0
PS3_t1049,0.0
PS3_t1050,0.0
PS3_t1051,0.0
PS3_t1052,0.0
PS3_t1053,0.0
PS3_t1054,0.0
PS3_t1055,0.0
PS3_t1056,0.0
PS3_t1041,0.0
PS3_t1042,0.0
PS3_t1043,0.0
PS3_t1044,0.0
PS3_t1045,0.0
PS3_t1046,0.0
PS3_t1047,0.0
PS3_t1048,0.0
PS3_t1033,0.0
PS3_t1034,0.0
PS3_t1035,0.0
PS3_t1036,0.0
PS3_t1037,0.0
PS3_t1038,0.0
PS3_t1039,0.0
PS3_t1040,0.0
PS3_t1089,0.0
PS3_t1090,0.0
PS3_t1091,0.0
PS3_t1092,0.0
PS3_t1093,0.0
PS3_t1094,0.0
PS3_t1095,0.0
PS3_t1096,0.0
PS3_t1081,0.0
PS3_t1082,0.0
PS3_t1083,0.0
PS3_t1084,0.0
PS3_t1085,0.0
PS3_t1086,0.0
PS3_t1087,0.0
PS3_t1088,0.0
PS3_t1073,0.0
PS3_t1074,0.0
PS3_t1075,0.0
PS3_t1076,0.0
PS3_t1077,0.0
PS3_t1078,0.0
PS3_t1079,0.0
PS3_t1080,0.0
PS3_t1065,0.0
PS3_t1066,0.0
PS3_t1067,0.0
PS3_t1068,0.0
PS3_t1069,0.0
PS3_t1070,0.0
PS3_t1071,0.0
PS3_t1072,0.0
PS3_t1121,0.0
PS3_t1122,0.0
PS3_t1123,0.0
PS3_t1124,0.0
PS3_t1125,0.0
PS3_t1126,0.0
PS3_t1127,0.0
PS3_t1128,0.0
PS3_t1113,0.0
PS3_t1114,0.0
PS3_t1115,0.0
PS3_t1116,0.0
PS3_t1117,0.0
PS3_t1118,0.0
PS3_t1119,0.0
PS3_t1120,0.0
PS3_t1105,0.0
PS3_t1106,0.0
PS3_t1107,0.0
PS3_t1108,0.0
PS3_t1109,0.0
PS3_t1110,0.0
PS3_t1111,0.0
PS3_t1112,0.0
PS3_t1097,0.0
PS3_t1098,0.0
PS3_t1099,0.0
PS3_t1100,0.0
PS3_t1101,0.0
PS3_t1102,0.0
PS3_t1103,0.0
PS3_t1104,0.0
PS3_t1153,0.0
PS3_t1154,0.0
PS3_t1155,0.0
PS3_t1156,0.0
PS3_t1157,0.0
PS3_t1158,0.0
PS3_t1159,0.0
PS3_t1160,0.0
PS3_t1145,0.0
PS3_t1146,0.0
PS3_t1147,0.0
PS3_t1148,0.0
PS3_t1149,0.0
PS3_t1150,0.0
PS3_t1151,0.0
PS3_t1152,0.0
PS3_t1137,0.0
PS3_t1138,0.0
PS3_t1139,0.0
PS3_t1140,0.0
PS3_t1141,0.0
PS3_t1142,0.0
PS3_t1143,0.0
PS3_t1144,0.0
PS3_t1129,0.0
PS3_t1130,0.0
PS3_t1131,0.0
PS3_t1132,0.0
PS3_t1133,0.0
PS3_t1134,0.0
PS3_t1135,0.0
PS3_t1136,0.0
PS3_t1185,0.0
PS3_t1186,0.0
PS3_t1187,0.0
PS3_t1188,0.0
PS3_t1189,0.0
PS3_t1190,0.0
PS3_t1191,0.0
PS3_t1192,0.0
PS3_t1177,0.0
PS3_t1178,0.0
PS3_t1179,0.0
PS3_t1180,0.0
PS3_t1181,0.0
PS3_t1182,0.0
PS3_t1183,0.0
PS3_t1184,0.0
PS3_t1169,0.0
PS3_t1170,0.0
PS3_t1171,0.0
PS3_t1172,0.0
PS3_t1173,0.0
PS3_t1174,0.0
PS3_t1175,0.0
PS3_t1176,0.0
PS3_t1161,0.0
PS3_t1162,0.0
PS3_t1163,0.0
PS3_t1164,0.0
PS3_t1165,0.0
PS3_t1166,0.0
PS3_t1167,0.0
PS3_t1168,0.0
PS3_t1217,0.0
PS3_t1218,0.0
PS3_t1219,0.0
PS3_t1220,0.0
PS3_t1221,0.0
PS3_t1222,0.0
PS3_t1223,0.0
PS3_t1224,0.0
PS3_t1209,0.0
PS3_t1210,0.0
PS3_t1211,0.0
PS3_t1212,0.0
PS3_t1213,0.0
PS3_t1214,0.0
PS3_t1215,0.0
PS3_t1216,0.0
PS3_t1201,0.0
PS3_t1202,0.0
PS3_t1203,0.0
PS3_t1204,0.0
PS3_t1205,0.0
PS3_t1206,0.0
PS3_t1207,0.0
PS3_t1208,0.0
PS3_t1193,0.0
PS3_t1194,0.0
PS3_t1195,0.0
PS3_t1196,0.0
PS3_t1197,0.0
PS3_t1198,0.0
PS3_t1199,0.0
PS3_t1200,0.0
PS3_t1249,0.0
PS3_t1250,0.0
PS3_t1251,0.0
PS3_t1252,0.0
PS3_t1253,0.0
PS3_t1254,0.0
PS3_t1255,0.0
PS3_t1256,0.0
PS3_t1241,0.0
PS3_t1242,0.0
PS3_t1243,0.0
PS3_t1244,0.0
PS3_t1245,0.0
PS3_t1246,0.0
PS3_t1247,0.0
PS3_t1248,0.0
PS3_t1233,0.0
PS3_t1234,0.0
PS3_t1235,0.0
PS3_t1236,0.0
PS3_t1237,0.0
PS3_t1238,0.0
PS3_t1239,0.0
PS3_t1240,0.0
PS3_t1225,0.0
PS3_t1226,0.0
PS3_t1227,0.0
PS3_t1228,0.0
PS3_t1229,0.0
PS3_t1230,0.0
PS3_t1231,0.0
PS3_t1232,0.0
PS3_t1281,0.0
PS3_t1282,0.0
PS3_t1283,0.0
PS3_t1284,0.0
PS3_t1285,0.0
PS3_t1286,0.0
PS3_t1287,0.0
PS3_t1288,0.0
PS3_t1273,0.0
PS3_t1274,0.0
PS3_t1275,0.0
PS3_t1276,0.0
PS3_t1277,0.0
PS3_t1278,0.0
PS3_t1279,0.0
PS3_t1280,0.0
PS3_t1265,0.0
PS3_t1266,0.0
PS3_t1267,0.0
PS3_t1268,0.0
PS3_t1269,0.0
PS3_t1270,0.0
PS3_t1271,0.0
PS3_t1272,0.0
PS3_t1257,0.0
PS3_t1258,0.0
PS3_t1259,0.0
PS3_t1260,0.0
PS3_t1261,0.0
PS3_t1262,0.0
PS3_t1263,0.0
PS3_t1264,0.0
PS3_t1313,0.0
PS3_t1314,0.0
PS3_t1315,0.0
PS3_t1316,0.0
PS3_t1317,0.0
PS3_t1318,0.0
PS3_t1319,0.0
PS3_t1320,0.0
PS3_t1305,0.0
PS3_t1306,0.0
PS3_t1307,0.0
PS3_t1308,0.0
PS3_t1309,0.0
PS3_t1310,0.0
PS3_t1311,0.0
PS3_t1312,0.0
PS3_t1297,0.0
PS3_t1298,0.0
PS3_t1299,0.0
PS3_t1300,0.0
PS3_t1301,0.0
PS3_t1302,0.0
PS3_t1303,0.0
PS3_t1304,0.0
PS3_t1289,0.0
PS3_t1290,0.0
PS3_t1291,0.0
PS3_t1292,0.0
PS3_t1293,0.0
PS3_t1294,0.0
PS3_t1295,0.0
PS3_t1296,0.0
PS3_t1345,0.0
PS3_t1346,0.0
PS3_t1347,0.0
PS3_t1348,0.0
PS3_t1349,0.0
PS3_t1350,0.0
PS3_t1351,0.0
PS3_t1352,0.0
PS3_t1337,0.0
PS3_t1338,0.0
PS3_t1339,0.0
PS3_t1340,0.0
PS3_t1341,0.0
PS3_t1342,0.0
PS3_t1343,0.0
PS3_t1344,0.0
PS3_t1329,0.0
PS3_t1330,0.0
PS3_t1331,0.0
PS3_t1332,0.0
PS3_t1333,0.0
PS3_t1334,0.0
PS3_t1335,0.0
PS3_t1336,0.0
PS3_t1321,0.0
PS3_t1322,0.0
PS3_t1323,0.0
PS3_t1324,0.0
PS3_t1325,0.0
PS3_t1326,0.0
PS3_t1327,0.0
PS3_t1328,0.0
PS3_t1377,0.0
PS3_t1378,0.0
PS3_t1379,0.0
PS3_t1380,0.0
PS3_t1381,0.0
PS3_t1382,0.0
PS3_t1383,0.0
PS3_t1384,0.0
PS3_t1369,0.0
PS3_t1370,0.0
PS3_t1371,0.0
PS3_t1372,0.0
PS3_t1373,0.0
PS3_t1374,0.0
PS3_t1375,0.0
PS3_t1376,0.0
PS3_t1361,0.0
PS3_t1362,0.0
PS3_t1363,0.0
PS3_t1364,0.0
PS3_t1365,0.0
PS3_t1366,0.0
PS3_t1367,0.0
PS3_t1368,0.0
PS3_t1353,0.0
PS3_t1354,0.0
PS3_t1355,0.0
PS3_t1356,0.0
PS3_t1357,0.0
PS3_t1358,0.0
PS3_t1359,0.0
PS3_t1360,0.0
PS3_t1409,0.0
PS3_t1410,0.0
PS3_t1411,0.0
PS3_t1412,0.0
PS3_t1413,0.0
PS3_t1414,0.0
PS3_t1415,0.0
PS3_t1416,0.0
PS3_t1401,0.0
PS3_t1402,0.0
PS3_t1403,0.0
PS3_t1404,0.0
PS3_t1405,0.0
PS3_t1406,0.0
PS3_t1407,0.0
PS3_t1408,0.0
PS3_t1393,0.0
PS3_t1394,0.0
PS3_t1395,0.0
PS3_t1396,0.0
PS3_t1397,0.0
PS3_t1398,0.0
PS3_t1399,0.0
PS3_t1400,0.0
PS3_t1385,0.0
PS3_t1386,0.0
PS3_t1387,0.0
PS3_t1388,0.0
PS3_t1389,0.0
PS3_t1390,0.0
PS3_t1391,0.0
PS3_t1392,0.0
PS3_t1441,0.0
PS3_t1442,0.0
PS3_t1443,0.0
PS3_t1444,0.0
PS3_t1445,0.0
PS3_t1446,0.0
PS3_t1447,0.0
PS3_t1448,0.0
PS3_t1433,0.0
PS3_t1434,0.0
PS3_t1435,0.0
PS3_t1436,0.0
PS3_t1437,0.0
PS3_t1438,0.0
PS3_t1439,0.0
PS3_t1440,0.0
PS3_t1425,0.0
PS3_t1426,0.0
PS3_t1427,0.0
PS3_t1428,0.0
PS3_t1429,0.0
PS3_t1430,0.0
PS3_t1431,0.0
PS3_t1432,0.0
PS3_t1417,0.0
PS3_t1418,0.0
PS3_t1419,0.0
PS3_t1420,0.0
PS3_t1421,0.0
PS3_t1422,0.0
PS3_t1423,0.0
PS3_t1424,0.0
PS3_t1473,0.0
PS3_t1474,0.0
PS3_t1475,0.0
PS3_t1476,0.0
PS3_t1477,0.0
PS3_t1478,0.0
PS3_t1479,0.0
PS3_t1480,0.0
PS3_t1465,0.0
PS3_t1466,0.0
PS3_t1467,0.0
PS3_t1468,0.0
PS3_t1469,0.0
PS3_t1470,0.0
PS3_t1471,0.0
PS3_t1472,0.0
PS3_t1457,0.0
PS3_t1458,0.0
PS3_t1459,0.0
PS3_t1460,0.0
PS3_t1461,0.0
PS3_t1462,0.0
PS3_t1463,0.0
PS3_t1464,0.0
PS3_t1449,0.0
PS3_t1450,0.0
PS3_t1451,0.0
PS3_t1452,0.0
PS3_t1453,0.0
PS3_t1454,0.0
PS3_t1455,0.0
PS3_t1456,0.0
PS3_t1505,0.0
PS3_t1506,0.0
PS3_t1507,0.0
PS3_t1508,0.0
PS3_t1509,0.0
PS3_t1510,0.0
PS3_t1511,0.0
PS3_t1512,0.0
PS3_t1497,0.0
PS3_t1498,0.0
PS3_t1499,0.0
PS3_t1500,0.0
PS3_t1501,0.0
PS3_t1502,0.0
PS3_t1503,0.0
PS3_t1504,0.0
PS3_t1489,0.0
PS3_t1490,0.0
PS3_t1491,0.0
PS3_t1492,0.0
PS3_t1493,0.0
PS3_t1494,0.0
PS3_t1495,0.0
PS3_t1496,0.0
PS3_t1481,0.0
PS3_t1482,0.0
PS3_t1483,0.0
PS3_t1484,0.0
PS3_t1485,0.0
PS3_t1486,0.0
PS3_t1487,0.0
PS3_t1488,0.0
PS3_t1537,0.0
PS3_t1538,0.0
PS3_t1539,0.0
PS3_t1540,0.0
PS3_t1541,0.0
PS3_t1542,0.0
PS3_t1543,0.0
PS3_t1544,0.0
PS3_t1529,0.0
PS3_t1530,0.0
PS3_t1531,0.0
PS3_t1532,0.0
PS3_t1533,0.0
PS3_t1534,0.0
PS3_t1535,0.0
PS3_t1536,0.0
PS3_t1521,0.0
PS3_t1522,0.0
PS3_t1523,0.0
PS3_t1524,0.0
PS3_t1525,0.0
PS3_t1526,0.0
PS3_t1527,0.0
PS3_t1528,0.0
PS3_t1513,0.0
PS3_t1514,0.0
PS3_t1515,0.0
PS3_t1516,0.0
PS3_t1517,0.0
PS3_t1518,0.0
PS3_t1519,0.0
PS3_t1520,0.0
PS3_t1569,0.0
PS3_t1570,0.0
PS3_t1571,0.0
PS3_t1572,0.0
PS3_t1573,0.0
PS3_t1574,0.0
PS3_t1575,0.0
PS3_t1576,0.0
PS3_t1561,0.0
PS3_t1562,0.0
PS3_t1563,0.0
PS3_t1564,0.0
PS3_t1565,0.0
PS3_t1566,0.0
PS3_t1567,0.0
PS3_t1568,0.0
PS3_t1553,0.0
PS3_t1554,0.0
PS3_t1555,0.0
PS3_t1556,0.0
PS3_t1557,0.0
PS3_t1558,0.0
PS3_t1559,0.0
PS3_t1560,0.0
PS3_t1545,0.0
PS3_t1546,0.0
PS3_t1547,0.0
PS3_t1548,0.0
PS3_t1549,0.0
PS3_t1550,0.0
PS3_t1551,0.0
PS3_t1552,0.0
PS3_t1601,0.0
PS3_t1602,0.0
PS3_t1603,0.0
PS3_t1604,0.0
PS3_t1605,0.0
PS3_t1606,0.0
PS3_t1607,0.0
PS3_t1608,0.0
PS3_t1593,0.0
PS3_t1594,0.0
PS3_t1595,0.0
PS3_t1596,0.0
PS3_t1597,0.0
PS3_t1598,0.0
PS3_t1599,0.0
PS3_t1600,0.0
PS3_t1585,0.0
PS3_t1586,0.0
PS3_t1587,0.0
PS3_t1588,0.0
PS3_t1589,0.0
PS3_t1590,0.0
PS3_t1591,0.0
PS3_t1592,0.0
PS3_t1577,0.0
PS3_t1578,0.0
PS3_t1579,0.0
PS3_t1580,0.0
PS3_t1581,0.0
PS3_t1582,0.0
PS3_t1583,0.0
PS3_t1584,0.0
PS3_t1633,0.0
PS3_t1634,0.0
PS3_t1635,0.0
PS3_t1636,0.0
PS3_t1637,0.0
PS3_t1638,0.0
PS3_t1639,0.0
PS3_t1640,0.0
PS3_t1625,0.0
PS3_t1626,0.0
PS3_t1627,0.0
PS3_t1628,0.0
PS3_t1629,0.0
PS3_t1630,0.0
PS3_t1631,0.0
PS3_t1632,0.0
PS3_t1617,0.0
PS3_t1618,0.0
PS3_t1619,0.0
PS3_t1620,0.0
PS3_t1621,0.0
PS3_t1622,0.0
PS3_t1623,0.0
PS3_t1624,0.0
PS3_t1609,0.0
PS3_t1610,0.0
PS3_t1611,0.0
PS3_t1612,0.0
PS3_t1613,0.0
PS3_t1614,0.0
PS3_t1615,0.0
PS3_t1616,0.0
PS3_t1665,0.0
PS3_t1666,0.0
PS3_t1667,0.0
PS3_t1668,0.0
PS3_t1669,0.0
PS3_t1670,0.0
PS3_t1671,0.0
PS3_t1672,0.0
PS3_t1657,0.0
PS3_t1658,0.0
PS3_t1659,0.0
PS3_t1660,0.0
PS3_t1661,0.0
PS3_t1662,0.0
PS3_t1663,0.0
PS3_t1664,0.0
PS3_t1649,0.0
PS3_t1650,0.0
PS3_t1651,0.0
PS3_t1652,0.0
PS3_t1653,0.0
PS3_t1654,0.0
PS3_t1655,0.0
PS3_t1656,0.0
PS3_t1641,0.0
PS3_t1642,0.0
PS3_t1643,0.0
PS3_t1644,0.0
PS3_t1645,0.0
PS3_t1646,0.0
PS3_t1647,0.0
PS3_t1648,0.0
PS3_t1697,0.0
PS3_t1698,0.0
PS3_t1699,0.0
PS3_t1700,0.0
PS3_t1701,0.0
PS3_t1702,0.0
PS3_t1703,0.0
PS3_t1704,0.0
PS3_t1689,0.0
PS3_t1690,0.0
PS3_t1691,0.0
PS3_t1692,0.0
PS3_t1693,0.0
PS3_t1694,0.0
PS3_t1695,0.0
PS3_t1696,0.0
PS3_t1681,0.0
PS3_t1682,0.0
PS3_t1683,0.0
PS3_t1684,0.0
PS3_t1685,0.0
PS3_t1686,0.0
PS3_t1687,0.0
PS3_t1688,0.0
PS3_t1673,0.0
PS3_t1674,0.0
PS3_t1675,0.0
PS3_t1676,0.0
PS3_t1677,0.0
PS3_t1678,0.0
PS3_t1679,0.0
PS3_t1680,0.0
PS3_t1729,0.0
PS3_t1730,0.0
PS3_t1731,0.0
PS3_t1732,0.0
PS3_t1733,0.0
PS3_t1734,0.0
PS3_t1735,0.0
PS3_t1736,0.0
PS3_t1721,0.0
PS3_t1722,0.0
PS3_t1723,0.0
PS3_t1724,0.0
PS3_t1725,0.0
PS3_t1726,0.0
PS3_t1727,0.0
PS3_t1728,0.0
PS3_t1713,0.0
PS3_t1714,0.0
PS3_t1715,0.0
PS3_t1716,0.0
PS3_t1717,0.0
PS3_t1718,0.0
PS3_t1719,0.0
PS3_t1720,0.0
PS3_t1705,0.0
PS3_t1706,0.0
PS3_t1707,0.0
PS3_t1708,0.0
PS3_t1709,0.0
PS3_t1710,0.0
PS3_t1711,0.0
PS3_t1712,0.0
PS3_t1761,0.0
PS3_t1762,0.0
PS3_t1763,0.0
PS3_t1764,0.0
PS3_t1765,0.0
PS3_t1766,0.0
PS3_t1767,0.0
PS3_t1768,0.0
PS3_t1753,0.0
PS3_t1754,0.0
PS3_t1755,0.0
PS3_t1756,0.0
PS3_t1757,0.0
PS3_t1758,0.0
PS3_t1759,0.0
PS3_t1760,0.0
PS3_t1745,0.0
PS3_t1746,0.0
PS3_t1747,0.0
PS3_t1748,0.0
PS3_t1749,0.0
PS3_t1750,0.0
PS3_t1751,0.0
PS3_t1752,0.0
PS3_t1737,0.0
PS3_t1738,0.0
PS3_t1739,0.0
PS3_t1740,0.0
PS3_t1741,0.0
PS3_t1742,0.0
PS3_t1743,0.0
PS3_t1744,0.0
PS3_t1793,0.0
PS3_t1794,0.0
PS3_t1795,0.0
PS3_t1796,0.0
PS3_t1797,0.0
PS3_t1798,0.0
PS3_t1799,0.0
PS3_t1800,0.0
PS3_t1785,0.0
PS3_t1786,0.0
PS3_t1787,0.0
PS3_t1788,0.0
PS3_t1789,0.0
PS3_t1790,0.0
PS3_t1791,0.0
PS3_t1792,0.0
PS3_t1777,0.0
PS3_t1778,0.0
PS3_t1779,0.0
PS3_t1780,0.0
PS3_t1781,0.0
PS3_t1782,0.0
PS3_t1783,0.0
PS3_t1784,0.0
PS3_t1769,0.0
PS3_t1770,0.0
PS3_t1771,0.0
PS3_t1772,0.0
PS3_t1773,0.0
PS3_t1774,0.0
PS3_t1775,0.0
PS3_t1776,0.0
PS3_t1825,0.0
PS3_t1826,0.0
PS3_t1827,0.0
PS3_t1828,0.0
PS3_t1829,0.0
PS3_t1830,0.0
PS3_t1831,0.0
PS3_t1832,0.0
PS3_t1817,0.0
PS3_t1818,0.0
PS3_t1819,0.0
PS3_t1820,0.0
PS3_t1821,0.0
PS3_t1822,0.0
PS3_t1823,0.0
PS3_t1824,0.0
PS3_t1809,0.0
PS3_t1810,0.0
PS3_t1811,0.0
PS3_t1812,0.0
PS3_t1813,0.0
PS3_t1814,0.0
PS3_t1815,0.0
PS3_t1816,0.0
PS3_t1801,0.0
PS3_t1802,0.0
PS3_t1803,0.0
PS3_t1804,0.0
PS3_t1805,0.0
PS3_t1806,0.0
PS3_t1807,0.0
PS3_t1808,0.0
PS3_t1857,0.0
PS3_t1858,0.0
PS3_t1859,0.0
PS3_t1860,0.0
PS3_t1861,0.0
PS3_t1862,0.0
PS3_t1863,0.0
PS3_t1864,0.0
PS3_t1849,0.0
PS3_t1850,0.0
PS3_t1851,0.0
PS3_t1852,0.0
PS3_t1853,0.0
PS3_t1854,0.0
PS3_t1855,0.0
PS3_t1856,0.0
PS3_t1841,0.0
PS3_t1842,0.0
PS3_t1843,0.0
PS3_t1844,0.0
PS3_t1845,0.0
PS3_t1846,0.0
PS3_t1847,0.0
PS3_t1848,0.0
PS3_t1833,0.0
PS3_t1834,0.0
PS3_t1835,0.0
PS3_t1836,0.0
PS3_t1837,0.0
PS3_t1838,0.0
PS3_t1839,0.0
PS3_t1840,0.0
PS3_t1889,0.0
PS3_t1890,0.0
PS3_t1891,0.0
PS3_t1892,0.0
PS3_t1893,0.0
PS3_t1894,0.0
PS3_t1895,0.0
PS3_t1896,0.0
PS3_t1881,0.0
PS3_t1882,0.0
PS3_t1883,0.0
PS3_t1884,0.0
PS3_t1885,0.0
PS3_t1886,0.0
PS3_t1887,0.0
PS3_t1888,0.0
PS3_t1873,0.0
PS3_t1874,0.0
PS3_t1875,0.0
PS3_t1876,0.0
PS3_t1877,0.0
PS3_t1878,0.0
PS3_t1879,0.0
PS3_t1880,0.0
PS3_t1865,0.0
PS3_t1866,0.0
PS3_t1867,0.0
PS3_t1868,0.0
PS3_t1869,0.0
PS3_t1870,0.0
PS3_t1871,0.0
PS3_t1872,0.0
PS3_t1921,0.0
PS3_t1922,0.0
PS3_t1923,0.0
PS3_t1924,0.0
PS3_t1925,0.0
PS3_t1926,0.0
PS3_t1927,0.0
PS3_t1928,0.0
PS3_t1913,0.0
PS3_t1914,0.0
PS3_t1915,0.0
PS3_t1916,0.0
PS3_t1917,0.0
PS3_t1918,0.0
PS3_t1919,0.0
PS3_t1920,0.0
PS3_t1905,0.0
PS3_t1906,0.0
PS3_t1907,0.0
PS3_t1908,0.0
PS3_t1909,0.0
PS3_t1910,0.0
PS3_t1911,0.0
PS3_t1912,0.0
PS3_t1897,0.0
PS3_t1898,0.0
PS3_t1899,0.0
PS3_t1900,0.0
PS3_t1901,0.0
PS3_t1902,0.0
PS3_t1903,0.0
PS3_t1904,0.0
PS3_t1953,0.0
PS3_t1954,0.0
PS3_t1955,0.0
PS3_t1956,0.0
PS3_t1957,0.0
PS3_t1958,0.0
PS3_t1959,0.0
PS3_t1960,0.0
PS3_t1945,0.0
PS3_t1946,0.0
PS3_t1947,0.0
PS3_t1948,0.0
PS3_t1949,0.0
PS3_t1950,0.0
PS3_t1951,0.0
PS3_t1952,0.0
PS3_t1937,0.0
PS3_t1938,0.0
PS3_t1939,0.0
PS3_t1940,0.0
PS3_t1941,0.0
PS3_t1942,0.0
PS3_t1943,0.0
PS3_t1944,0.0
PS3_t1929,0.0
PS3_t1930,0.0
PS3_t1931,0.0
PS3_t1932,0.0
PS3_t1933,0.0
PS3_t1934,0.0
PS3_t1935,0.0
PS3_t1936,0.0
PS3_t1985,0.0
PS3_t1986,0.0
PS3_t1987,0.0
PS3_t1988,0.0
PS3_t1989,0.0
PS3_t1990,0.0
PS3_t1991,0.0
PS3_t1992,0.0
PS3_t1977,0.0
PS3_t1978,0.0
PS3_t1979,0.0
PS3_t1980,0.0
PS3_t1981,0.0
PS3_t1982,0.0
PS3_t1983,0.0
PS3_t1984,0.0
PS3_t1969,0.0
PS3_t1970,0.0
PS3_t1971,0.0
PS3_t1972,0.0
PS3_t1973,0.0
PS3_t1974,0.0
PS3_t1975,0.0
PS3_t1976,0.0
PS3_t1961,0.0
PS3_t1962,0.0
PS3_t1963,0.0
PS3_t1964,0.0
PS3_t1965,0.0
PS3_t1966,0.0
PS3_t1967,0.0
PS3_t1968,0.0
PS3_t2017,0.0
PS3_t2018,0.0
PS3_t2019,0.0
PS3_t2020,0.0
PS3_t2021,0.0
PS3_t2022,0.0
PS3_t2023,0.0
PS3_t2024,0.0
PS3_t2009,0.0
PS3_t2010,0.0
PS3_t2011,0.0
PS3_t2012,0.0
PS3_t2013,0.0
PS3_t2014,0.0
PS3_t2015,0.0
PS3_t2016,0.0
PS3_t2001,0.0
PS3_t2002,0.0
PS3_t2003,0.0
PS3_t2004,0.0
PS3_t2005,0.0
PS3_t2006,0.0
PS3_t2007,0.0
PS3_t2008,0.0
PS3_t1993,0.0
PS3_t1994,0.0
PS3_t1995,0.0
PS3_t1996,0.0
PS3_t1997,0.0
PS3_t1998,0.0
PS3_t1999,0.0
PS3_t2000,0.0
PS3_t2049,0.0
PS3_t2050,0.0
PS3_t2051,0.0
PS3_t2052,0.0
PS3_t2053,0.0
PS3_t2054,0.0
PS3_t2055,0.0
PS3_t2056,0.0
PS3_t2041,0.0
PS3_t2042,0.0
PS3_t2043,0.0
PS3_t2044,0.0
PS3_t2045,0.0
PS3_t2046,0.0
PS3_t2047,0.0
PS3_t2048,0.0
PS3_t2033,0.0
PS3_t2034,0.0
PS3_t2035,0.0
PS3_t2036,0.0
PS3_t2037,0.0
PS3_t2038,0.0
PS3_t2039,0.0
PS3_t2040,0.0
PS3_t2025,0.0
PS3_t2026,0.0
PS3_t2027,0.0
PS3_t2028,0.0
PS3_t2029,0.0
PS3_t2030,0.0
PS3_t2031,0.0
PS3_t2032,0.0
PS3_t2081,0.0
PS3_t2082,0.0
PS3_t2083,0.0
PS3_t2084,0.0
PS3_t2085,0.0
PS3_t2086,0.0
PS3_t2087,0.0
PS3_t2088,0.0
PS3_t2073,0.0
PS3_t2074,0.0
PS3_t2075,0.0
PS3_t2076,0.0
PS3_t2077,0.0
PS3_t2078,0.0
PS3_t2079,0.0
PS3_t2080,0.0
PS3_t2065,0.0
PS3_t2066,0.0
PS3_t2067,0.0
PS3_t2068,0.0
PS3_t2069,0.0
PS3_t2070,0.0
PS3_t2071,0.0
PS3_t2072,0.0
PS3_t2057,0.0
PS3_t2058,0.0
PS3_t2059,0.0
PS3_t2060,0.0
PS3_t2061,0.0
PS3_t2062,0.0
PS3_t2063,0.0
PS3_t2064,0.0
PS3_t2113,0.0
PS3_t2114,0.0
PS3_t2115,0.0
PS3_t2116,0.0
PS3_t2117,0.0
PS3_t2118,0.0
PS3_t2119,0.0
PS3_t2120,0.0
PS3_t2105,0.0
PS3_t2106,0.0
PS3_t2107,0.0
PS3_t2108,0.0
PS3_t2109,0.0
PS3_t2110,0.0
PS3_t2111,0.0
PS3_t2112,0.0
PS3_t2097,0.0
PS3_t2098,0.0
PS3_t2099,0.0
PS3_t2100,0.0
PS3_t2101,0.0
PS3_t2102,0.0
PS3_t2103,0.0
PS3_t2104,0.0
PS3_t2089,0.0
PS3_t2090,0.0
PS3_t2091,0.0
PS3_t2092,0.0
PS3_t2093,0.0
PS3_t2094,0.0
PS3_t2095,0.0
PS3_t2096,0.0
PS3_t2145,0.0
PS3_t2146,0.0
PS3_t2147,0.0
PS3_t2148,0.0
PS3_t2149,0.0
PS3_t2150,0.0
PS3_t2151,0.0
PS3_t2152,0.0
PS3_t2137,0.0
PS3_t2138,0.0
PS3_t2139,0.0
PS3_t2140,0.0
PS3_t2141,0.0
PS3_t2142,0.0
PS3_t2143,0.0
PS3_t2144,0.0
PS3_t2129,0.0
PS3_t2130,0.0
PS3_t2131,0.0
PS3_t2132,0.0
PS3_t2133,0.0
PS3_t2134,0.0
PS3_t2135,0.0
PS3_t2136,0.0
PS3_t2121,0.0
PS3_t2122,0.0
PS3_t2123,0.0
PS3_t2124,0.0
PS3_t2125,0.0
PS3_t2126,0.0
PS3_t2127,0.0
PS3_t2128,0.0
PS3_t2177,0.0
PS3_t2178,0.0
PS3_t2179,0.0
PS3_t2180,0.0
PS3_t2181,0.0
PS3_t2182,0.0
PS3_t2183,0.0
PS3_t2184,0.0
PS3_t2169,0.0
PS3_t2170,0.0
PS3_t2171,0.0
PS3_t2172,0.0
PS3_t2173,0.0
PS3_t2174,0.0
PS3_t2175,0.0
PS3_t2176,0.0
PS3_t2161,0.0
PS3_t2162,0.0
PS3_t2163,0.0
PS3_t2164,0.0
PS3_t2165,0.0
PS3_t2166,0.0
PS3_t2167,0.0
PS3_t2168,0.0
PS3_t2153,0.0
PS3_t2154,0.0
PS3_t2155,0.0
PS3_t2156,0.0
PS3_t2157,0.0
PS3_t2158,0.0
PS3_t2159,0.0
PS3_t2160,0.0
PS3_t2209,0.0
PS3_t2210,0.0
PS3_t2211,0.0
PS3_t2212,0.0
PS3_t2213,0.0
PS3_t2214,0.0
PS3_t2215,0.0
PS3_t2216,0.0
PS3_t2201,0.0
PS3_t2202,0.0
PS3_t2203,0.0
PS3_t2204,0.0
PS3_t2205,0.0
PS3_t2206,0.0
PS3_t2207,0.0
PS3_t2208,0.0
PS3_t2193,0.0
PS3_t2194,0.0
PS3_t2195,0.0
PS3_t2196,0.0
PS3_t2197,0.0
PS3_t2198,0.0
PS3_t2199,0.0
PS3_t2200,0.0
PS3_t2185,0.0
PS3_t2186,0.0
PS3_t2187,0.0
PS3_t2188,0.0
PS3_t2189,0.0
PS3_t2190,0.0
PS3_t2191,0.0
PS3_t2192,0.0
PS3_t2241,0.0
PS3_t2242,0.0
PS3_t2243,0.0
PS3_t2244,0.0
PS3_t2245,0.0
PS3_t2246,0.0
PS3_t2247,0.0
PS3_t2248,0.0
PS3_t2233,0.0
PS3_t2234,0.0
PS3_t2235,0.0
PS3_t2236,0.0
PS3_t2237,0.0
PS3_t2238,0.0
PS3_t2239,0.0
PS3_t2240,0.0
PS3_t2225,0.0
PS3_t2226,0.0
PS3_t2227,0.0
PS3_t2228,0.0
PS3_t2229,0.0
PS3_t2230,0.0
PS3_t2231,0.0
PS3_t2232,0.0
PS3_t2217,0.0
PS3_t2218,0.0
PS3_t2219,0.0
PS3_t2220,0.0
PS3_t2221,0.0
PS3_t2222,0.0
PS3_t2223,0.0
PS3_t2224,0.0
PS3_t2273,0.0
PS3_t2274,0.0
PS3_t2275,0.0
PS3_t2276,0.0
PS3_t2277,0.0
PS3_t2278,0.0
PS3_t2279,0.0
PS3_t2280,0.0
PS3_t2265,0.0
PS3_t2266,0.0
PS3_t2267,0.0
PS3_t2268,0.0
PS3_t2269,0.0
PS3_t2270,0.0
PS3_t2271,0.0
PS3_t2272,0.0
PS3_t2257,0.0
PS3_t2258,0.0
PS3_t2259,0.0
PS3_t2260,0.0
PS3_t2261,0.0
PS3_t2262,0.0
PS3_t2263,0.0
PS3_t2264,0.0
PS3_t2249,0.0
PS3_t2250,0.0
PS3_t2251,0.0
PS3_t2252,0.0
PS3_t2253,0.0
PS3_t2254,0.0
PS3_t2255,0.0
PS3_t2256,0.0
PS3_t2305,0.0
PS3_t2306,0.0
PS3_t2307,0.0
PS3_t2308,0.0
PS3_t2309,0.0
PS3_t2310,0.0
PS3_t2311,0.0
PS3_t2312,0.0
PS3_t2297,0.0
PS3_t2298,0.0
PS3_t2299,0.0
PS3_t2300,0.0
PS3_t2301,0.0
PS3_t2302,0.0
PS3_t2303,0.0
PS3_t2304,0.0
PS3_t2289,0.0
PS3_t2290,0.0
PS3_t2291,0.0
PS3_t2292,0.0
PS3_t2293,0.0
PS3_t2294,0.0
PS3_t2295,0.0
PS3_t2296,0.0
PS3_t2281,0.0
PS3_t2282,0.0
PS3_t2283,0.0
PS3_t2284,0.0
PS3_t2285,0.0
PS3_t2286,0.0
PS3_t2287,0.0
PS3_t2288,0.0
PS3_t2337,0.0
PS3_t2338,0.0
PS3_t2339,0.0
PS3_t2340,0.0
PS3_t2341,0.0
PS3_t2342,0.0
PS3_t2343,0.0
PS3_t2344,0.0
PS3_t2329,0.0
PS3_t2330,0.0
PS3_t2331,0.0
PS3_t2332,0.0
PS3_t2333,0.0
PS3_t2334,0.0
PS3_t2335,0.0
PS3_t2336,0.0
PS3_t2321,0.0
PS3_t2322,0.0
PS3_t2323,0.0
PS3_t2324,0.0
PS3_t2325,0.0
PS3_t2326,0.0
PS3_t2327,0.0
PS3_t2328,0.0
PS3_t2313,0.0
PS3_t2314,0.0
PS3_t2315,0.0
PS3_t2316,0.0
PS3_t2317,0.0
PS3_t2318,0.0
PS3_t2319,0.0
PS3_t2320,0.0
PS3_t2369,0.0
PS3_t2370,0.0
PS3_t2371,0.0
PS3_t2372,0.0
PS3_t2373,0.0
PS3_t2374,0.0
PS3_t2375,0.0
PS3_t2376,0.0
PS3_t2361,0.0
PS3_t2362,0.0
PS3_t2363,0.0
PS3_t2364,0.0
PS3_t2365,0.0
PS3_t2366,0.0
PS3_t2367,0.0
PS3_t2368,0.0
PS3_t2353,0.0
PS3_t2354,0.0
PS3_t2355,0.0
PS3_t2356,0.0
PS3_t2357,0.0
PS3_t2358,0.0
PS3_t2359,0.0
PS3_t2360,0.0
PS3_t2345,0.0
PS3_t2346,0.0
PS3_t2347,0.0
PS3_t2348,0.0
PS3_t2349,0.0
PS3_t2350,0.0
PS3_t2351,0.0
PS3_t2352,0.0
PS3_t2401,0.0
PS3_t2402,0.0
PS3_t2403,0.0
PS3_t2404,0.0
PS3_t2405,0.0
PS3_t2406,0.0
PS3_t2407,0.0
PS3_t2408,0.0
PS3_t2393,0.0
PS3_t2394,0.0
PS3_t2395,0.0
PS3_t2396,0.0
PS3_t2397,0.0
PS3_t2398,0.0
PS3_t2399,0.0
PS3_t2400,0.0
PS3_t2385,0.0
PS3_t2386,0.0
PS3_t2387,0.0
PS3_t2388,0.0
PS3_t2389,0.0
PS3_t2390,0.0
PS3_t2391,0.0
PS3_t2392,0.0
PS3_t2377,0.0
PS3_t2378,0.0
PS3_t2379,0.0
PS3_t2380,0.0
PS3_t2381,0.0
PS3_t2382,0.0
PS3_t2383,0.0
PS3_t2384,0.0
PS3_t2433,0.0
PS3_t2434,0.0
PS3_t2435,0.0
PS3_t2436,0.0
PS3_t2437,0.0
PS3_t2438,0.0
PS3_t2439,0.0
PS3_t2440,0.0
PS3_t2425,0.0
PS3_t2426,0.0
PS3_t2427,0.0
PS3_t2428,0.0
PS3_t2429,0.0
PS3_t2430,0.0
PS3_t2431,0.0
PS3_t2432,0.0
PS3_t2417,0.0
PS3_t2418,0.0
PS3_t2419,0.0
PS3_t2420,0.0
PS3_t2421,0.0
PS3_t2422,0.0
PS3_t2423,0.0
PS3_t2424,0.0
PS3_t2409,0.0
PS3_t2410,0.0
PS3_t2411,0.0
PS3_t2412,0.0
PS3_t2413,0.0
PS3_t2414,0.0
PS3_t2415,0.0
PS3_t2416,0.0
PS3_t2465,0.0
PS3_t2466,0.0
PS3_t2467,0.0
PS3_t2468,0.0
PS3_t2469,0.0
PS3_t2470,0.0
PS3_t2471,0.0
PS3_t2472,0.0
PS3_t2457,0.0
PS3_t2458,0.0
PS3_t2459,0.0
PS3_t2460,0.0
PS3_t2461,0.0
PS3_t2462,0.0
PS3_t2463,0.0
PS3_t2464,0.0
PS3_t2449,0.0
PS3_t2450,0.0
PS3_t2451,0.0
PS3_t2452,0.0
PS3_t2453,0.0
PS3_t2454,0.0
PS3_t2455,0.0
PS3_t2456,0.0
PS3_t2441,0.0
PS3_t2442,0.0
PS3_t2443,0.0
PS3_t2444,0.0
PS3_t2445,0.0
PS3_t2446,0.0
PS3_t2447,0.0
PS3_t2448,0.0
PS3_t2497,0.0
PS3_t2498,0.0
PS3_t2499,0.0
PS3_t2500,0.0
PS3_t2501,0.0
PS3_t2502,0.0
PS3_t2503,0.0
PS3_t2504,0.0
PS3_t2489,0.0
PS3_t2490,0.0
PS3_t2491,0.0
PS3_t2492,0.0
PS3_t2493,0.0
PS3_t2494,0.0
PS3_t2495,0.0
PS3_t2496,0.0
PS3_t2481,0.0
PS3_t2482,0.0
PS3_t2483,0.0
PS3_t2484,0.0
PS3_t2485,0.0
PS3_t2486,0.0
PS3_t2487,0.0
PS3_t2488,0.0
PS3_t2473,0.0
PS3_t2474,0.0
PS3_t2475,0.0
PS3_t2476,0.0
PS3_t2477,0.0
PS3_t2478,0.0
PS3_t2479,0.0
PS3_t2480,0.0
PS3_t2529,0.0
PS3_t2530,0.0
PS3_t2531,0.0
PS3_t2532,0.0
PS3_t2533,0.0
PS3_t2534,0.0
PS3_t2535,0.0
PS3_t2536,0.0
PS3_t2521,0.0
PS3_t2522,0.0
PS3_t2523,0.0
PS3_t2524,0.0
PS3_t2525,0.0
PS3_t2526,0.0
PS3_t2527,0.0
PS3_t2528,0.0
PS3_t2513,0.0
PS3_t2514,0.0
PS3_t2515,0.0
PS3_t2516,0.0
PS3_t2517,0.0
PS3_t2518,0.0
PS3_t2519,0.0
PS3_t2520,0.0
PS3_t2505,0.0
PS3_t2506,0.0
PS3_t2507,0.0
PS3_t2508,0.0
PS3_t2509,0.0
PS3_t2510,0.0
PS3_t2511,0.0
PS3_t2512,0.0
PS3_t2561,0.0
PS3_t2562,0.0
PS3_t2563,0.0
PS3_t2564,0.0
PS3_t2565,0.0
PS3_t2566,0.0
PS3_t2567,0.0
PS3_t2568,0.0
PS3_t2553,0.0
PS3_t2554,0.0
PS3_t2555,0.0
PS3_t2556,0.0
PS3_t2557,0.0
PS3_t2558,0.0
PS3_t2559,0.0
PS3_t2560,0.0
PS3_t2545,0.0
PS3_t2546,0.0
PS3_t2547,0.0
PS3_t2548,0.0
PS3_t2549,0.0
PS3_t2550,0.0
PS3_t2551,0.0
PS3_t2552,0.0
PS3_t2537,0.0
PS3_t2538,0.0
PS3_t2539,0.0
PS3_t2540,0.0
PS3_t2541,0.0
PS3_t2542,0.0
PS3_t2543,0.0
PS3_t2544,0.0
PS3_t2593,0.0
PS3_t2594,0.0
PS3_t2595,0.0
PS3_t2596,0.0
PS3_t2597,0.0
PS3_t2598,0.0
PS3_t2599,0.0
PS3_t2600,0.0
PS3_t2585,0.0
PS3_t2586,0.0
PS3_t2587,0.0
PS3_t2588,0.0
PS3_t2589,0.0
PS3_t2590,0.0
PS3_t2591,0.0
PS3_t2592,0.0
PS3_t2577,0.0
PS3_t2578,0.0
PS3_t2579,0.0
PS3_t2580,0.0
PS3_t2581,0.0
PS3_t2582,0.0
PS3_t2583,0.0
PS3_t2584,0.0
PS3_t2569,0.0
PS3_t2570,0.0
PS3_t2571,0.0
PS3_t2572,0.0
PS3_t2573,0.0
PS3_t2574,0.0
PS3_t2575,0.0
PS3_t2576,0.0
PS3_t2625,0.0
PS3_t2626,0.0
PS3_t2627,0.0
PS3_t2628,0.0
PS3_t2629,0.0
PS3_t2630,0.0
PS3_t2631,0.0
PS3_t2632,0.0
PS3_t2617,0.0
PS3_t2618,0.0
PS3_t2619,0.0
PS3_t2620,0.0
PS3_t2621,0.0
PS3_t2622,0.0
PS3_t2623,0.0
PS3_t2624,0.0
PS3_t2609,0.0
PS3_t2610,0.0
PS3_t2611,0.0
PS3_t2612,0.0
PS3_t2613,0.0
PS3_t2614,0.0
PS3_t2615,0.0
PS3_t2616,0.0
PS3_t2601,0.0
PS3_t2602,0.0
PS3_t2603,0.0
PS3_t2604,0.0
PS3_t2605,0.0
PS3_t2606,0.0
PS3_t2607,0.0
PS3_t2608,0.0
PS3_t2657,0.0
PS3_t2658,0.0
PS3_t2659,0.0
PS3_t2660,0.0
PS3_t2661,0.0
PS3_t2662,0.0
PS3_t2663,0.0
PS3_t2664,0.0
PS3_t2649,0.0
PS3_t2650,0.0
PS3_t2651,0.0
PS3_t2652,0.0
PS3_t2653,0.0
PS3_t2654,0.0
PS3_t2655,0.0
PS3_t2656,0.0
PS3_t2641,0.0
PS3_t2642,0.0
PS3_t2643,0.0
PS3_t2644,0.0
PS3_t2645,0.0
PS3_t2646,0.0
PS3_t2647,0.0
PS3_t2648,0.0
PS3_t2633,0.0
PS3_t2634,0.0
PS3_t2635,0.0
PS3_t2636,0.0
PS3_t2637,0.0
PS3_t2638,0.0
PS3_t2639,0.0
PS3_t2640,0.0
PS3_t2689,0.0
PS3_t2690,0.0
PS3_t2691,0.0
PS3_t2692,0.0
PS3_t2693,0.0
PS3_t2694,0.0
PS3_t2695,0.0
PS3_t2696,0.0
PS3_t2681,0.0
PS3_t2682,0.0
PS3_t2683,0.0
PS3_t2684,0.0
PS3_t2685,0.0
PS3_t2686,0.0
PS3_t2687,0.0
PS3_t2688,0.0
PS3_t2673,0.0
PS3_t2674,0.0
PS3_t2675,0.0
PS3_t2676,0.0
PS3_t2677,0.0
PS3_t2678,0.0
PS3_t2679,0.0
PS3_t2680,0.0
PS3_t2665,0.0
PS3_t2666,0.0
PS3_t2667,0.0
PS3_t2668,0.0
PS3_t2669,0.0
PS3_t2670,0.0
PS3_t2671,0.0
PS3_t2672,0.0
PS3_t2721,0.0
PS3_t2722,0.0
PS3_t2723,0.0
PS3_t2724,0.0
PS3_t2725,0.0
PS3_t2726,0.0
PS3_t2727,0.0
PS3_t2728,0.0
PS3_t2713,0.0
PS3_t2714,0.0
PS3_t2715,0.0
PS3_t2716,0.0
PS3_t2717,0.0
PS3_t2718,0.0
PS3_t2719,0.0
PS3_t2720,0.0
PS3_t2705,0.0
PS3_t2706,0.0
PS3_t2707,0.0
PS3_t2708,0.0
PS3_t2709,0.0
PS3_t2710,0.0
PS3_t2711,0.0
PS3_t2712,0.0
PS3_t2697,0.0
PS3_t2698,0.0
PS3_t2699,0.0
PS3_t2700,0.0
PS3_t2701,0.0
PS3_t2702,0.0
PS3_t2703,0.0
PS3_t2704,0.0
PS3_t2753,0.0
PS3_t2754,0.0
PS3_t2755,0.0
PS3_t2756,0.0
PS3_t2757,0.0
PS3_t2758,0.0
PS3_t2759,0.0
PS3_t2760,0.0
PS3_t2745,0.0
PS3_t2746,0.0
PS3_t2747,0.0
PS3_t2748,0.0
PS3_t2749,0.0
PS3_t2750,0.0
PS3_t2751,0.0
PS3_t2752,0.0
PS3_t2737,0.0
PS3_t2738,0.0
PS3_t2739,0.0
PS3_t2740,0.0
PS3_t2741,0.0
PS3_t2742,0.0
PS3_t2743,0.0
PS3_t2744,0.0
PS3_t2729,0.0
PS3_t2730,0.0
PS3_t2731,0.0
PS3_t2732,0.0
PS3_t2733,0.0
PS3_t2734,0.0
PS3_t2735,0.0
PS3_t2736,0.0
PS3_t2785,0.0
PS3_t2786,0.0
PS3_t2787,0.0
PS3_t2788,0.0
PS3_t2789,0.0
PS3_t2790,0.0
PS3_t2791,0.0
PS3_t2792,0.0
PS3_t2777,0.0
PS3_t2778,0.0
PS3_t2779,0.0
PS3_t2780,0.0
PS3_t2781,0.0
PS3_t2782,0.0
PS3_t2783,0.0
PS3_t2784,0.0
PS3_t2769,0.0
PS3_t2770,0.0
PS3_t2771,0.0
PS3_t2772,0.0
PS3_t2773,0.0
PS3_t2774,0.0
PS3_t2775,0.0
PS3_t2776,0.0
PS3_t2761,0.0
PS3_t2762,0.0
PS3_t2763,0.0
PS3_t2764,0.0
PS3_t2765,0.0
PS3_t2766,0.0
PS3_t2767,0.0
PS3_t2768,0.0
PS3_t2817,0.0
PS3_t2818,0.0
PS3_t2819,0.0
PS3_t2820,0.0
PS3_t2821,0.0
PS3_t2822,0.0
PS3_t2823,0.0
PS3_t2824,0.0
PS3_t2809,0.0
PS3_t2810,0.0
PS3_t2811,0.0
PS3_t2812,0.0
PS3_t2813,0.0
PS3_t2814,0.0
PS3_t2815,0.0
PS3_t2816,0.0
PS3_t2801,0.0
PS3_t2802,0.0
PS3_t2803,0.0
PS3_t2804,0.0
PS3_t2805,0.0
PS3_t2806,0.0
PS3_t2807,0.0
PS3_t2808,0.0
PS3_t2793,0.0
PS3_t2794,0.0
PS3_t2795,0.0
PS3_t2796,0.0
PS3_t2797,0.0
PS3_t2798,0.0
PS3_t2799,0.0
PS3_t2800,0.0
PS3_t2849,0.0
PS3_t2850,0.0
PS3_t2851,0.0
PS3_t2852,0.0
PS3_t2853,0.0
PS3_t2854,0.0
PS3_t2855,0.0
PS3_t2856,0.0
PS3_t2841,0.0
PS3_t2842,0.0
PS3_t2843,0.0
PS3_t2844,0.0
PS3_t2845,0.0
PS3_t2846,0.0
PS3_t2847,0.0
PS3_t2848,0.0
PS3_t2833,0.0
PS3_t2834,0.0
PS3_t2835,0.0
PS3_t2836,0.0
PS3_t2837,0.0
PS3_t2838,0.0
PS3_t2839,0.0
PS3_t2840,0.0
PS3_t2825,0.0
PS3_t2826,0.0
PS3_t2827,0.0
PS3_t2828,0.0
PS3_t2829,0.0
PS3_t2830,0.0
PS3_t2831,0.0
PS3_t2832,0.0
PS3_t2881,0.0
PS3_t2882,0.0
PS3_t2883,0.0
PS3_t2884,0.0
PS3_t2885,0.0
PS3_t2886,0.0
PS3_t2887,0.0
PS3_t2888,0.0
PS3_t2873,0.0
PS3_t2874,0.0
PS3_t2875,0.0
PS3_t2876,0.0
PS3_t2877,0.0
PS3_t2878,0.0
PS3_t2879,0.0
PS3_t2880,0.0
PS3_t2865,0.0
PS3_t2866,0.0
PS3_t2867,0.0
PS3_t2868,0.0
PS3_t2869,0.0
PS3_t2870,0.0
PS3_t2871,0.0
PS3_t2872,0.0
PS3_t2857,0.0
PS3_t2858,0.0
PS3_t2859,0.0
PS3_t2860,0.0
PS3_t2861,0.0
PS3_t2862,0.0
PS3_t2863,0.0
PS3_t2864,0.0
PS3_t2913,0.0
PS3_t2914,0.0
PS3_t2915,0.0
PS3_t2916,0.0
PS3_t2917,0.0
PS3_t2918,0.0
PS3_t2919,0.0
PS3_t2920,0.0
PS3_t2905,0.0
PS3_t2906,0.0
PS3_t2907,0.0
PS3_t2908,0.0
PS3_t2909,0.0
PS3_t2910,0.0
PS3_t2911,0.0
PS3_t2912,0.0
PS3_t2897,0.0
PS3_t2898,0.0
PS3_t2899,0.0
PS3_t2900,0.0
PS3_t2901,0.0
PS3_t2902,0.0
PS3_t2903,0.0
PS3_t2904,0.0
PS3_t2889,0.0
PS3_t2890,0.0
PS3_t2891,0.0
PS3_t2892,0.0
PS3_t2893,0.0
PS3_t2894,0.0
PS3_t2895,0.0
PS3_t2896,0.0
PS3_t2945,0.0
PS3_t2946,0.0
PS3_t2947,0.0
PS3_t2948,0.0
PS3_t2949,0.0
PS3_t2950,0.0
PS3_t2951,0.0
PS3_t2952,0.0
PS3_t2937,0.0
PS3_t2938,0.0
PS3_t2939,0.0
PS3_t2940,0.0
PS3_t2941,0.0
PS3_t2942,0.0
PS3_t2943,0.0
PS3_t2944,0.0
PS3_t2929,0.0
PS3_t2930,0.0
PS3_t2931,0.0
PS3_t2932,0.0
PS3_t2933,0.0
PS3_t2934,0.0
PS3_t2935,0.0
PS3_t2936,0.0
PS3_t2921,0.0
PS3_t2922,0.0
PS3_t2923,0.0
PS3_t2924,0.0
PS3_t2925,0.0
PS3_t2926,0.0
PS3_t2927,0.0
PS3_t2928,0.0
PS3_t2977,0.0
PS3_t2978,0.0
PS3_t2979,0.0
PS3_t2980,0.0
PS3_t2981,0.0
PS3_t2982,0.0
PS3_t2983,0.0
PS3_t2984,0.0
PS3_t2969,0.0
PS3_t2970,0.0
PS3_t2971,0.0
PS3_t2972,0.0
PS3_t2973,0.0
PS3_t2974,0.0
PS3_t2975,0.0
PS3_t2976,0.0
PS3_t2961,0.0
PS3_t2962,0.0
PS3_t2963,0.0
PS3_t2964,0.0
PS3_t2965,0.0
PS3_t2966,0.0
PS3_t2967,0.0
PS3_t2968,0.0
PS3_t2953,0.0
PS3_t2954,0.0
PS3_t2955,0.0
PS3_t2956,0.0
PS3_t2957,0.0
PS3_t2958,0.0
PS3_t2959,0.0
PS3_t2960,0.0
PS3_t3009,0.0
PS3_t3010,0.0
PS3_t3011,0.0
PS3_t3012,0.0
PS3_t3013,0.0
PS3_t3014,0.0
PS3_t3015,0.0
PS3_t3016,0.0
PS3_t3001,0.0
PS3_t3002,0.0
PS3_t3003,0.0
PS3_t3004,0.0
PS3_t3005,0.0
PS3_t3006,0.0
PS3_t3007,0.0
PS3_t3008,0.0
PS3_t2993,0.0
PS3_t2994,0.0
PS3_t2995,0.0
PS3_t2996,0.0
PS3_t2997,0.0
PS3_t2998,0.0
PS3_t2999,0.0
PS3_t3000,0.0
PS3_t2985,0.0
PS3_t2986,0.0
PS3_t2987,0.0
PS3_t2988,0.0
PS3_t2989,0.0
PS3_t2990,0.0
PS3_t2991,0.0
PS3_t2992,0.0
PS3_t3041,0.0
PS3_t3042,0.0
PS3_t3043,0.0
PS3_t3044,0.0
PS3_t3045,0.0
PS3_t3046,0.0
PS3_t3047,0.0
PS3_t3048,0.0
PS3_t3033,0.0
PS3_t3034,0.0
PS3_t3035,0.0
PS3_t3036,0.0
PS3_t3037,0.0
PS3_t3038,0.0
PS3_t3039,0.0
PS3_t3040,0.0
PS3_t3025,0.0
PS3_t3026,0.0
PS3_t3027,0.0
PS3_t3028,0.0
PS3_t3029,0.0
PS3_t3030,0.0
PS3_t3031,0.0
PS3_t3032,0.0
PS3_t3017,0.0
PS3_t3018,0.0
PS3_t3019,0.0
PS3_t3020,0.0
PS3_t3021,0.0
PS3_t3022,0.0
PS3_t3023,0.0
PS3_t3024,0.0
PS3_t3073,0.0
PS3_t3074,0.0
PS3_t3075,0.0
PS3_t3076,0.0
PS3_t3077,0.0
PS3_t3078,0.0
PS3_t3079,0.0
PS3_t3080,0.0
PS3_t3065,0.0
PS3_t3066,0.0
PS3_t3067,0.0
PS3_t3068,0.0
PS3_t3069,0.0
PS3_t3070,0.0
PS3_t3071,0.0
PS3_t3072,0.0
PS3_t3057,0.0
PS3_t3058,0.0
PS3_t3059,0.0
PS3_t3060,0.0
PS3_t3061,0.0
PS3_t3062,0.0
PS3_t3063,0.0
PS3_t3064,0.0
PS3_t3049,0.0
PS3_t3050,0.0
PS3_t3051,0.0
PS3_t3052,0.0
PS3_t3053,0.0
PS3_t3054,0.0
PS3_t3055,0.0
PS3_t3056,0.0
PS3_t3105,0.0
PS3_t3106,0.0
PS3_t3107,0.0
PS3_t3108,0.0
PS3_t3109,0.0
PS3_t3110,0.0
PS3_t3111,0.0
PS3_t3112,0.0
PS3_t3097,0.0
PS3_t3098,0.0
PS3_t3099,0.0
PS3_t3100,0.0
PS3_t3101,0.0
PS3_t3102,0.0
PS3_t3103,0.0
PS3_t3104,0.0
PS3_t3089,0.0
PS3_t3090,0.0
PS3_t3091,0.0
PS3_t3092,0.0
PS3_t3093,0.0
PS3_t3094,0.0
PS3_t3095,0.0
PS3_t3096,0.0
PS3_t3081,0.0
PS3_t3082,0.0
PS3_t3083,0.0
PS3_t3084,0.0
PS3_t3085,0.0
PS3_t3086,0.0
PS3_t3087,0.0
PS3_t3088,0.0
PS3_t3137,0.0
PS3_t3138,0.0
PS3_t3139,0.0
PS3_t3140,0.0
PS3_t3141,0.0
PS3_t3142,0.0
PS3_t3143,0.0
PS3_t3144,0.0
PS3_t3129,0.0
PS3_t3130,0.0
PS3_t3131,0.0
PS3_t3132,0.0
PS3_t3133,0.0
PS3_t3134,0.0
PS3_t3135,0.0
PS3_t3136,0.0
PS3_t3121,0.0
PS3_t3122,0.0
PS3_t3123,0.0
PS3_t3124,0.0
PS3_t3125,0.0
PS3_t3126,0.0
PS3_t3127,0.0
PS3_t3128,0.0
PS3_t3113,0.0
PS3_t3114,0.0
PS3_t3115,0.0
PS3_t3116,0.0
PS3_t3117,0.0
PS3_t3118,0.0
PS3_t3119,0.0
PS3_t3120,0.0
PS3_t3169,0.0
PS3_t3170,0.0
PS3_t3171,0.0
PS3_t3172,0.0
PS3_t3173,0.0
PS3_t3174,0.0
PS3_t3175,0.0
PS3_t3176,0.0
PS3_t3161,0.0
PS3_t3162,0.0
PS3_t3163,0.0
PS3_t3164,0.0
PS3_t3165,0.0
PS3_t3166,0.0
PS3_t3167,0.0
PS3_t3168,0.0
PS3_t3153,0.0
PS3_t3154,0.0
PS3_t3155,0.0
PS3_t3156,0.0
PS3_t3157,0.0
PS3_t3158,0.0
PS3_t3159,0.0
PS3_t3160,0.0
PS3_t3145,0.0
PS3_t3146,0.0
PS3_t3147,0.0
PS3_t3148,0.0
PS3_t3149,0.0
PS3_t3150,0.0
PS3_t3151,0.0
PS3_t3152,0.0
PS3_t3201,0.0
PS3_t3202,0.0
PS3_t3203,0.0
PS3_t3204,0.0
PS3_t3205,0.0
PS3_t3206,0.0
PS3_t3207,0.0
PS3_t3208,0.0
PS3_t3193,0.0
PS3_t3194,0.0
PS3_t3195,0.0
PS3_t3196,0.0
PS3_t3197,0.0
PS3_t3198,0.0
PS3_t3199,0.0
PS3_t3200,0.0
PS3_t3185,0.0
PS3_t3186,0.0
PS3_t3187,0.0
PS3_t3188,0.0
PS3_t3189,0.0
PS3_t3190,0.0
PS3_t3191,0.0
PS3_t3192,0.0
PS3_t3177,0.0
PS3_t3178,0.0
PS3_t3179,0.0
PS3_t3180,0.0
PS3_t3181,0.0
PS3_t3182,0.0
PS3_t3183,0.0
PS3_t3184,0.0
PS3_t3233,0.0
PS3_t3234,0.0
PS3_t3235,0.0
PS3_t3236,0.0
PS3_t3237,0.0
PS3_t3238,0.0
PS3_t3239,0.0
PS3_t3240,0.0
PS3_t3225,0.0
PS3_t3226,0.0
PS3_t3227,0.0
PS3_t3228,0.0
PS3_t3229,0.0
PS3_t3230,0.0
PS3_t3231,0.0
PS3_t3232,0.0
PS3_t3217,0.0
PS3_t3218,0.0
PS3_t3219,0.0
PS3_t3220,0.0
PS3_t3221,0.0
PS3_t3222,0.0
PS3_t3223,0.0
PS3_t3224,0.0
PS3_t3209,0.0
PS3_t3210,0.0
PS3_t3211,0.0
PS3_t3212,0.0
PS3_t3213,0.0
PS3_t3214,0.0
PS3_t3215,0.0
PS3_t3216,0.0
PS3_t3265,0.0
PS3_t3266,0.0
PS3_t3267,0.0
PS3_t3268,0.0
PS3_t3269,0.0
PS3_t3270,0.0
PS3_t3271,0.0
PS3_t3272,0.0
PS3_t3257,0.0
PS3_t3258,0.0
PS3_t3259,0.0
PS3_t3260,0.0
PS3_t3261,0.0
PS3_t3262,0.0
PS3_t3263,0.0
PS3_t3264,0.0
PS3_t3249,0.0
PS3_t3250,0.0
PS3_t3251,0.0
PS3_t3252,0.0
PS3_t3253,0.0
PS3_t3254,0.0
PS3_t3255,0.0
PS3_t3256,0.0
PS3_t3241,0.0
PS3_t3242,0.0
PS3_t3243,0.0
PS3_t3244,0.0
PS3_t3245,0.0
PS3_t3246,0.0
PS3_t3247,0.0
PS3_t3248,0.0
PS3_t3297,0.0
PS3_t3298,0.0
PS3_t3299,0.0
PS3_t3300,0.0
PS3_t3301,0.0
PS3_t3302,0.0
PS3_t3303,0.0
PS3_t3304,0.0
PS3_t3289,0.0
PS3_t3290,0.0
PS3_t3291,0.0
PS3_t3292,0.0
PS3_t3293,0.0
PS3_t3294,0.0
PS3_t3295,0.0
PS3_t3296,0.0
PS3_t3281,0.0
PS3_t3282,0.0
PS3_t3283,0.0
PS3_t3284,0.0
PS3_t3285,0.0
PS3_t3286,0.0
PS3_t3287,0.0
PS3_t3288,0.0
PS3_t3273,0.0
PS3_t3274,0.0
PS3_t3275,0.0
PS3_t3276,0.0
PS3_t3277,0.0
PS3_t3278,0.0
PS3_t3279,0.0
PS3_t3280,0.0
PS3_t3329,0.0
PS3_t3330,0.0
PS3_t3331,0.0
PS3_t3332,0.0
PS3_t3333,0.0
PS3_t3334,0.0
PS3_t3335,0.0
PS3_t3336,0.0
PS3_t3321,0.0
PS3_t3322,0.0
PS3_t3323,0.0
PS3_t3324,0.0
PS3_t3325,0.0
PS3_t3326,0.0
PS3_t3327,0.0
PS3_t3328,0.0
PS3_t3313,0.0
PS3_t3314,0.0
PS3_t3315,0.0
PS3_t3316,0.0
PS3_t3317,0.0
PS3_t3318,0.0
PS3_t3319,0.0
PS3_t3320,0.0
PS3_t3305,0.0
PS3_t3306,0.0
PS3_t3307,0.0
PS3_t3308,0.0
PS3_t3309,0.0
PS3_t3310,0.0
PS3_t3311,0.0
PS3_t3312,0.0
PS3_t3361,0.0
PS3_t3362,0.0
PS3_t3363,0.0
PS3_t3364,0.0
PS3_t3365,0.0
PS3_t3366,0.0
PS3_t3367,0.0
PS3_t3368,0.0
PS3_t3353,0.0
PS3_t3354,0.0
PS3_t3355,0.0
PS3_t3356,0.0
PS3_t3357,0.0
PS3_t3358,0.0
PS3_t3359,0.0
PS3_t3360,0.0
PS3_t3345,0.0
PS3_t3346,0.0
PS3_t3347,0.0
PS3_t3348,0.0
PS3_t3349,0.0
PS3_t3350,0.0
PS3_t3351,0.0
PS3_t3352,0.0
PS3_t3337,0.0
PS3_t3338,0.0
PS3_t3339,0.0
PS3_t3340,0.0
PS3_t3341,0.0
PS3_t3342,0.0
PS3_t3343,0.0
PS3_t3344,0.0
PS3_t3393,0.0
PS3_t3394,0.0
PS3_t3395,0.0
PS3_t3396,0.0
PS3_t3397,0.0
PS3_t3398,0.0
PS3_t3399,0.0
PS3_t3400,0.0
PS3_t3385,0.0
PS3_t3386,0.0
PS3_t3387,0.0
PS3_t3388,0.0
PS3_t3389,0.0
PS3_t3390,0.0
PS3_t3391,0.0
PS3_t3392,0.0
PS3_t3377,0.0
PS3_t3378,0.0
PS3_t3379,0.0
PS3_t3380,0.0
PS3_t3381,0.0
PS3_t3382,0.0
PS3_t3383,0.0
PS3_t3384,0.0
PS3_t3369,0.0
PS3_t3370,0.0
PS3_t3371,0.0
PS3_t3372,0.0
PS3_t3373,0.0
PS3_t3374,0.0
PS3_t3375,0.0
PS3_t3376,0.0
PS3_t3425,0.0
PS3_t3426,0.0
PS3_t3427,0.0
PS3_t3428,0.0
PS3_t3429,0.0
PS3_t3430,0.0
PS3_t3431,0.0
PS3_t3432,0.0
PS3_t3417,0.0
PS3_t3418,0.0
PS3_t3419,0.0
PS3_t3420,0.0
PS3_t3421,0.0
PS3_t3422,0.0
PS3_t3423,0.0
PS3_t3424,0.0
PS3_t3409,0.0
PS3_t3410,0.0
PS3_t3411,0.0
PS3_t3412,0.0
PS3_t3413,0.0
PS3_t3414,0.0
PS3_t3415,0.0
PS3_t3416,0.0
PS3_t3401,0.0
PS3_t3402,0.0
PS3_t3403,0.0
PS3_t3404,0.0
PS3_t3405,0.0
PS3_t3406,0.0
PS3_t3407,0.0
PS3_t3408,0.0
PS3_t3457,0.0
PS3_t3458,0.0
PS3_t3459,0.0
PS3_t3460,0.0
PS3_t3461,0.0
PS3_t3462,0.0
PS3_t3463,0.0
PS3_t3464,0.0
PS3_t3449,0.0
PS3_t3450,0.0
PS3_t3451,0.0
PS3_t3452,0.0
PS3_t3453,0.0
PS3_t3454,0.0
PS3_t3455,0.0
PS3_t3456,0.0
PS3_t3441,0.0
PS3_t3442,0.0
PS3_t3443,0.0
PS3_t3444,0.0
PS3_t3445,0.0
PS3_t3446,0.0
PS3_t3447,0.0
PS3_t3448,0.0
PS3_t3433,0.0
PS3_t3434,0.0
PS3_t3435,0.0
PS3_t3436,0.0
PS3_t3437,0.0
PS3_t3438,0.0
PS3_t3439,0.0
PS3_t3440,0.0
PS3_t3489,0.0
PS3_t3490,0.0
PS3_t3491,0.0
PS3_t3492,0.0
PS3_t3493,0.0
PS3_t3494,0.0
PS3_t3495,0.0
PS3_t3496,0.0
PS3_t3481,0.0
PS3_t3482,0.0
PS3_t3483,0.0
PS3_t3484,0.0
PS3_t3485,0.0
PS3_t3486,0.0
PS3_t3487,0.0
PS3_t3488,0.0
PS3_t3473,0.0
PS3_t3474,0.0
PS3_t3475,0.0
PS3_t3476,0.0
PS3_t3477,0.0
PS3_t3478,0.0
PS3_t3479,0.0
PS3_t3480,0.0
PS3_t3465,0.0
PS3_t3466,0.0
PS3_t3467,0.0
PS3_t3468,0.0
PS3_t3469,0.0
PS3_t3470,0.0
PS3_t3471,0.0
PS3_t3472,0.0
PS3_t3521,0.0
PS3_t3522,0.0
PS3_t3523,0.0
PS3_t3524,0.0
PS3_t3525,0.0
PS3_t3526,0.0
PS3_t3527,0.0
PS3_t3528,0.0
PS3_t3513,0.0
PS3_t3514,0.0
PS3_t3515,0.0
PS3_t3516,0.0
PS3_t3517,0.0
PS3_t3518,0.0
PS3_t3519,0.0
PS3_t3520,0.0
PS3_t3505,0.0
PS3_t3506,0.0
PS3_t3507,0.0
PS3_t3508,0.0
PS3_t3509,0.0
PS3_t3510,0.0
PS3_t3511,0.0
PS3_t3512,0.0
PS3_t3497,0.0
PS3_t3498,0.0
PS3_t3499,0.0
PS3_t3500,0.0
PS3_t3501,0.0
PS3_t3502,0.0
PS3_t3503,0.0
PS3_t3504,0.0
PS3_t3553,0.0
PS3_t3554,0.0
PS3_t3555,0.0
PS3_t3556,0.0
PS3_t3557,0.0
PS3_t3558,0.0
PS3_t3559,0.0
PS3_t3560,0.0
PS3_t3545,0.0
PS3_t3546,0.0
PS3_t3547,0.0
PS3_t3548,0.0
PS3_t3549,0.0
PS3_t3550,0.0
PS3_t3551,0.0
PS3_t3552,0.0
PS3_t3537,0.0
PS3_t3538,0.0
PS3_t3539,0.0
PS3_t3540,0.0
PS3_t3541,0.0
PS3_t3542,0.0
PS3_t3543,0.0
PS3_t3544,0.0
PS3_t3529,0.0
PS3_t3530,0.0
PS3_t3531,0.0
PS3_t3532,0.0
PS3_t3533,0.0
PS3_t3534,0.0
PS3_t3535,0.0
PS3_t3536,0.0
PS3_t3585,0.0
PS3_t3586,0.0
PS3_t3587,0.0
PS3_t3588,0.0
PS3_t3589,0.0
PS3_t3590,0.0
PS3_t3591,0.0
PS3_t3592,0.0
PS3_t3577,0.0
PS3_t3578,0.0
PS3_t3579,0.0
PS3_t3580,0.0
PS3_t3581,0.0
PS3_t3582,0.0
PS3_t3583,0.0
PS3_t3584,0.0
PS3_t3569,0.0
PS3_t3570,0.0
PS3_t3571,0.0
PS3_t3572,0.0
PS3_t3573,0.0
PS3_t3574,0.0
PS3_t3575,0.0
PS3_t3576,0.0
PS3_t3561,0.0
PS3_t3562,0.0
PS3_t3563,0.0
PS3_t3564,0.0
PS3_t3565,0.0
PS3_t3566,0.0
PS3_t3567,0.0
PS3_t3568,0.0
PS3_t3617,0.0
PS3_t3618,0.0
PS3_t3619,0.0
PS3_t3620,0.0
PS3_t3621,0.0
PS3_t3622,0.0
PS3_t3623,0.0
PS3_t3624,0.0
PS3_t3609,0.0
PS3_t3610,0.0
PS3_t3611,0.0
PS3_t3612,0.0
PS3_t3613,0.0
PS3_t3614,0.0
PS3_t3615,0.0
PS3_t3616,0.0
PS3_t3601,0.0
PS3_t3602,0.0
PS3_t3603,0.0
PS3_t3604,0.0
PS3_t3605,0.0
PS3_t3606,0.0
PS3_t3607,0.0
PS3_t3608,0.0
PS3_t3593,0.0
PS3_t3594,0.0
PS3_t3595,0.0
PS3_t3596,0.0
PS3_t3597,0.0
PS3_t3598,0.0
PS3_t3599,0.0
PS3_t3600,0.0
PS3_t3649,0.0
PS3_t3650,0.0
PS3_t3651,0.0
PS3_t3652,0.0
PS3_t3653,0.0
PS3_t3654,0.0
PS3_t3655,0.0
PS3_t3656,0.0
PS3_t3641,0.0
PS3_t3642,0.0
PS3_t3643,0.0
PS3_t3644,0.0
PS3_t3645,0.0
PS3_t3646,0.0
PS3_t3647,0.0
PS3_t3648,0.0
PS3_t3633,0.0
PS3_t3634,0.0
PS3_t3635,0.0
PS3_t3636,0.0
PS3_t3637,0.0
PS3_t3638,0.0
PS3_t3639,0.0
PS3_t3640,0.0
PS3_t3625,0.0
PS3_t3626,0.0
PS3_t3627,0.0
PS3_t3628,0.0
PS3_t3629,0.0
PS3_t3630,0.0
PS3_t3631,0.0
PS3_t3632,0.0
PS3_t3681,0.0
PS3_t3682,0.0
PS3_t3683,0.0
PS3_t3684,0.0
PS3_t3685,0.0
PS3_t3686,0.0
PS3_t3687,0.0
PS3_t3688,0.0
PS3_t3673,0.0
PS3_t3674,0.0
PS3_t3675,0.0
PS3_t3676,0.0
PS3_t3677,0.0
PS3_t3678,0.0
PS3_t3679,0.0
PS3_t3680,0.0
PS3_t3665,0.0
PS3_t3666,0.0
PS3_t3667,0.0
PS3_t3668,0.0
PS3_t3669,0.0
PS3_t3670,0.0
PS3_t3671,0.0
PS3_t3672,0.0
PS3_t3657,0.0
PS3_t3658,0.0
PS3_t3659,0.0
PS3_t3660,0.0
PS3_t3661,0.0
PS3_t3662,0.0
PS3_t3663,0.0
PS3_t3664,0.0
PS3_t3713,0.0
PS3_t3714,0.0
PS3_t3715,0.0
PS3_t3716,0.0
PS3_t3717,0.0
PS3_t3718,0.0
PS3_t3719,0.0
PS3_t3720,0.0
PS3_t3705,0.0
PS3_t3706,0.0
PS3_t3707,0.0
PS3_t3708,0.0
PS3_t3709,0.0
PS3_t3710,0.0
PS3_t3711,0.0
PS3_t3712,0.0
PS3_t3697,0.0
PS3_t3698,0.0
PS3_t3699,0.0
PS3_t3700,0.0
PS3_t3701,0.0
PS3_t3702,0.0
PS3_t3703,0.0
PS3_t3704,0.0
PS3_t3689,0.0
PS3_t3690,0.0
PS3_t3691,0.0
PS3_t3692,0.0
PS3_t3693,0.0
PS3_t3694,0.0
PS3_t3695,0.0
PS3_t3696,0.0
PS3_t3745,0.0
PS3_t3746,0.0
PS3_t3747,0.0
PS3_t3748,0.0
PS3_t3749,0.0
PS3_t3750,0.0
PS3_t3751,0.0
PS3_t3752,0.0
PS3_t3737,0.0
PS3_t3738,0.0
PS3_t3739,0.0
PS3_t3740,0.0
PS3_t3741,0.0
PS3_t3742,0.0
PS3_t3743,0.0
PS3_t3744,0.0
PS3_t3729,0.0
PS3_t3730,0.0
PS3_t3731,0.0
PS3_t3732,0.0
PS3_t3733,0.0
PS3_t3734,0.0
PS3_t3735,0.0
PS3_t3736,0.0
PS3_t3721,0.0
PS3_t3722,0.0
PS3_t3723,0.0
PS3_t3724,0.0
PS3_t3725,0.0
PS3_t3726,0.0
PS3_t3727,0.0
PS3_t3728,0.0
PS3_t3777,0.0
PS3_t3778,0.0
PS3_t3779,0.0
PS3_t3780,0.0
PS3_t3781,0.0
PS3_t3782,0.0
PS3_t3783,0.0
PS3_t3784,0.0
PS3_t3769,0.0
PS3_t3770,0.0
PS3_t3771,0.0
PS3_t3772,0.0
PS3_t3773,0.0
PS3_t3774,0.0
PS3_t3775,0.0
PS3_t3776,0.0
PS3_t3761,0.0
PS3_t3762,0.0
PS3_t3763,0.0
PS3_t3764,0.0
PS3_t3765,0.0
PS3_t3766,0.0
PS3_t3767,0.0
PS3_t3768,0.0
PS3_t3753,0.0
PS3_t3754,0.0
PS3_t3755,0.0
PS3_t3756,0.0
PS3_t3757,0.0
PS3_t3758,0.0
PS3_t3759,0.0
PS3_t3760,0.0
PS3_t3809,0.0
PS3_t3810,0.0
PS3_t3811,0.0
PS3_t3812,0.0
PS3_t3813,0.0
PS3_t3814,0.0
PS3_t3815,0.0
PS3_t3816,0.0
PS3_t3801,0.0
PS3_t3802,0.0
PS3_t3803,0.0
PS3_t3804,0.0
PS3_t3805,0.0
PS3_t3806,0.0
PS3_t3807,0.0
PS3_t3808,0.0
PS3_t3793,0.0
PS3_t3794,0.0
PS3_t3795,0.0
PS3_t3796,0.0
PS3_t3797,0.0
PS3_t3798,0.0
PS3_t3799,0.0
PS3_t3800,0.0
PS3_t3785,0.0
PS3_t3786,0.0
PS3_t3787,0.0
PS3_t3788,0.0
PS3_t3789,0.0
PS3_t3790,0.0
PS3_t3791,0.0
PS3_t3792,0.0
PS3_t3841,0.0
PS3_t3842,0.0
PS3_t3843,0.0
PS3_t3844,0.0
PS3_t3845,0.0
PS3_t3846,0.0
PS3_t3847,0.0
PS3_t3848,0.0
PS3_t3833,0.0
PS3_t3834,0.0
PS3_t3835,0.0
PS3_t3836,0.0
PS3_t3837,0.0
PS3_t3838,0.0
PS3_t3839,0.0
PS3_t3840,0.0
PS3_t3825,0.0
PS3_t3826,0.0
PS3_t3827,0.0
PS3_t3828,0.0
PS3_t3829,0.0
PS3_t3830,0.0
PS3_t3831,0.0
PS3_t3832,0.0
PS3_t3817,0.0
PS3_t3818,0.0
PS3_t3819,0.0
PS3_t3820,0.0
PS3_t3821,0.0
PS3_t3822,0.0
PS3_t3823,0.0
PS3_t3824,0.0
PS3_t3873,0.0
PS3_t3874,0.0
PS3_t3875,0.0
PS3_t3876,0.0
PS3_t3877,0.0
PS3_t3878,0.0
PS3_t3879,0.0
PS3_t3880,0.0
PS3_t3865,0.0
PS3_t3866,0.0
PS3_t3867,0.0
PS3_t3868,0.0
PS3_t3869,0.0
PS3_t3870,0.0
PS3_t3871,0.0
PS3_t3872,0.0
PS3_t3857,0.0
PS3_t3858,0.0
PS3_t3859,0.0
PS3_t3860,0.0
PS3_t3861,0.0
PS3_t3862,0.0
PS3_t3863,0.0
PS3_t3864,0.0
PS3_t3849,0.0
PS3_t3850,0.0
PS3_t3851,0.0
PS3_t3852,0.0
PS3_t3853,0.0
PS3_t3854,0.0
PS3_t3855,0.0
PS3_t3856,0.0
PS3_t3905,0.0
PS3_t3906,0.0
PS3_t3907,0.0
PS3_t3908,0.0
PS3_t3909,0.0
PS3_t3910,0.0
PS3_t3911,0.0
PS3_t3912,0.0
PS3_t3897,0.0
PS3_t3898,0.0
PS3_t3899,0.0
PS3_t3900,0.0
PS3_t3901,0.0
PS3_t3902,0.0
PS3_t3903,0.0
PS3_t3904,0.0
PS3_t3889,0.0
PS3_t3890,0.0
PS3_t3891,0.0
PS3_t3892,0.0
PS3_t3893,0.0
PS3_t3894,0.0
PS3_t3895,0.0
PS3_t3896,0.0
PS3_t3881,0.0
PS3_t3882,0.0
PS3_t3883,0.0
PS3_t3884,0.0
PS3_t3885,0.0
PS3_t3886,0.0
PS3_t3887,0.0
PS3_t3888,0.0
PS3_t3937,0.0
PS3_t3938,0.0
PS3_t3939,0.0
PS3_t3940,0.0
PS3_t3941,0.0
PS3_t3942,0.0
PS3_t3943,0.0
PS3_t3944,0.0
PS3_t3929,0.0
PS3_t3930,0.0
PS3_t3931,0.0
PS3_t3932,0.0
PS3_t3933,0.0
PS3_t3934,0.0
PS3_t3935,0.0
PS3_t3936,0.0
PS3_t3921,0.0
PS3_t3922,0.0
PS3_t3923,0.0
PS3_t3924,0.0
PS3_t3925,0.0
PS3_t3926,0.0
PS3_t3927,0.0
PS3_t3928,0.0
PS3_t3913,0.0
PS3_t3914,0.0
PS3_t3915,0.0
PS3_t3916,0.0
PS3_t3917,0.0
PS3_t3918,0.0
PS3_t3919,0.0
PS3_t3920,0.0
PS3_t3969,0.0
PS3_t3970,0.0
PS3_t3971,0.0
PS3_t3972,0.0
PS3_t3973,0.0
PS3_t3974,0.0
PS3_t3975,0.0
PS3_t3976,0.0
PS3_t3961,0.0
PS3_t3962,0.0
PS3_t3963,0.0
PS3_t3964,0.0
PS3_t3965,0.0
PS3_t3966,0.0
PS3_t3967,0.0
PS3_t3968,0.0
PS3_t3953,0.0
PS3_t3954,0.0
PS3_t3955,0.0
PS3_t3956,0.0
PS3_t3957,0.0
PS3_t3958,0.0
PS3_t3959,0.0
PS3_t3960,0.0
PS3_t3945,0.0
PS3_t3946,0.0
PS3_t3947,0.0
PS3_t3948,0.0
PS3_t3949,0.0
PS3_t3950,0.0
PS3_t3951,0.0
PS3_t3952,0.0
PS3_t4001,0.0
PS3_t4002,0.0
PS3_t4003,0.0
PS3_t4004,0.0
PS3_t4005,0.0
PS3_t4006,0.0
PS3_t4007,0.0
PS3_t4008,0.0
PS3_t3993,0.0
PS3_t3994,0.0
PS3_t3995,0.0
PS3_t3996,0.0
PS3_t3997,0.0
PS3_t3998,0.0
PS3_t3999,0.0
PS3_t4000,0.0
PS3_t3985,0.0
PS3_t3986,0.0
PS3_t3987,0.0
PS3_t3988,0.0
PS3_t3989,0.0
PS3_t3990,0.0
PS3_t3991,0.0
PS3_t3992,0.0
PS3_t3977,0.0
PS3_t3978,0.0
PS3_t3979,0.0
PS3_t3980,0.0
PS3_t3981,0.0
PS3_t3982,0.0
PS3_t3983,0.0
PS3_t3984,0.0
PS3_t4033,0.0
PS3_t4034,0.0
PS3_t4035,0.0
PS3_t4036,0.0
PS3_t4037,0.0
PS3_t4038,0.0
PS3_t4039,0.0
PS3_t4040,0.0
PS3_t4025,0.0
PS3_t4026,0.0
PS3_t4027,0.0
PS3_t4028,0.0
PS3_t4029,0.0
PS3_t4030,0.0
PS3_t4031,0.0
PS3_t4032,0.0
PS3_t4017,0.0
PS3_t4018,0.0
PS3_t4019,0.0
PS3_t4020,0.0
PS3_t4021,0.0
PS3_t4022,0.0
PS3_t4023,0.0
PS3_t4024,0.0
PS3_t4009,0.0
PS3_t4010,0.0
PS3_t4011,0.0
PS3_t4012,0.0
PS3_t4013,0.0
PS3_t4014,0.0
PS3_t4015,0.0
PS3_t4016,0.0
PS3_t4065,0.0
PS3_t4066,0.0
PS3_t4067,0.0
PS3_t4068,0.0
PS3_t4069,0.0
PS3_t4070,0.0
PS3_t4071,0.0
PS3_t4072,0.0
PS3_t4057,0.0
PS3_t4058,0.0
PS3_t4059,0.0
PS3_t4060,0.0
PS3_t4061,0.0
PS3_t4062,0.0
PS3_t4063,0.0
PS3_t4064,0.0
PS3_t4049,0.0
PS3_t4050,0.0
PS3_t4051,0.0
PS3_t4052,0.0
PS3_t4053,0.0
PS3_t4054,0.0
PS3_t4055,0.0
PS3_t4056,0.0
PS3_t4041,0.0
PS3_t4042,0.0
PS3_t4043,0.0
PS3_t4044,0.0
PS3_t4045,0.0
PS3_t4046,0.0
PS3_t4047,0.0
PS3_t4048,0.0
PS3_t4097,0.0
PS3_t4098,0.0
PS3_t4099,0.0
PS3_t4100,0.0
PS3_t4101,0.0
PS3_t4102,0.0
PS3_t4103,0.0
PS3_t4104,0.0
PS3_t4089,0.0
PS3_t4090,0.0
PS3_t4091,0.0
PS3_t4092,0.0
PS3_t4093,0.0
PS3_t4094,0.0
PS3_t4095,0.0
PS3_t4096,0.0
PS3_t4081,0.0
PS3_t4082,0.0
PS3_t4083,0.0
PS3_t4084,0.0
PS3_t4085,0.0
PS3_t4086,0.0
PS3_t4087,0.0
PS3_t4088,0.0
PS3_t4073,0.0
PS3_t4074,0.0
PS3_t4075,0.0
PS3_t4076,0.0
PS3_t4077,0.0
PS3_t4078,0.0
PS3_t4079,0.0
PS3_t4080,0.0
PS3_t4129,0.0
PS3_t4130,0.0
PS3_t4131,0.0
PS3_t4132,0.0
PS3_t4133,0.0
PS3_t4134,0.0
PS3_t4135,0.0
PS3_t4136,0.0
PS3_t4121,0.0
PS3_t4122,0.0
PS3_t4123,0.0
PS3_t4124,0.0
PS3_t4125,0.0
PS3_t4126,0.0
PS3_t4127,0.0
PS3_t4128,0.0
PS3_t4113,0.0
PS3_t4114,0.0
PS3_t4115,0.0
PS3_t4116,0.0
PS3_t4117,0.0
PS3_t4118,0.0
PS3_t4119,0.0
PS3_t4120,0.0
PS3_t4105,0.0
PS3_t4106,0.0
PS3_t4107,0.0
PS3_t4108,0.0
PS3_t4109,0.0
PS3_t4110,0.0
PS3_t4111,0.0
PS3_t4112,0.0
PS3_t4161,0.0
PS3_t4162,0.0
PS3_t4163,0.0
PS3_t4164,0.0
PS3_t4165,0.0
PS3_t4166,0.0
PS3_t4167,0.0
PS3_t4168,0.0
PS3_t4153,0.0
PS3_t4154,0.0
PS3_t4155,0.0
PS3_t4156,0.0
PS3_t4157,0.0
PS3_t4158,0.0
PS3_t4159,0.0
PS3_t4160,0.0
PS3_t4145,0.0
PS3_t4146,0.0
PS3_t4147,0.0
PS3_t4148,0.0
PS3_t4149,0.0
PS3_t4150,0.0
PS3_t4151,0.0
PS3_t4152,0.0
PS3_t4137,0.0
PS3_t4138,0.0
PS3_t4139,0.0
PS3_t4140,0.0
PS3_t4141,0.0
PS3_t4142,0.0
PS3_t4143,0.0
PS3_t4144,0.0
PS3_t4193,0.0
PS3_t4194,0.0
PS3_t4195,0.0
PS3_t4196,0.0
PS3_t4197,0.0
PS3_t4198,0.0
PS3_t4199,0.0
PS3_t4200,0.0
PS3_t4185,0.0
PS3_t4186,0.0
PS3_t4187,0.0
PS3_t4188,0.0
PS3_t4189,0.0
PS3_t4190,0.0
PS3_t4191,0.0
PS3_t4192,0.0
PS3_t4177,0.0
PS3_t4178,0.0
PS3_t4179,0.0
PS3_t4180,0.0
PS3_t4181,0.0
PS3_t4182,0.0
PS3_t4183,0.0
PS3_t4184,0.0
PS3_t4169,0.0
PS3_t4170,0.0
PS3_t4171,0.0
PS3_t4172,0.0
PS3_t4173,0.0
PS3_t4174,0.0
PS3_t4175,0.0
PS3_t4176,0.0
PS3_t4225,0.0
PS3_t4226,0.0
PS3_t4227,0.0
PS3_t4228,0.0
PS3_t4229,0.0
PS3_t4230,0.0
PS3_t4231,0.0
PS3_t4232,0.0
PS3_t4217,0.0
PS3_t4218,0.0
PS3_t4219,0.0
PS3_t4220,0.0
PS3_t4221,0.0
PS3_t4222,0.0
PS3_t4223,0.0
PS3_t4224,0.0
PS3_t4209,0.0
PS3_t4210,0.0
PS3_t4211,0.0
PS3_t4212,0.0
PS3_t4213,0.0
PS3_t4214,0.0
PS3_t4215,0.0
PS3_t4216,0.0
PS3_t4201,0.0
PS3_t4202,0.0
PS3_t4203,0.0
PS3_t4204,0.0
PS3_t4205,0.0
PS3_t4206,0.0
PS3_t4207,0.0
PS3_t4208,0.0
PS3_t4257,0.0
PS3_t4258,0.0
PS3_t4259,0.0
PS3_t4260,0.0
PS3_t4261,0.0
PS3_t4262,0.0
PS3_t4263,0.0
PS3_t4264,0.0
PS3_t4249,0.0
PS3_t4250,0.0
PS3_t4251,0.0
PS3_t4252,0.0
PS3_t4253,0.0
PS3_t4254,0.0
PS3_t4255,0.0
PS3_t4256,0.0
PS3_t4241,0.0
PS3_t4242,0.0
PS3_t4243,0.0
PS3_t4244,0.0
PS3_t4245,0.0
PS3_t4246,0.0
PS3_t4247,0.0
PS3_t4248,0.0
PS3_t4233,0.0
PS3_t4234,0.0
PS3_t4235,0.0
PS3_t4236,0.0
PS3_t4237,0.0
PS3_t4238,0.0
PS3_t4239,0.0
PS3_t4240,0.0
PS3_t4289,0.0
PS3_t4290,0.0
PS3_t4291,0.0
PS3_t4292,0.0
PS3_t4293,0.0
PS3_t4294,0.0
PS3_t4295,0.0
PS3_t4296,0.0
PS3_t4281,0.0
PS3_t4282,0.0
PS3_t4283,0.0
PS3_t4284,0.0
PS3_t4285,0.0
PS3_t4286,0.0
PS3_t4287,0.0
PS3_t4288,0.0
PS3_t4273,0.0
PS3_t4274,0.0
PS3_t4275,0.0
PS3_t4276,0.0
PS3_t4277,0.0
PS3_t4278,0.0
PS3_t4279,0.0
PS3_t4280,0.0
PS3_t4265,0.0
PS3_t4266,0.0
PS3_t4267,0.0
PS3_t4268,0.0
PS3_t4269,0.0
PS3_t4270,0.0
PS3_t4271,0.0
PS3_t4272,0.0
PS3_t4321,0.0
PS3_t4322,0.0
PS3_t4323,0.0
PS3_t4324,0.0
PS3_t4325,0.0
PS3_t4326,0.0
PS3_t4327,0.0
PS3_t4328,0.0
PS3_t4313,0.0
PS3_t4314,0.0
PS3_t4315,0.0
PS3_t4316,0.0
PS3_t4317,0.0
PS3_t4318,0.0
PS3_t4319,0.0
PS3_t4320,0.0
PS3_t4305,0.0
PS3_t4306,0.0
PS3_t4307,0.0
PS3_t4308,0.0
PS3_t4309,0.0
PS3_t4310,0.0
PS3_t4311,0.0
PS3_t4312,0.0
PS3_t4297,0.0
PS3_t4298,0.0
PS3_t4299,0.0
PS3_t4300,0.0
PS3_t4301,0.0
PS3_t4302,0.0
PS3_t4303,0.0
PS3_t4304,0.0
PS3_t4353,0.0
PS3_t4354,0.0
PS3_t4355,0.0
PS3_t4356,0.0
PS3_t4357,0.0
PS3_t4358,0.0
PS3_t4359,0.0
PS3_t4360,0.0
PS3_t4345,0.0
PS3_t4346,0.0
PS3_t4347,0.0
PS3_t4348,0.0
PS3_t4349,0.0
PS3_t4350,0.0
PS3_t4351,0.0
PS3_t4352,0.0
PS3_t4337,0.0
PS3_t4338,0.0
PS3_t4339,0.0
PS3_t4340,0.0
PS3_t4341,0.0
PS3_t4342,0.0
PS3_t4343,0.0
PS3_t4344,0.0
PS3_t4329,0.0
PS3_t4330,0.0
PS3_t4331,0.0
PS3_t4332,0.0
PS3_t4333,0.0
PS3_t4334,0.0
PS3_t4335,0.0
PS3_t4336,0.0
PS3_t4385,0.0
PS3_t4386,0.0
PS3_t4387,0.0
PS3_t4388,0.0
PS3_t4389,0.0
PS3_t4390,0.0
PS3_t4391,0.0
PS3_t4392,0.0
PS3_t4377,0.0
PS3_t4378,0.0
PS3_t4379,0.0
PS3_t4380,0.0
PS3_t4381,0.0
PS3_t4382,0.0
PS3_t4383,0.0
PS3_t4384,0.0
PS3_t4369,0.0
PS3_t4370,0.0
PS3_t4371,0.0
PS3_t4372,0.0
PS3_t4373,0.0
PS3_t4374,0.0
PS3_t4375,0.0
PS3_t4376,0.0
PS3_t4361,0.0
PS3_t4362,0.0
PS3_t4363,0.0
PS3_t4364,0.0
PS3_t4365,0.0
PS3_t4366,0.0
PS3_t4367,0.0
PS3_t4368,0.0
PS3_t4417,0.0
PS3_t4418,0.0
PS3_t4419,0.0
PS3_t4420,0.0
PS3_t4421,0.0
PS3_t4422,0.0
PS3_t4423,0.0
PS3_t4424,0.0
PS3_t4409,0.0
PS3_t4410,0.0
PS3_t4411,0.0
PS3_t4412,0.0
PS3_t4413,0.0
PS3_t4414,0.0
PS3_t4415,0.0
PS3_t4416,0.0
PS3_t4401,0.0
PS3_t4402,0.0
PS3_t4403,0.0
PS3_t4404,0.0
PS3_t4405,0.0
PS3_t4406,0.0
PS3_t4407,0.0
PS3_t4408,0.0
PS3_t4393,0.0
PS3_t4394,0.0
PS3_t4395,0.0
PS3_t4396,0.0
PS3_t4397,0.0
PS3_t4398,0.0
PS3_t4399,0.0
PS3_t4400,0.0
PS3_t4449,0.0
PS3_t4450,0.0
PS3_t4451,0.0
PS3_t4452,0.0
PS3_t4453,0.0
PS3_t4454,0.0
PS3_t4455,0.0
PS3_t4456,0.0
PS3_t4441,0.0
PS3_t4442,0.0
PS3_t4443,0.0
PS3_t4444,0.0
PS3_t4445,0.0
PS3_t4446,0.0
PS3_t4447,0.0
PS3_t4448,0.0
PS3_t4433,0.0
PS3_t4434,0.0
PS3_t4435,0.0
PS3_t4436,0.0
PS3_t4437,0.0
PS3_t4438,0.0
PS3_t4439,0.0
PS3_t4440,0.0
PS3_t4425,0.0
PS3_t4426,0.0
PS3_t4427,0.0
PS3_t4428,0.0
PS3_t4429,0.0
PS3_t4430,0.0
PS3_t4431,0.0
PS3_t4432,0.0
PS3_t4481,0.0
PS3_t4482,0.0
PS3_t4483,0.0
PS3_t4484,0.0
PS3_t4485,0.0
PS3_t4486,0.0
PS3_t4487,0.0
PS3_t4488,0.0
PS3_t4473,0.0
PS3_t4474,0.0
PS3_t4475,0.0
PS3_t4476,0.0
PS3_t4477,0.0
PS3_t4478,0.0
PS3_t4479,0.0
PS3_t4480,0.0
PS3_t4465,0.0
PS3_t4466,0.0
PS3_t4467,0.0
PS3_t4468,0.0
PS3_t4469,0.0
PS3_t4470,0.0
PS3_t4471,0.0
PS3_t4472,0.0
PS3_t4457,0.0
PS3_t4458,0.0
PS3_t4459,0.0
PS3_t4460,0.0
PS3_t4461,0.0
PS3_t4462,0.0
PS3_t4463,0.0
PS3_t4464,0.0
PS3_t4513,0.0
PS3_t4514,0.0
PS3_t4515,0.0
PS3_t4516,0.0
PS3_t4517,0.0
PS3_t4518,0.0
PS3_t4519,0.0
PS3_t4520,0.0
PS3_t4505,0.0
PS3_t4506,0.0
PS3_t4507,0.0
PS3_t4508,0.0
PS3_t4509,0.0
PS3_t4510,0.0
PS3_t4511,0.0
PS3_t4512,0.0
PS3_t4497,0.0
PS3_t4498,0.0
PS3_t4499,0.0
PS3_t4500,0.0
PS3_t4501,0.0
PS3_t4502,0.0
PS3_t4503,0.0
PS3_t4504,0.0
PS3_t4489,0.0
PS3_t4490,0.0
PS3_t4491,0.0
PS3_t4492,0.0
PS3_t4493,0.0
PS3_t4494,0.0
PS3_t4495,0.0
PS3_t4496,0.0
PS3_t4545,0.0
PS3_t4546,0.0
PS3_t4547,0.0
PS3_t4548,0.0
PS3_t4549,0.0
PS3_t4550,0.0
PS3_t4551,0.0
PS3_t4552,0.0
PS3_t4537,0.0
PS3_t4538,0.0
PS3_t4539,0.0
PS3_t4540,0.0
PS3_t4541,0.0
PS3_t4542,0.0
PS3_t4543,0.0
PS3_t4544,0.0
PS3_t4529,0.0
PS3_t4530,0.0
PS3_t4531,0.0
PS3_t4532,0.0
PS3_t4533,0.0
PS3_t4534,0.0
PS3_t4535,0.0
PS3_t4536,0.0
PS3_t4521,0.0
PS3_t4522,0.0
PS3_t4523,0.0
PS3_t4524,0.0
PS3_t4525,0.0
PS3_t4526,0.0
PS3_t4527,0.0
PS3_t4528,0.0
PS3_t4577,0.0
PS3_t4578,0.0
PS3_t4579,0.0
PS3_t4580,0.0
PS3_t4581,0.0
PS3_t4582,0.0
PS3_t4583,0.0
PS3_t4584,0.0
PS3_t4569,0.0
PS3_t4570,0.0
PS3_t4571,0.0
PS3_t4572,0.0
PS3_t4573,0.0
PS3_t4574,0.0
PS3_t4575,0.0
PS3_t4576,0.0
PS3_t4561,0.0
PS3_t4562,0.0
PS3_t4563,0.0
PS3_t4564,0.0
PS3_t4565,0.0
PS3_t4566,0.0
PS3_t4567,0.0
PS3_t4568,0.0
PS3_t4553,0.0
PS3_t4554,0.0
PS3_t4555,0.0
PS3_t4556,0.0
PS3_t4557,0.0
PS3_t4558,0.0
PS3_t4559,0.0
PS3_t4560,0.0
PS3_t4609,0.0
PS3_t4610,0.0
PS3_t4611,0.0
PS3_t4612,0.0
PS3_t4613,0.0
PS3_t4614,0.0
PS3_t4615,0.0
PS3_t4616,0.0
PS3_t4601,0.0
PS3_t4602,0.0
PS3_t4603,0.0
PS3_t4604,0.0
PS3_t4605,0.0
PS3_t4606,0.0
PS3_t4607,0.0
PS3_t4608,0.0
PS3_t4593,0.0
PS3_t4594,0.0
PS3_t4595,0.0
PS3_t4596,0.0
PS3_t4597,0.0
PS3_t4598,0.0
PS3_t4599,0.0
PS3_t4600,0.0
PS3_t4585,0.0
PS3_t4586,0.0
PS3_t4587,0.0
PS3_t4588,0.0
PS3_t4589,0.0
PS3_t4590,0.0
PS3_t4591,0.0
PS3_t4592,0.0
PS3_t4641,0.0
PS3_t4642,0.0
PS3_t4643,0.0
PS3_t4644,0.0
PS3_t4645,0.0
PS3_t4646,0.0
PS3_t4647,0.0
PS3_t4648,0.0
PS3_t4633,0.0
PS3_t4634,0.0
PS3_t4635,0.0
PS3_t4636,0.0
PS3_t4637,0.0
PS3_t4638,0.0
PS3_t4639,0.0
PS3_t4640,0.0
PS3_t4625,0.0
PS3_t4626,0.0
PS3_t4627,0.0
PS3_t4628,0.0
PS3_t4629,0.0
PS3_t4630,0.0
PS3_t4631,0.0
PS3_t4632,0.0
PS3_t4617,0.0
PS3_t4618,0.0
PS3_t4619,0.0
PS3_t4620,0.0
PS3_t4621,0.0
PS3_t4622,0.0
PS3_t4623,0.0
PS3_t4624,0.0
PS3_t4673,0.0
PS3_t4674,0.0
PS3_t4675,0.0
PS3_t4676,0.0
PS3_t4677,0.0
PS3_t4678,0.0
PS3_t4679,0.0
PS3_t4680,0.0
PS3_t4665,0.0
PS3_t4666,0.0
PS3_t4667,0.0
PS3_t4668,0.0
PS3_t4669,0.0
PS3_t4670,0.0
PS3_t4671,0.0
PS3_t4672,0.0
PS3_t4657,0.0
PS3_t4658,0.0
PS3_t4659,0.0
PS3_t4660,0.0
PS3_t4661,0.0
PS3_t4662,0.0
PS3_t4663,0.0
PS3_t4664,0.0
PS3_t4649,0.0
PS3_t4650,0.0
PS3_t4651,0.0
PS3_t4652,0.0
PS3_t4653,0.0
PS3_t4654,0.0
PS3_t4655,0.0
PS3_t4656,0.0
PS3_t4705,0.0
PS3_t4706,0.0
PS3_t4707,0.0
PS3_t4708,0.0
PS3_t4709,0.0
PS3_t4710,0.0
PS3_t4711,0.0
PS3_t4712,0.0
PS3_t4697,0.0
PS3_t4698,0.0
PS3_t4699,0.0
PS3_t4700,0.0
PS3_t4701,0.0
PS3_t4702,0.0
PS3_t4703,0.0
PS3_t4704,0.0
PS3_t4689,0.0
PS3_t4690,0.0
PS3_t4691,0.0
PS3_t4692,0.0
PS3_t4693,0.0
PS3_t4694,0.0
PS3_t4695,0.0
PS3_t4696,0.0
PS3_t4681,0.0
PS3_t4682,0.0
PS3_t4683,0.0
PS3_t4684,0.0
PS3_t4685,0.0
PS3_t4686,0.0
PS3_t4687,0.0
PS3_t4688,0.0
PS3_t4737,0.0
PS3_t4738,0.0
PS3_t4739,0.0
PS3_t4740,0.0
PS3_t4741,0.0
PS3_t4742,0.0
PS3_t4743,0.0
PS3_t4744,0.0
PS3_t4729,0.0
PS3_t4730,0.0
PS3_t4731,0.0
PS3_t4732,0.0
PS3_t4733,0.0
PS3_t4734,0.0
PS3_t4735,0.0
PS3_t4736,0.0
PS3_t4721,0.0
PS3_t4722,0.0
PS3_t4723,0.0
PS3_t4724,0.0
PS3_t4725,0.0
PS3_t4726,0.0
PS3_t4727,0.0
PS3_t4728,0.0
PS3_t4713,0.0
PS3_t4714,0.0
PS3_t4715,0.0
PS3_t4716,0.0
PS3_t4717,0.0
PS3_t4718,0.0
PS3_t4719,0.0
PS3_t4720,0.0
PS3_t4769,0.0
PS3_t4770,0.0
PS3_t4771,0.0
PS3_t4772,0.0
PS3_t4773,0.0
PS3_t4774,0.0
PS3_t4775,0.0
PS3_t4776,0.0
PS3_t4761,0.0
PS3_t4762,0.0
PS3_t4763,0.0
PS3_t4764,0.0
PS3_t4765,0.0
PS3_t4766,0.0
PS3_t4767,0.0
PS3_t4768,0.0
PS3_t4753,0.0
PS3_t4754,0.0
PS3_t4755,0.0
PS3_t4756,0.0
PS3_t4757,0.0
PS3_t4758,0.0
PS3_t4759,0.0
PS3_t4760,0.0
PS3_t4745,0.0
PS3_t4746,0.0
PS3_t4747,0.0
PS3_t4748,0.0
PS3_t4749,0.0
PS3_t4750,0.0
PS3_t4751,0.0
PS3_t4752,0.0
PS3_t4801,0.0
PS3_t4802,0.0
PS3_t4803,0.0
PS3_t4804,0.0
PS3_t4805,0.0
PS3_t4806,0.0
PS3_t4807,0.0
PS3_t4808,0.0
PS3_t4793,0.0
PS3_t4794,0.0
PS3_t4795,0.0
PS3_t4796,0.0
PS3_t4797,0.0
PS3_t4798,0.0
PS3_t4799,0.0
PS3_t4800,0.0
PS3_t4785,0.0
PS3_t4786,0.0
PS3_t4787,0.0
PS3_t4788,0.0
PS3_t4789,0.0
PS3_t4790,0.0
PS3_t4791,0.0
PS3_t4792,0.0
PS3_t4777,0.0
PS3_t4778,0.0
PS3_t4779,0.0
PS3_t4780,0.0
PS3_t4781,0.0
PS3_t4782,0.0
PS3_t4783,0.0
PS3_t4784,0.0
PS3_t4833,0.0
PS3_t4834,0.0
PS3_t4835,0.0
PS3_t4836,0.0
PS3_t4837,0.0
PS3_t4838,0.0
PS3_t4839,0.0
PS3_t4840,0.0
PS3_t4825,0.0
PS3_t4826,0.0
PS3_t4827,0.0
PS3_t4828,0.0
PS3_t4829,0.0
PS3_t4830,0.0
PS3_t4831,0.0
PS3_t4832,0.0
PS3_t4817,0.0
PS3_t4818,0.0
PS3_t4819,0.0
PS3_t4820,0.0
PS3_t4821,0.0
PS3_t4822,0.0
PS3_t4823,0.0
PS3_t4824,0.0
PS3_t4809,0.0
PS3_t4810,0.0
PS3_t4811,0.0
PS3_t4812,0.0
PS3_t4813,0.0
PS3_t4814,0.0
PS3_t4815,0.0
PS3_t4816,0.0
PS3_t4865,0.0
PS3_t4866,0.0
PS3_t4867,0.0
PS3_t4868,0.0
PS3_t4869,0.0
PS3_t4870,0.0
PS3_t4871,0.0
PS3_t4872,0.0
PS3_t4857,0.0
PS3_t4858,0.0
PS3_t4859,0.0
PS3_t4860,0.0
PS3_t4861,0.0
PS3_t4862,0.0
PS3_t4863,0.0
PS3_t4864,0.0
PS3_t4849,0.0
PS3_t4850,0.0
PS3_t4851,0.0
PS3_t4852,0.0
PS3_t4853,0.0
PS3_t4854,0.0
PS3_t4855,0.0
PS3_t4856,0.0
PS3_t4841,0.0
PS3_t4842,0.0
PS3_t4843,0.0
PS3_t4844,0.0
PS3_t4845,0.0
PS3_t4846,0.0
PS3_t4847,0.0
PS3_t4848,0.0
PS3_t4897,0.0
PS3_t4898,0.0
PS3_t4899,0.0
PS3_t4900,0.0
PS3_t4901,0.0
PS3_t4902,0.0
PS3_t4903,0.0
PS3_t4904,0.0
PS3_t4889,0.0
PS3_t4890,0.0
PS3_t4891,0.0
PS3_t4892,0.0
PS3_t4893,0.0
PS3_t4894,0.0
PS3_t4895,0.0
PS3_t4896,0.0
PS3_t4881,0.0
PS3_t4882,0.0
PS3_t4883,0.0
PS3_t4884,0.0
PS3_t4885,0.0
PS3_t4886,0.0
PS3_t4887,0.0
PS3_t4888,0.0
PS3_t4873,0.0
PS3_t4874,0.0
PS3_t4875,0.0
PS3_t4876,0.0
PS3_t4877,0.0
PS3_t4878,0.0
PS3_t4879,0.0
PS3_t4880,0.0
PS3_t4929,0.0
PS3_t4930,0.0
PS3_t4931,0.0
PS3_t4932,0.0
PS3_t4933,0.0
PS3_t4934,0.0
PS3_t4935,0.0
PS3_t4936,0.0
PS3_t4921,0.0
PS3_t4922,0.0
PS3_t4923,0.0
PS3_t4924,0.0
PS3_t4925,0.0
PS3_t4926,0.0
PS3_t4927,0.0
PS3_t4928,0.0
PS3_t4913,0.0
PS3_t4914,0.0
PS3_t4915,0.0
PS3_t4916,0.0
PS3_t4917,0.0
PS3_t4918,0.0
PS3_t4919,0.0
PS3_t4920,0.0
PS3_t4905,0.0
PS3_t4906,0.0
PS3_t4907,0.0
PS3_t4908,0.0
PS3_t4909,0.0
PS3_t4910,0.0
PS3_t4911,0.0
PS3_t4912,0.0
PS3_t4961,0.0
PS3_t4962,0.0
PS3_t4963,0.0
PS3_t4964,0.0
PS3_t4965,0.0
PS3_t4966,0.0
PS3_t4967,0.0
PS3_t4968,0.0
PS3_t4953,0.0
PS3_t4954,0.0
PS3_t4955,0.0
PS3_t4956,0.0
PS3_t4957,0.0
PS3_t4958,0.0
PS3_t4959,0.0
PS3_t4960,0.0
PS3_t4945,0.0
PS3_t4946,0.0
PS3_t4947,0.0
PS3_t4948,0.0
PS3_t4949,0.0
PS3_t4950,0.0
PS3_t4951,0.0
PS3_t4952,0.0
PS3_t4937,0.0
PS3_t4938,0.0
PS3_t4939,0.0
PS3_t4940,0.0
PS3_t4941,0.0
PS3_t4942,0.0
PS3_t4943,0.0
PS3_t4944,0.0
PS3_t4993,0.0
PS3_t4994,0.0
PS3_t4995,0.0
PS3_t4996,0.0
PS3_t4997,0.0
PS3_t4998,0.0
PS3_t4999,0.0
PS3_t5000,0.0
PS3_t4985,0.0
PS3_t4986,0.0
PS3_t4987,0.0
PS3_t4988,0.0
PS3_t4989,0.0
PS3_t4990,0.0
PS3_t4991,0.0
PS3_t4992,0.0
PS3_t4977,0.0
PS3_t4978,0.0
PS3_t4979,0.0
PS3_t4980,0.0
PS3_t4981,0.0
PS3_t4982,0.0
PS3_t4983,0.0
PS3_t4984,0.0
PS3_t4969,0.0
PS3_t4970,0.0
PS3_t4971,0.0
PS3_t4972,0.0
PS3_t4973,0.0
PS3_t4974,0.0
PS3_t4975,0.0
PS3_t4976,0.0
PS3_t5025,0.0
PS3_t5026,0.0
PS3_t5027,0.0
PS3_t5028,0.0
PS3_t5029,0.0
PS3_t5030,0.0
PS3_t5031,0.0
PS3_t5032,0.0
PS3_t5017,0.0
PS3_t5018,0.0
PS3_t5019,0.0
PS3_t5020,0.0
PS3_t5021,0.0
PS3_t5022,0.0
PS3_t5023,0.0
PS3_t5024,0.0
PS3_t5009,0.0
PS3_t5010,0.0
PS3_t5011,0.0
PS3_t5012,0.0
PS3_t5013,0.0
PS3_t5014,0.0
PS3_t5015,0.0
PS3_t5016,0.0
PS3_t5001,0.0
PS3_t5002,0.0
PS3_t5003,0.0
PS3_t5004,0.0
PS3_t5005,0.0
PS3_t5006,0.0
PS3_t5007,0.0
PS3_t5008,0.0
PS3_t5057,0.0
PS3_t5058,0.0
PS3_t5059,0.0
PS3_t5060,0.0
PS3_t5061,0.0
PS3_t5062,0.0
PS3_t5063,0.0
PS3_t5064,0.0
PS3_t5049,0.0
PS3_t5050,0.0
PS3_t5051,0.0
PS3_t5052,0.0
PS3_t5053,0.0
PS3_t5054,0.0
PS3_t5055,0.0
PS3_t5056,0.0
PS3_t5041,0.0
PS3_t5042,0.0
PS3_t5043,0.0
PS3_t5044,0.0
PS3_t5045,0.0
PS3_t5046,0.0
PS3_t5047,0.0
PS3_t5048,0.0
PS3_t5033,0.0
PS3_t5034,0.0
PS3_t5035,0.0
PS3_t5036,0.0
PS3_t5037,0.0
PS3_t5038,0.0
PS3_t5039,0.0
PS3_t5040,0.0
PS3_t5089,0.0
PS3_t5090,0.0
PS3_t5091,0.0
PS3_t5092,0.0
PS3_t5093,0.0
PS3_t5094,0.0
PS3_t5095,0.0
PS3_t5096,0.0
PS3_t5081,0.0
PS3_t5082,0.0
PS3_t5083,0.0
PS3_t5084,0.0
PS3_t5085,0.0
PS3_t5086,0.0
PS3_t5087,0.0
PS3_t5088,0.0
PS3_t5073,0.0
PS3_t5074,0.0
PS3_t5075,0.0
PS3_t5076,0.0
PS3_t5077,0.0
PS3_t5078,0.0
PS3_t5079,0.0
PS3_t5080,0.0
PS3_t5065,0.0
PS3_t5066,0.0
PS3_t5067,0.0
PS3_t5068,0.0
PS3_t5069,0.0
PS3_t5070,0.0
PS3_t5071,0.0
PS3_t5072,0.0
PS3_t5121,0.0
PS3_t5122,0.0
PS3_t5123,0.0
PS3_t5124,0.0
PS3_t5125,0.0
PS3_t5126,0.0
PS3_t5127,0.0
PS3_t5128,0.0
PS3_t5113,0.0
PS3_t5114,0.0
PS3_t5115,0.0
PS3_t5116,0.0
PS3_t5117,0.0
PS3_t5118,0.0
PS3_t5119,0.0
PS3_t5120,0.0
PS3_t5105,0.0
PS3_t5106,0.0
PS3_t5107,0.0
PS3_t5108,0.0
PS3_t5109,0.0
PS3_t5110,0.0
PS3_t5111,0.0
PS3_t5112,0.0
PS3_t5097,0.0
PS3_t5098,0.0
PS3_t5099,0.0
PS3_t5100,0.0
PS3_t5101,0.0
PS3_t5102,0.0
PS3_t5103,0.0
PS3_t5104,0.0
PS3_t5153,0.0
PS3_t5154,0.0
PS3_t5155,0.0
PS3_t5156,0.0
PS3_t5157,0.0
PS3_t5158,0.0
PS3_t5159,0.0
PS3_t5160,0.0
PS3_t5145,0.0
PS3_t5146,0.0
PS3_t5147,0.0
PS3_t5148,0.0
PS3_t5149,0.0
PS3_t5150,0.0
PS3_t5151,0.0
PS3_t5152,0.0
PS3_t5137,0.0
PS3_t5138,0.0
PS3_t5139,0.0
PS3_t5140,0.0
PS3_t5141,0.0
PS3_t5142,0.0
PS3_t5143,0.0
PS3_t5144,0.0
PS3_t5129,0.0
PS3_t5130,0.0
PS3_t5131,0.0
PS3_t5132,0.0
PS3_t5133,0.0
PS3_t5134,0.0
PS3_t5135,0.0
PS3_t5136,0.0
PS3_t5185,0.0
PS3_t5186,0.0
PS3_t5187,0.0
PS3_t5188,0.0
PS3_t5189,0.0
PS3_t5190,0.0
PS3_t5191,0.0
PS3_t5192,0.0
PS3_t5177,0.0
PS3_t5178,0.0
PS3_t5179,0.0
PS3_t5180,0.0
PS3_t5181,0.0
PS3_t5182,0.0
PS3_t5183,0.0
PS3_t5184,0.0
PS3_t5169,0.0
PS3_t5170,0.0
PS3_t5171,0.0
PS3_t5172,0.0
PS3_t5173,0.0
PS3_t5174,0.0
PS3_t5175,0.0
PS3_t5176,0.0
PS3_t5161,0.0
PS3_t5162,0.0
PS3_t5163,0.0
PS3_t5164,0.0
PS3_t5165,0.0
PS3_t5166,0.0
PS3_t5167,0.0
PS3_t5168,0.0
PS3_t5217,0.0
PS3_t5218,0.0
PS3_t5219,0.0
PS3_t5220,0.0
PS3_t5221,0.0
PS3_t5222,0.0
PS3_t5223,0.0
PS3_t5224,0.0
PS3_t5209,0.0
PS3_t5210,0.0
PS3_t5211,0.0
PS3_t5212,0.0
PS3_t5213,0.0
PS3_t5214,0.0
PS3_t5215,0.0
PS3_t5216,0.0
PS3_t5201,0.0
PS3_t5202,0.0
PS3_t5203,0.0
PS3_t5204,0.0
PS3_t5205,0.0
PS3_t5206,0.0
PS3_t5207,0.0
PS3_t5208,0.0
PS3_t5193,0.0
PS3_t5194,0.0
PS3_t5195,0.0
PS3_t5196,0.0
PS3_t5197,0.0
PS3_t5198,0.0
PS3_t5199,0.0
PS3_t5200,0.0
PS3_t5249,0.0
PS3_t5250,0.0
PS3_t5251,0.0
PS3_t5252,0.0
PS3_t5253,0.0
PS3_t5254,0.0
PS3_t5255,0.0
PS3_t5256,0.0
PS3_t5241,0.0
PS3_t5242,0.0
PS3_t5243,0.0
PS3_t5244,0.0
PS3_t5245,0.0
PS3_t5246,0.0
PS3_t5247,0.0
PS3_t5248,0.0
PS3_t5233,0.0
PS3_t5234,0.0
PS3_t5235,0.0
PS3_t5236,0.0
PS3_t5237,0.0
PS3_t5238,0.0
PS3_t5239,0.0
PS3_t5240,0.0
PS3_t5225,0.0
PS3_t5226,0.0
PS3_t5227,0.0
PS3_t5228,0.0
PS3_t5229,0.0
PS3_t5230,0.0
PS3_t5231,0.0
PS3_t5232,0.0
PS3_t5281,0.0
PS3_t5282,0.0
PS3_t5283,0.0
PS3_t5284,0.0
PS3_t5285,0.0
PS3_t5286,0.0
PS3_t5287,0.0
PS3_t5288,0.0
PS3_t5273,0.0
PS3_t5274,0.0
PS3_t5275,0.0
PS3_t5276,0.0
PS3_t5277,0.0
PS3_t5278,0.0
PS3_t5279,0.0
PS3_t5280,0.0
PS3_t5265,0.0
PS3_t5266,0.0
PS3_t5267,0.0
PS3_t5268,0.0
PS3_t5269,0.0
PS3_t5270,0.0
PS3_t5271,0.0
PS3_t5272,0.0
PS3_t5257,0.0
PS3_t5258,0.0
PS3_t5259,0.0
PS3_t5260,0.0
PS3_t5261,0.0
PS3_t5262,0.0
PS3_t5263,0.0
PS3_t5264,0.0
PS3_t5313,0.0
PS3_t5314,0.0
PS3_t5315,0.0
PS3_t5316,0.0
PS3_t5317,0.0
PS3_t5318,0.0
PS3_t5319,0.0
PS3_t5320,0.0
PS3_t5305,0.0
PS3_t5306,0.0
PS3_t5307,0.0
PS3_t5308,0.0
PS3_t5309,0.0
PS3_t5310,0.0
PS3_t5311,0.0
PS3_t5312,0.0
PS3_t5297,0.0
PS3_t5298,0.0
PS3_t5299,0.0
PS3_t5300,0.0
PS3_t5301,0.0
PS3_t5302,0.0
PS3_t5303,0.0
PS3_t5304,0.0
PS3_t5289,0.0
PS3_t5290,0.0
PS3_t5291,0.0
PS3_t5292,0.0
PS3_t5293,0.0
PS3_t5294,0.0
PS3_t5295,0.0
PS3_t5296,0.0
PS3_t5345,0.0
PS3_t5346,0.0
PS3_t5347,0.0
PS3_t5348,0.0
PS3_t5349,0.0
PS3_t5350,0.0
PS3_t5351,0.0
PS3_t5352,0.0
PS3_t5337,0.0
PS3_t5338,0.0
PS3_t5339,0.0
PS3_t5340,0.0
PS3_t5341,0.0
PS3_t5342,0.0
PS3_t5343,0.0
PS3_t5344,0.0
PS3_t5329,0.0
PS3_t5330,0.0
PS3_t5331,0.0
PS3_t5332,0.0
PS3_t5333,0.0
PS3_t5334,0.0
PS3_t5335,0.0
PS3_t5336,0.0
PS3_t5321,0.0
PS3_t5322,0.0
PS3_t5323,0.0
PS3_t5324,0.0
PS3_t5325,0.0
PS3_t5326,0.0
PS3_t5327,0.0
PS3_t5328,0.0
PS3_t5377,0.0
PS3_t5378,0.0
PS3_t5379,0.0
PS3_t5380,0.0
PS3_t5381,0.0
PS3_t5382,0.0
PS3_t5383,0.0
PS3_t5384,0.0
PS3_t5369,0.0
PS3_t5370,0.0
PS3_t5371,0.0
PS3_t5372,0.0
PS3_t5373,0.0
PS3_t5374,0.0
PS3_t5375,0.0
PS3_t5376,0.0
PS3_t5361,0.0
PS3_t5362,0.0
PS3_t5363,0.0
PS3_t5364,0.0
PS3_t5365,0.0
PS3_t5366,0.0
PS3_t5367,0.0
PS3_t5368,0.0
PS3_t5353,0.0
PS3_t5354,0.0
PS3_t5355,0.0
PS3_t5356,0.0
PS3_t5357,0.0
PS3_t5358,0.0
PS3_t5359,0.0
PS3_t5360,0.0
PS3_t5409,0.0
PS3_t5410,0.0
PS3_t5411,0.0
PS3_t5412,0.0
PS3_t5413,0.0
PS3_t5414,0.0
PS3_t5415,0.0
PS3_t5416,0.0
PS3_t5401,0.0
PS3_t5402,0.0
PS3_t5403,0.0
PS3_t5404,0.0
PS3_t5405,0.0
PS3_t5406,0.0
PS3_t5407,0.0
PS3_t5408,0.0
PS3_t5393,0.0
PS3_t5394,0.0
PS3_t5395,0.0
PS3_t5396,0.0
PS3_t5397,0.0
PS3_t5398,0.0
PS3_t5399,0.0
PS3_t5400,0.0
PS3_t5385,0.0
PS3_t5386,0.0
PS3_t5387,0.0
PS3_t5388,0.0
PS3_t5389,0.0
PS3_t5390,0.0
PS3_t5391,0.0
PS3_t5392,0.0
PS3_t5441,0.0
PS3_t5442,0.0
PS3_t5443,0.0
PS3_t5444,0.0
PS3_t5445,0.0
PS3_t5446,0.0
PS3_t5447,0.0
PS3_t5448,0.0
PS3_t5433,0.0
PS3_t5434,0.0
PS3_t5435,0.0
PS3_t5436,0.0
PS3_t5437,0.0
PS3_t5438,0.0
PS3_t5439,0.0
PS3_t5440,0.0
PS3_t5425,0.0
PS3_t5426,0.0
PS3_t5427,0.0
PS3_t5428,0.0
PS3_t5429,0.0
PS3_t5430,0.0
PS3_t5431,0.0
PS3_t5432,0.0
PS3_t5417,0.0
PS3_t5418,0.0
PS3_t5419,0.0
PS3_t5420,0.0
PS3_t5421,0.0
PS3_t5422,0.0
PS3_t5423,0.0
PS3_t5424,0.0
PS3_t5473,0.0
PS3_t5474,0.0
PS3_t5475,0.0
PS3_t5476,0.0
PS3_t5477,0.0
PS3_t5478,0.0
PS3_t5479,0.0
PS3_t5480,0.0
PS3_t5465,0.0
PS3_t5466,0.0
PS3_t5467,0.0
PS3_t5468,0.0
PS3_t5469,0.0
PS3_t5470,0.0
PS3_t5471,0.0
PS3_t5472,0.0
PS3_t5457,0.0
PS3_t5458,0.0
PS3_t5459,0.0
PS3_t5460,0.0
PS3_t5461,0.0
PS3_t5462,0.0
PS3_t5463,0.0
PS3_t5464,0.0
PS3_t5449,0.0
PS3_t5450,0.0
PS3_t5451,0.0
PS3_t5452,0.0
PS3_t5453,0.0
PS3_t5454,0.0
PS3_t5455,0.0
PS3_t5456,0.0
PS3_t5505,0.0
PS3_t5506,0.0
PS3_t5507,0.0
PS3_t5508,0.0
PS3_t5509,0.0
PS3_t5510,0.0
PS3_t5511,0.0
PS3_t5512,0.0
PS3_t5497,0.0
PS3_t5498,0.0
PS3_t5499,0.0
PS3_t5500,0.0
PS3_t5501,0.0
PS3_t5502,0.0
PS3_t5503,0.0
PS3_t5504,0.0
PS3_t5489,0.0
PS3_t5490,0.0
PS3_t5491,0.0
PS3_t5492,0.0
PS3_t5493,0.0
PS3_t5494,0.0
PS3_t5495,0.0
PS3_t5496,0.0
PS3_t5481,0.0
PS3_t5482,0.0
PS3_t5483,0.0
PS3_t5484,0.0
PS3_t5485,0.0
PS3_t5486,0.0
PS3_t5487,0.0
PS3_t5488,0.0
PS3_t5537,0.0
PS3_t5538,0.0
PS3_t5539,0.0
PS3_t5540,0.0
PS3_t5541,0.0
PS3_t5542,0.0
PS3_t5543,0.0
PS3_t5544,0.0
PS3_t5529,0.0
PS3_t5530,0.0
PS3_t5531,0.0
PS3_t5532,0.0
PS3_t5533,0.0
PS3_t5534,0.0
PS3_t5535,0.0
PS3_t5536,0.0
PS3_t5521,0.0
PS3_t5522,0.0
PS3_t5523,0.0
PS3_t5524,0.0
PS3_t5525,0.0
PS3_t5526,0.0
PS3_t5527,0.0
PS3_t5528,0.0
PS3_t5513,0.0
PS3_t5514,0.0
PS3_t5515,0.0
PS3_t5516,0.0
PS3_t5517,0.0
PS3_t5518,0.0
PS3_t5519,0.0
PS3_t5520,0.0
PS3_t5569,0.0
PS3_t5570,0.0
PS3_t5571,0.0
PS3_t5572,0.0
PS3_t5573,0.0
PS3_t5574,0.0
PS3_t5575,0.0
PS3_t5576,0.0
PS3_t5561,0.0
PS3_t5562,0.0
PS3_t5563,0.0
PS3_t5564,0.0
PS3_t5565,0.0
PS3_t5566,0.0
PS3_t5567,0.0
PS3_t5568,0.0
PS3_t5553,0.0
PS3_t5554,0.0
PS3_t5555,0.0
PS3_t5556,0.0
PS3_t5557,0.0
PS3_t5558,0.0
PS3_t5559,0.0
PS3_t5560,0.0
PS3_t5545,0.0
PS3_t5546,0.0
PS3_t5547,0.0
PS3_t5548,0.0
PS3_t5549,0.0
PS3_t5550,0.0
PS3_t5551,0.0
PS3_t5552,0.0
PS3_t5601,0.0
PS3_t5602,0.0
PS3_t5603,0.0
PS3_t5604,0.0
PS3_t5605,0.0
PS3_t5606,0.0
PS3_t5607,0.0
PS3_t5608,0.0
PS3_t5593,0.0
PS3_t5594,0.0
PS3_t5595,0.0
PS3_t5596,0.0
PS3_t5597,0.0
PS3_t5598,0.0
PS3_t5599,0.0
PS3_t5600,0.0
PS3_t5585,0.0
PS3_t5586,0.0
PS3_t5587,0.0
PS3_t5588,0.0
PS3_t5589,0.0
PS3_t5590,0.0
PS3_t5591,0.0
PS3_t5592,0.0
PS3_t5577,0.0
PS3_t5578,0.0
PS3_t5579,0.0
PS3_t5580,0.0
PS3_t5581,0.0
PS3_t5582,0.0
PS3_t5583,0.0
PS3_t5584,0.0
PS3_t5633,0.0
PS3_t5634,0.0
PS3_t5635,0.0
PS3_t5636,0.0
PS3_t5637,0.0
PS3_t5638,0.0
PS3_t5639,0.0
PS3_t5640,0.0
PS3_t5625,0.0
PS3_t5626,0.0
PS3_t5627,0.0
PS3_t5628,0.0
PS3_t5629,0.0
PS3_t5630,0.0
PS3_t5631,0.0
PS3_t5632,0.0
PS3_t5617,0.0
PS3_t5618,0.0
PS3_t5619,0.0
PS3_t5620,0.0
PS3_t5621,0.0
PS3_t5622,0.0
PS3_t5623,0.0
PS3_t5624,0.0
PS3_t5609,0.0
PS3_t5610,0.0
PS3_t5611,0.0
PS3_t5612,0.0
PS3_t5613,0.0
PS3_t5614,0.0
PS3_t5615,0.0
PS3_t5616,0.0
PS3_t5665,0.0
PS3_t5666,0.0
PS3_t5667,0.0
PS3_t5668,0.0
PS3_t5669,0.0
PS3_t5670,0.0
PS3_t5671,0.0
PS3_t5672,0.0
PS3_t5657,0.0
PS3_t5658,0.0
PS3_t5659,0.0
PS3_t5660,0.0
PS3_t5661,0.0
PS3_t5662,0.0
PS3_t5663,0.0
PS3_t5664,0.0
PS3_t5649,0.0
PS3_t5650,0.0
PS3_t5651,0.0
PS3_t5652,0.0
PS3_t5653,0.0
PS3_t5654,0.0
PS3_t5655,0.0
PS3_t5656,0.0
PS3_t5641,0.0
PS3_t5642,0.0
PS3_t5643,0.0
PS3_t5644,0.0
PS3_t5645,0.0
PS3_t5646,0.0
PS3_t5647,0.0
PS3_t5648,0.0
PS3_t5697,0.0
PS3_t5698,0.0
PS3_t5699,0.0
PS3_t5700,0.0
PS3_t5701,0.0
PS3_t5702,0.0
PS3_t5703,0.0
PS3_t5704,0.0
PS3_t5689,0.0
PS3_t5690,0.0
PS3_t5691,0.0
PS3_t5692,0.0
PS3_t5693,0.0
PS3_t5694,0.0
PS3_t5695,0.0
PS3_t5696,0.0
PS3_t5681,0.0
PS3_t5682,0.0
PS3_t5683,0.0
PS3_t5684,0.0
PS3_t5685,0.0
PS3_t5686,0.0
PS3_t5687,0.0
PS3_t5688,0.0
PS3_t5673,0.0
PS3_t5674,0.0
PS3_t5675,0.0
PS3_t5676,0.0
PS3_t5677,0.0
PS3_t5678,0.0
PS3_t5679,0.0
PS3_t5680,0.0
PS3_t5729,0.0
PS3_t5730,0.0
PS3_t5731,0.0
PS3_t5732,0.0
PS3_t5733,0.0
PS3_t5734,0.0
PS3_t5735,0.0
PS3_t5736,0.0
PS3_t5721,0.0
PS3_t5722,0.0
PS3_t5723,0.0
PS3_t5724,0.0
PS3_t5725,0.0
PS3_t5726,0.0
PS3_t5727,0.0
PS3_t5728,0.0
PS3_t5713,0.0
PS3_t5714,0.0
PS3_t5715,0.0
PS3_t5716,0.0
PS3_t5717,0.0
PS3_t5718,0.0
PS3_t5719,0.0
PS3_t5720,0.0
PS3_t5705,0.0
PS3_t5706,0.0
PS3_t5707,0.0
PS3_t5708,0.0
PS3_t5709,0.0
PS3_t5710,0.0
PS3_t5711,0.0
PS3_t5712,0.0
PS3_t5761,0.0
PS3_t5762,0.0
PS3_t5763,0.0
PS3_t5764,0.0
PS3_t5765,0.0
PS3_t5766,0.0
PS3_t5767,0.0
PS3_t5768,0.0
PS3_t5753,0.0
PS3_t5754,0.0
PS3_t5755,0.0
PS3_t5756,0.0
PS3_t5757,0.0
PS3_t5758,0.0
PS3_t5759,0.0
PS3_t5760,0.0
PS3_t5745,0.0
PS3_t5746,0.0
PS3_t5747,0.0
PS3_t5748,0.0
PS3_t5749,0.0
PS3_t5750,0.0
PS3_t5751,0.0
PS3_t5752,0.0
PS3_t5737,0.0
PS3_t5738,0.0
PS3_t5739,0.0
PS3_t5740,0.0
PS3_t5741,0.0
PS3_t5742,0.0
PS3_t5743,0.0
PS3_t5744,0.0
PS3_t5793,0.0
PS3_t5794,0.0
PS3_t5795,0.0
PS3_t5796,0.0
PS3_t5797,0.0
PS3_t5798,0.0
PS3_t5799,0.0
PS3_t5800,0.0
PS3_t5785,0.0
PS3_t5786,0.0
PS3_t5787,0.0
PS3_t5788,0.0
PS3_t5789,0.0
PS3_t5790,0.0
PS3_t5791,0.0
PS3_t5792,0.0
PS3_t5777,0.0
PS3_t5778,0.0
PS3_t5779,0.0
PS3_t5780,0.0
PS3_t5781,0.0
PS3_t5782,0.0
PS3_t5783,0.0
PS3_t5784,0.0
PS3_t5769,0.0
PS3_t5770,0.0
PS3_t5771,0.0
PS3_t5772,0.0
PS3_t5773,0.0
PS3_t5774,0.0
PS3_t5775,0.0
PS3_t5776,0.0
PS3_t5825,0.0
PS3_t5826,0.0
PS3_t5827,0.0
PS3_t5828,0.0
PS3_t5829,0.0
PS3_t5830,0.0
PS3_t5831,0.0
PS3_t5832,0.0
PS3_t5817,0.0
PS3_t5818,0.0
PS3_t5819,0.0
PS3_t5820,0.0
PS3_t5821,0.0
PS3_t5822,0.0
PS3_t5823,0.0
PS3_t5824,0.0
PS3_t5809,0.0
PS3_t5810,0.0
PS3_t5811,0.0
PS3_t5812,0.0
PS3_t5813,0.0
PS3_t5814,0.0
PS3_t5815,0.0
PS3_t5816,0.0
PS3_t5801,0.0
PS3_t5802,0.0
PS3_t5803,0.0
PS3_t5804,0.0
PS3_t5805,0.0
PS3_t5806,0.0
PS3_t5807,0.0
PS3_t5808,0.0
PS3_t5857,0.0
PS3_t5858,0.0
PS3_t5859,0.0
PS3_t5860,0.0
PS3_t5861,0.0
PS3_t5862,0.0
PS3_t5863,0.0
PS3_t5864,0.0
PS3_t5849,0.0
PS3_t5850,0.0
PS3_t5851,0.0
PS3_t5852,0.0
PS3_t5853,0.0
PS3_t5854,0.0
PS3_t5855,0.0
PS3_t5856,0.0
PS3_t5841,0.0
PS3_t5842,0.0
PS3_t5843,0.0
PS3_t5844,0.0
PS3_t5845,0.0
PS3_t5846,0.0
PS3_t5847,0.0
PS3_t5848,0.0
PS3_t5833,0.0
PS3_t5834,0.0
PS3_t5835,0.0
PS3_t5836,0.0
PS3_t5837,0.0
PS3_t5838,0.0
PS3_t5839,0.0
PS3_t5840,0.0
PS3_t5889,0.0
PS3_t5890,0.0
PS3_t5891,0.0
PS3_t5892,0.0
PS3_t5893,0.0
PS3_t5894,0.0
PS3_t5895,0.0
PS3_t5896,0.0
PS3_t5881,0.0
PS3_t5882,0.0
PS3_t5883,0.0
PS3_t5884,0.0
PS3_t5885,0.0
PS3_t5886,0.0
PS3_t5887,0.0
PS3_t5888,0.0
PS3_t5873,0.0
PS3_t5874,0.0
PS3_t5875,0.0
PS3_t5876,0.0
PS3_t5877,0.0
PS3_t5878,0.0
PS3_t5879,0.0
PS3_t5880,0.0
PS3_t5865,0.0
PS3_t5866,0.0
PS3_t5867,0.0
PS3_t5868,0.0
PS3_t5869,0.0
PS3_t5870,0.0
PS3_t5871,0.0
PS3_t5872,0.0
PS3_t5921,0.0
PS3_t5922,0.0
PS3_t5923,0.0
PS3_t5924,0.0
PS3_t5925,0.0
PS3_t5926,0.0
PS3_t5927,0.0
PS3_t5928,0.0
PS3_t5913,0.0
PS3_t5914,0.0
PS3_t5915,0.0
PS3_t5916,0.0
PS3_t5917,0.0
PS3_t5918,0.0
PS3_t5919,0.0
PS3_t5920,0.0
PS3_t5905,0.0
PS3_t5906,0.0
PS3_t5907,0.0
PS3_t5908,0.0
PS3_t5909,0.0
PS3_t5910,0.0
PS3_t5911,0.0
PS3_t5912,0.0
PS3_t5897,0.0
PS3_t5898,0.0
PS3_t5899,0.0
PS3_t5900,0.0
PS3_t5901,0.0
PS3_t5902,0.0
PS3_t5903,0.0
PS3_t5904,0.0
PS3_t5953,0.0
PS3_t5954,0.0
PS3_t5955,0.0
PS3_t5956,0.0
PS3_t5957,0.0
PS3_t5958,0.0
PS3_t5959,0.0
PS3_t5960,0.0
PS3_t5945,0.0
PS3_t5946,0.0
PS3_t5947,0.0
PS3_t5948,0.0
PS3_t5949,0.0
PS3_t5950,0.0
PS3_t5951,0.0
PS3_t5952,0.0
PS3_t5937,0.0
PS3_t5938,0.0
PS3_t5939,0.0
PS3_t5940,0.0
PS3_t5941,0.0
PS3_t5942,0.0
PS3_t5943,0.0
PS3_t5944,0.0
PS3_t5929,0.0
PS3_t5930,0.0
PS3_t5931,0.0
PS3_t5932,0.0
PS3_t5933,0.0
PS3_t5934,0.0
PS3_t5935,0.0
PS3_t5936,0.0
PS3_t5985,0.0
PS3_t5986,0.0
PS3_t5987,0.0
PS3_t5988,0.0
PS3_t5989,0.0
PS3_t5990,0.0
PS3_t5991,0.0
PS3_t5992,0.0
PS3_t5977,0.0
PS3_t5978,0.0
PS3_t5979,0.0
PS3_t5980,0.0
PS3_t5981,0.0
PS3_t5982,0.0
PS3_t5983,0.0
PS3_t5984,0.0
PS3_t5969,0.0
PS3_t5970,0.0
PS3_t5971,0.0
PS3_t5972,0.0
PS3_t5973,0.0
PS3_t5974,0.0
PS3_t5975,0.0
PS3_t5976,0.0
PS3_t5961,0.0
PS3_t5962,0.0
PS3_t5963,0.0
PS3_t5964,0.0
PS3_t5965,0.0
PS3_t5966,0.0
PS3_t5967,0.0
PS3_t5968,0.0
PS4_t17,0.0
PS4_t18,0.0
PS4_t19,0.0
PS4_t20,0.0
PS4_t21,0.0
PS4_t22,0.0
PS4_t23,0.0
PS4_t24,0.0
PS4_t9,0.0
PS4_t10,0.0
PS4_t11,0.0
PS4_t12,0.0
PS4_t13,0.0
PS4_t14,0.0
PS4_t15,0.0
PS4_t16,0.0
PS4_t1,0.0
PS4_t2,0.0
PS4_t3,0.0
PS4_t4,0.0
PS4_t5,0.0
PS4_t6,0.0
PS4_t7,0.0
PS4_t8,0.0
PS3_t5993,0.0
PS3_t5994,0.0
PS3_t5995,0.0
PS3_t5996,0.0
PS3_t5997,0.0
PS3_t5998,0.0
PS3_t5999,0.0
PS3_t6000,0.0
PS4_t49,0.0
PS4_t50,0.0
PS4_t51,0.0
PS4_t52,0.0
PS4_t53,0.0
PS4_t54,0.0
PS4_t55,0.0
PS4_t56,0.0
PS4_t41,0.0
PS4_t42,0.0
PS4_t43,0.0
PS4_t44,0.0
PS4_t45,0.0
PS4_t46,0.0
PS4_t47,0.0
PS4_t48,0.0
PS4_t33,0.0
PS4_t34,0.0
PS4_t35,0.0
PS4_t36,0.0
PS4_t37,0.0
PS4_t38,0.0
PS4_t39,0.0
PS4_t40,0.0
PS4_t25,0.0
PS4_t26,0.0
PS4_t27,0.0
PS4_t28,0.0
PS4_t29,0.0
PS4_t30,0.0
PS4_t31,0.0
PS4_t32,0.0
PS4_t81,0.0
PS4_t82,0.0
PS4_t83,0.0
PS4_t84,0.0
PS4_t85,0.0
PS4_t86,0.0
PS4_t87,0.0
PS4_t88,0.0
PS4_t73,0.0
PS4_t74,0.0
PS4_t75,0.0
PS4_t76,0.0
PS4_t77,0.0
PS4_t78,0.0
PS4_t79,0.0
PS4_t80,0.0
PS4_t65,0.0
PS4_t66,0.0
PS4_t67,0.0
PS4_t68,0.0
PS4_t69,0.0
PS4_t70,0.0
PS4_t71,0.0
PS4_t72,0.0
PS4_t57,0.0
PS4_t58,0.0
PS4_t59,0.0
PS4_t60,0.0
PS4_t61,0.0
PS4_t62,0.0
PS4_t63,0.0
PS4_t64,0.0
PS4_t113,0.0
PS4_t114,0.0
PS4_t115,0.0
PS4_t116,0.0
PS4_t117,0.0
PS4_t118,0.0
PS4_t119,0.0
PS4_t120,0.0
PS4_t105,0.0
PS4_t106,0.0
PS4_t107,0.0
PS4_t108,0.0
PS4_t109,0.0
PS4_t110,0.0
PS4_t111,0.0
PS4_t112,0.0
PS4_t97,0.0
PS4_t98,0.0
PS4_t99,0.0
PS4_t100,0.0
PS4_t101,0.0
PS4_t102,0.0
PS4_t103,0.0
PS4_t104,0.0
PS4_t89,0.0
PS4_t90,0.0
PS4_t91,0.0
PS4_t92,0.0
PS4_t93,0.0
PS4_t94,0.0
PS4_t95,0.0
PS4_t96,0.0
PS4_t145,0.0
PS4_t146,0.0
PS4_t147,0.0
PS4_t148,0.0
PS4_t149,0.0
PS4_t150,0.0
PS4_t151,0.0
PS4_t152,0.0
PS4_t137,0.0
PS4_t138,0.0
PS4_t139,0.0
PS4_t140,0.0
PS4_t141,0.0
PS4_t142,0.0
PS4_t143,0.0
PS4_t144,0.0
PS4_t129,0.0
PS4_t130,0.0
PS4_t131,0.0
PS4_t132,0.0
PS4_t133,0.0
PS4_t134,0.0
PS4_t135,0.0
PS4_t136,0.0
PS4_t121,0.0
PS4_t122,0.0
PS4_t123,0.0
PS4_t124,0.0
PS4_t125,0.0
PS4_t126,0.0
PS4_t127,0.0
PS4_t128,0.0
PS4_t177,0.0
PS4_t178,0.0
PS4_t179,0.0
PS4_t180,0.0
PS4_t181,0.0
PS4_t182,0.0
PS4_t183,0.0
PS4_t184,0.0
PS4_t169,0.0
PS4_t170,0.0
PS4_t171,0.0
PS4_t172,0.0
PS4_t173,0.0
PS4_t174,0.0
PS4_t175,0.0
PS4_t176,0.0
PS4_t161,0.0
PS4_t162,0.0
PS4_t163,0.0
PS4_t164,0.0
PS4_t165,0.0
PS4_t166,0.0
PS4_t167,0.0
PS4_t168,0.0
PS4_t153,0.0
PS4_t154,0.0
PS4_t155,0.0
PS4_t156,0.0
PS4_t157,0.0
PS4_t158,0.0
PS4_t159,0.0
PS4_t160,0.0
PS4_t209,0.0
PS4_t210,0.0
PS4_t211,0.0
PS4_t212,0.0
PS4_t213,0.0
PS4_t214,0.0
PS4_t215,0.0
PS4_t216,0.0
PS4_t201,0.0
PS4_t202,0.0
PS4_t203,0.0
PS4_t204,0.0
PS4_t205,0.0
PS4_t206,0.0
PS4_t207,0.0
PS4_t208,0.0
PS4_t193,0.0
PS4_t194,0.0
PS4_t195,0.0
PS4_t196,0.0
PS4_t197,0.0
PS4_t198,0.0
PS4_t199,0.0
PS4_t200,0.0
PS4_t185,0.0
PS4_t186,0.0
PS4_t187,0.0
PS4_t188,0.0
PS4_t189,0.0
PS4_t190,0.0
PS4_t191,0.0
PS4_t192,0.0
PS4_t241,0.0
PS4_t242,0.0
PS4_t243,0.0
PS4_t244,0.0
PS4_t245,0.0
PS4_t246,0.0
PS4_t247,0.0
PS4_t248,0.0
PS4_t233,0.0
PS4_t234,0.0
PS4_t235,0.0
PS4_t236,0.0
PS4_t237,0.0
PS4_t238,0.0
PS4_t239,0.0
PS4_t240,0.0
PS4_t225,0.0
PS4_t226,0.0
PS4_t227,0.0
PS4_t228,0.0
PS4_t229,0.0
PS4_t230,0.0
PS4_t231,0.0
PS4_t232,0.0
PS4_t217,0.0
PS4_t218,0.0
PS4_t219,0.0
PS4_t220,0.0
PS4_t221,0.0
PS4_t222,0.0
PS4_t223,0.0
PS4_t224,0.0
PS4_t273,0.0
PS4_t274,0.0
PS4_t275,0.0
PS4_t276,0.0
PS4_t277,0.0
PS4_t278,0.0
PS4_t279,0.0
PS4_t280,0.0
PS4_t265,0.0
PS4_t266,0.0
PS4_t267,0.0
PS4_t268,0.0
PS4_t269,0.0
PS4_t270,0.0
PS4_t271,0.0
PS4_t272,0.0
PS4_t257,0.0
PS4_t258,0.0
PS4_t259,0.0
PS4_t260,0.0
PS4_t261,0.0
PS4_t262,0.0
PS4_t263,0.0
PS4_t264,0.0
PS4_t249,0.0
PS4_t250,0.0
PS4_t251,0.0
PS4_t252,0.0
PS4_t253,0.0
PS4_t254,0.0
PS4_t255,0.0
PS4_t256,0.0
PS4_t305,0.0
PS4_t306,0.0
PS4_t307,0.0
PS4_t308,0.0
PS4_t309,0.0
PS4_t310,0.0
PS4_t311,0.0
PS4_t312,0.0
PS4_t297,0.0
PS4_t298,0.0
PS4_t299,0.0
PS4_t300,0.0
PS4_t301,0.0
PS4_t302,0.0
PS4_t303,0.0
PS4_t304,0.0
PS4_t289,0.0
PS4_t290,0.0
PS4_t291,0.0
PS4_t292,0.0
PS4_t293,0.0
PS4_t294,0.0
PS4_t295,0.0
PS4_t296,0.0
PS4_t281,0.0
PS4_t282,0.0
PS4_t283,0.0
PS4_t284,0.0
PS4_t285,0.0
PS4_t286,0.0
PS4_t287,0.0
PS4_t288,0.0
PS4_t337,0.0
PS4_t338,0.0
PS4_t339,0.0
PS4_t340,0.0
PS4_t341,0.0
PS4_t342,0.0
PS4_t343,0.0
PS4_t344,0.0
PS4_t329,0.0
PS4_t330,0.0
PS4_t331,0.0
PS4_t332,0.0
PS4_t333,0.0
PS4_t334,0.0
PS4_t335,0.0
PS4_t336,0.0
PS4_t321,0.0
PS4_t322,0.0
PS4_t323,0.0
PS4_t324,0.0
PS4_t325,0.0
PS4_t326,0.0
PS4_t327,0.0
PS4_t328,0.0
PS4_t313,0.0
PS4_t314,0.0
PS4_t315,0.0
PS4_t316,0.0
PS4_t317,0.0
PS4_t318,0.0
PS4_t319,0.0
PS4_t320,0.0
PS4_t369,0.0
PS4_t370,0.0
PS4_t371,0.0
PS4_t372,0.0
PS4_t373,0.0
PS4_t374,0.0
PS4_t375,0.0
PS4_t376,0.0
PS4_t361,0.0
PS4_t362,0.0
PS4_t363,0.0
PS4_t364,0.0
PS4_t365,0.0
PS4_t366,0.0
PS4_t367,0.0
PS4_t368,0.0
PS4_t353,0.0
PS4_t354,0.0
PS4_t355,0.0
PS4_t356,0.0
PS4_t357,0.0
PS4_t358,0.0
PS4_t359,0.0
PS4_t360,0.0
PS4_t345,0.0
PS4_t346,0.0
PS4_t347,0.0
PS4_t348,0.0
PS4_t349,0.0
PS4_t350,0.0
PS4_t351,0.0
PS4_t352,0.0
PS4_t401,0.0
PS4_t402,0.0
PS4_t403,0.0
PS4_t404,0.0
PS4_t405,0.0
PS4_t406,0.0
PS4_t407,0.0
PS4_t408,0.0
PS4_t393,0.0
PS4_t394,0.0
PS4_t395,0.0
PS4_t396,0.0
PS4_t397,0.0
PS4_t398,0.0
PS4_t399,0.0
PS4_t400,0.0
PS4_t385,0.0
PS4_t386,0.0
PS4_t387,0.0
PS4_t388,0.0
PS4_t389,0.0
PS4_t390,0.0
PS4_t391,0.0
PS4_t392,0.0
PS4_t377,0.0
PS4_t378,0.0
PS4_t379,0.0
PS4_t380,0.0
PS4_t381,0.0
PS4_t382,0.0
PS4_t383,0.0
PS4_t384,0.0
PS4_t433,0.0
PS4_t434,0.0
PS4_t435,0.0
PS4_t436,0.0
PS4_t437,0.0
PS4_t438,0.0
PS4_t439,0.0
PS4_t440,0.0
PS4_t425,0.0
PS4_t426,0.0
PS4_t427,0.0
PS4_t428,0.0
PS4_t429,0.0
PS4_t430,0.0
PS4_t431,0.0
PS4_t432,0.0
PS4_t417,0.0
PS4_t418,0.0
PS4_t419,0.0
PS4_t420,0.0
PS4_t421,0.0
PS4_t422,0.0
PS4_t423,0.0
PS4_t424,0.0
PS4_t409,0.0
PS4_t410,0.0
PS4_t411,0.0
PS4_t412,0.0
PS4_t413,0.0
PS4_t414,0.0
PS4_t415,0.0
PS4_t416,0.0
PS4_t465,0.0
PS4_t466,0.0
PS4_t467,0.0
PS4_t468,0.0
PS4_t469,0.0
PS4_t470,0.0
PS4_t471,0.0
PS4_t472,0.0
PS4_t457,0.0
PS4_t458,0.0
PS4_t459,0.0
PS4_t460,0.0
PS4_t461,0.0
PS4_t462,0.0
PS4_t463,0.0
PS4_t464,0.0
PS4_t449,0.0
PS4_t450,0.0
PS4_t451,0.0
PS4_t452,0.0
PS4_t453,0.0
PS4_t454,0.0
PS4_t455,0.0
PS4_t456,0.0
PS4_t441,0.0
PS4_t442,0.0
PS4_t443,0.0
PS4_t444,0.0
PS4_t445,0.0
PS4_t446,0.0
PS4_t447,0.0
PS4_t448,0.0
PS4_t497,0.0
PS4_t498,0.0
PS4_t499,0.0
PS4_t500,0.0
PS4_t501,0.0
PS4_t502,0.0
PS4_t503,0.0
PS4_t504,0.0
PS4_t489,0.0
PS4_t490,0.0
PS4_t491,0.0
PS4_t492,0.0
PS4_t493,0.0
PS4_t494,0.0
PS4_t495,0.0
PS4_t496,0.0
PS4_t481,0.0
PS4_t482,0.0
PS4_t483,0.0
PS4_t484,0.0
PS4_t485,0.0
PS4_t486,0.0
PS4_t487,0.0
PS4_t488,0.0
PS4_t473,0.0
PS4_t474,0.0
PS4_t475,0.0
PS4_t476,0.0
PS4_t477,0.0
PS4_t478,0.0
PS4_t479,0.0
PS4_t480,0.0
PS4_t529,0.0
PS4_t530,0.0
PS4_t531,0.0
PS4_t532,0.0
PS4_t533,0.0
PS4_t534,0.0
PS4_t535,0.0
PS4_t536,0.0
PS4_t521,0.0
PS4_t522,0.0
PS4_t523,0.0
PS4_t524,0.0
PS4_t525,0.0
PS4_t526,0.0
PS4_t527,0.0
PS4_t528,0.0
PS4_t513,0.0
PS4_t514,0.0
PS4_t515,0.0
PS4_t516,0.0
PS4_t517,0.0
PS4_t518,0.0
PS4_t519,0.0
PS4_t520,0.0
PS4_t505,0.0
PS4_t506,0.0
PS4_t507,0.0
PS4_t508,0.0
PS4_t509,0.0
PS4_t510,0.0
PS4_t511,0.0
PS4_t512,0.0
PS4_t561,0.0
PS4_t562,0.0
PS4_t563,0.0
PS4_t564,0.0
PS4_t565,0.0
PS4_t566,0.0
PS4_t567,0.0
PS4_t568,0.0
PS4_t553,0.0
PS4_t554,0.0
PS4_t555,0.0
PS4_t556,0.0
PS4_t557,0.0
PS4_t558,0.0
PS4_t559,0.0
PS4_t560,0.0
PS4_t545,0.0
PS4_t546,0.0
PS4_t547,0.0
PS4_t548,0.0
PS4_t549,0.0
PS4_t550,0.0
PS4_t551,0.0
PS4_t552,0.0
PS4_t537,0.0
PS4_t538,0.0
PS4_t539,0.0
PS4_t540,0.0
PS4_t541,0.0
PS4_t542,0.0
PS4_t543,0.0
PS4_t544,0.0
PS4_t593,0.0
PS4_t594,0.0
PS4_t595,0.0
PS4_t596,0.0
PS4_t597,0.0
PS4_t598,0.0
PS4_t599,0.0
PS4_t600,0.0
PS4_t585,0.0
PS4_t586,0.0
PS4_t587,0.0
PS4_t588,0.0
PS4_t589,0.0
PS4_t590,0.0
PS4_t591,0.0
PS4_t592,0.0
PS4_t577,0.0
PS4_t578,0.0
PS4_t579,0.0
PS4_t580,0.0
PS4_t581,0.0
PS4_t582,0.0
PS4_t583,0.0
PS4_t584,0.0
PS4_t569,0.0
PS4_t570,0.0
PS4_t571,0.0
PS4_t572,0.0
PS4_t573,0.0
PS4_t574,0.0
PS4_t575,0.0
PS4_t576,0.0
PS4_t625,0.0
PS4_t626,0.0
PS4_t627,0.0
PS4_t628,0.0
PS4_t629,0.0
PS4_t630,0.0
PS4_t631,0.0
PS4_t632,0.0
PS4_t617,0.0
PS4_t618,0.0
PS4_t619,0.0
PS4_t620,0.0
PS4_t621,0.0
PS4_t622,0.0
PS4_t623,0.0
PS4_t624,0.0
PS4_t609,0.0
PS4_t610,0.0
PS4_t611,0.0
PS4_t612,0.0
PS4_t613,0.0
PS4_t614,0.0
PS4_t615,0.0
PS4_t616,0.0
PS4_t601,0.0
PS4_t602,0.0
PS4_t603,0.0
PS4_t604,0.0
PS4_t605,0.0
PS4_t606,0.0
PS4_t607,0.0
PS4_t608,0.0
PS4_t657,0.0
PS4_t658,0.0
PS4_t659,0.0
PS4_t660,0.0
PS4_t661,0.0
PS4_t662,0.0
PS4_t663,0.0
PS4_t664,0.0
PS4_t649,0.0
PS4_t650,0.0
PS4_t651,0.0
PS4_t652,0.0
PS4_t653,0.0
PS4_t654,0.0
PS4_t655,0.0
PS4_t656,0.0
PS4_t641,0.0
PS4_t642,0.0
PS4_t643,0.0
PS4_t644,0.0
PS4_t645,0.0
PS4_t646,0.0
PS4_t647,0.0
PS4_t648,0.0
PS4_t633,0.0
PS4_t634,0.0
PS4_t635,0.0
PS4_t636,0.0
PS4_t637,0.0
PS4_t638,0.0
PS4_t639,0.0
PS4_t640,0.0
PS4_t689,0.0
PS4_t690,0.0
PS4_t691,0.0
PS4_t692,0.0
PS4_t693,0.0
PS4_t694,0.0
PS4_t695,0.0
PS4_t696,0.0
PS4_t681,0.0
PS4_t682,0.0
PS4_t683,0.0
PS4_t684,0.0
PS4_t685,0.0
PS4_t686,0.0
PS4_t687,0.0
PS4_t688,0.0
PS4_t673,0.0
PS4_t674,0.0
PS4_t675,0.0
PS4_t676,0.0
PS4_t677,0.0
PS4_t678,0.0
PS4_t679,0.0
PS4_t680,0.0
PS4_t665,0.0
PS4_t666,0.0
PS4_t667,0.0
PS4_t668,0.0
PS4_t669,0.0
PS4_t670,0.0
PS4_t671,0.0
PS4_t672,0.0
PS4_t721,0.0
PS4_t722,0.0
PS4_t723,0.0
PS4_t724,0.0
PS4_t725,0.0
PS4_t726,0.0
PS4_t727,0.0
PS4_t728,0.0
PS4_t713,0.0
PS4_t714,0.0
PS4_t715,0.0
PS4_t716,0.0
PS4_t717,0.0
PS4_t718,0.0
PS4_t719,0.0
PS4_t720,0.0
PS4_t705,0.0
PS4_t706,0.0
PS4_t707,0.0
PS4_t708,0.0
PS4_t709,0.0
PS4_t710,0.0
PS4_t711,0.0
PS4_t712,0.0
PS4_t697,0.0
PS4_t698,0.0
PS4_t699,0.0
PS4_t700,0.0
PS4_t701,0.0
PS4_t702,0.0
PS4_t703,0.0
PS4_t704,0.0
PS4_t753,0.0
PS4_t754,0.0
PS4_t755,0.0
PS4_t756,0.0
PS4_t757,0.0
PS4_t758,0.0
PS4_t759,0.0
PS4_t760,0.0
PS4_t745,0.0
PS4_t746,0.0
PS4_t747,0.0
PS4_t748,0.0
PS4_t749,0.0
PS4_t750,0.0
PS4_t751,0.0
PS4_t752,0.0
PS4_t737,0.0
PS4_t738,0.0
PS4_t739,0.0
PS4_t740,0.0
PS4_t741,0.0
PS4_t742,0.0
PS4_t743,0.0
PS4_t744,0.0
PS4_t729,0.0
PS4_t730,0.0
PS4_t731,0.0
PS4_t732,0.0
PS4_t733,0.0
PS4_t734,0.0
PS4_t735,0.0
PS4_t736,0.0
PS4_t785,0.0
PS4_t786,0.0
PS4_t787,0.0
PS4_t788,0.0
PS4_t789,0.0
PS4_t790,0.0
PS4_t791,0.0
PS4_t792,0.0
PS4_t777,0.0
PS4_t778,0.0
PS4_t779,0.0
PS4_t780,0.0
PS4_t781,0.0
PS4_t782,0.0
PS4_t783,0.0
PS4_t784,0.0
PS4_t769,0.0
PS4_t770,0.0
PS4_t771,0.0
PS4_t772,0.0
PS4_t773,0.0
PS4_t774,0.0
PS4_t775,0.0
PS4_t776,0.0
PS4_t761,0.0
PS4_t762,0.0
PS4_t763,0.0
PS4_t764,0.0
PS4_t765,0.0
PS4_t766,0.0
PS4_t767,0.0
PS4_t768,0.0
PS4_t817,0.0
PS4_t818,0.0
PS4_t819,0.0
PS4_t820,0.0
PS4_t821,0.0
PS4_t822,0.0
PS4_t823,0.0
PS4_t824,0.0
PS4_t809,0.0
PS4_t810,0.0
PS4_t811,0.0
PS4_t812,0.0
PS4_t813,0.0
PS4_t814,0.0
PS4_t815,0.0
PS4_t816,0.0
PS4_t801,0.0
PS4_t802,0.0
PS4_t803,0.0
PS4_t804,0.0
PS4_t805,0.0
PS4_t806,0.0
PS4_t807,0.0
PS4_t808,0.0
PS4_t793,0.0
PS4_t794,0.0
PS4_t795,0.0
PS4_t796,0.0
PS4_t797,0.0
PS4_t798,0.0
PS4_t799,0.0
PS4_t800,0.0
PS4_t849,0.0
PS4_t850,0.0
PS4_t851,0.0
PS4_t852,0.0
PS4_t853,0.0
PS4_t854,0.0
PS4_t855,0.0
PS4_t856,0.0
PS4_t841,0.0
PS4_t842,0.0
PS4_t843,0.0
PS4_t844,0.0
PS4_t845,0.0
PS4_t846,0.0
PS4_t847,0.0
PS4_t848,0.0
PS4_t833,0.0
PS4_t834,0.0
PS4_t835,0.0
PS4_t836,0.0
PS4_t837,0.0
PS4_t838,0.0
PS4_t839,0.0
PS4_t840,0.0
PS4_t825,0.0
PS4_t826,0.0
PS4_t827,0.0
PS4_t828,0.0
PS4_t829,0.0
PS4_t830,0.0
PS4_t831,0.0
PS4_t832,0.0
PS4_t881,0.0
PS4_t882,0.0
PS4_t883,0.0
PS4_t884,0.0
PS4_t885,0.0
PS4_t886,0.0
PS4_t887,0.0
PS4_t888,0.0
PS4_t873,0.0
PS4_t874,0.0
PS4_t875,0.0
PS4_t876,0.0
PS4_t877,0.0
PS4_t878,0.0
PS4_t879,0.0
PS4_t880,0.0
PS4_t865,0.0
PS4_t866,0.0
PS4_t867,0.0
PS4_t868,0.0
PS4_t869,0.0
PS4_t870,0.0
PS4_t871,0.0
PS4_t872,0.0
PS4_t857,0.0
PS4_t858,0.0
PS4_t859,0.0
PS4_t860,0.0
PS4_t861,0.0
PS4_t862,0.0
PS4_t863,0.0
PS4_t864,0.0
PS4_t913,0.0
PS4_t914,0.0
PS4_t915,0.0
PS4_t916,0.0
PS4_t917,0.0
PS4_t918,0.0
PS4_t919,0.0
PS4_t920,0.0
PS4_t905,0.0
PS4_t906,0.0
PS4_t907,0.0
PS4_t908,0.0
PS4_t909,0.0
PS4_t910,0.0
PS4_t911,0.0
PS4_t912,0.0
PS4_t897,0.0
PS4_t898,0.0
PS4_t899,0.0
PS4_t900,0.0
PS4_t901,0.0
PS4_t902,0.0
PS4_t903,0.0
PS4_t904,0.0
PS4_t889,0.0
PS4_t890,0.0
PS4_t891,0.0
PS4_t892,0.0
PS4_t893,0.0
PS4_t894,0.0
PS4_t895,0.0
PS4_t896,0.0
PS4_t945,0.0
PS4_t946,0.0
PS4_t947,0.0
PS4_t948,0.0
PS4_t949,0.0
PS4_t950,0.0
PS4_t951,0.0
PS4_t952,0.0
PS4_t937,0.0
PS4_t938,0.0
PS4_t939,0.0
PS4_t940,0.0
PS4_t941,0.0
PS4_t942,0.0
PS4_t943,0.0
PS4_t944,0.0
PS4_t929,0.0
PS4_t930,0.0
PS4_t931,0.0
PS4_t932,0.0
PS4_t933,0.0
PS4_t934,0.0
PS4_t935,0.0
PS4_t936,0.0
PS4_t921,0.0
PS4_t922,0.0
PS4_t923,0.0
PS4_t924,0.0
PS4_t925,0.0
PS4_t926,0.0
PS4_t927,0.0
PS4_t928,0.0
PS4_t977,0.0
PS4_t978,0.0
PS4_t979,0.0
PS4_t980,0.0
PS4_t981,0.0
PS4_t982,0.0
PS4_t983,0.0
PS4_t984,0.0
PS4_t969,0.0
PS4_t970,0.0
PS4_t971,0.0
PS4_t972,0.0
PS4_t973,0.0
PS4_t974,0.0
PS4_t975,0.0
PS4_t976,0.0
PS4_t961,0.0
PS4_t962,0.0
PS4_t963,0.0
PS4_t964,0.0
PS4_t965,0.0
PS4_t966,0.0
PS4_t967,0.0
PS4_t968,0.0
PS4_t953,0.0
PS4_t954,0.0
PS4_t955,0.0
PS4_t956,0.0
PS4_t957,0.0
PS4_t958,0.0
PS4_t959,0.0
PS4_t960,0.0
PS4_t1009,0.0
PS4_t1010,0.0
PS4_t1011,0.0
PS4_t1012,0.0
PS4_t1013,0.0
PS4_t1014,0.0
PS4_t1015,0.0
PS4_t1016,0.0
PS4_t1001,0.0
PS4_t1002,0.0
PS4_t1003,0.0
PS4_t1004,0.0
PS4_t1005,0.0
PS4_t1006,0.0
PS4_t1007,0.0
PS4_t1008,0.0
PS4_t993,0.0
PS4_t994,0.0
PS4_t995,0.0
PS4_t996,0.0
PS4_t997,0.0
PS4_t998,0.0
PS4_t999,0.0
PS4_t1000,0.0
PS4_t985,0.0
PS4_t986,0.0
PS4_t987,0.0
PS4_t988,0.0
PS4_t989,0.0
PS4_t990,0.0
PS4_t991,0.0
PS4_t992,0.0
PS4_t1041,0.0
PS4_t1042,0.0
PS4_t1043,0.0
PS4_t1044,0.0
PS4_t1045,0.0
PS4_t1046,0.0
PS4_t1047,0.0
PS4_t1048,0.0
PS4_t1033,0.0
PS4_t1034,0.0
PS4_t1035,0.0
PS4_t1036,0.0
PS4_t1037,0.0
PS4_t1038,0.0
PS4_t1039,0.0
PS4_t1040,0.0
PS4_t1025,0.0
PS4_t1026,0.0
PS4_t1027,0.0
PS4_t1028,0.0
PS4_t1029,0.0
PS4_t1030,0.0
PS4_t1031,0.0
PS4_t1032,0.0
PS4_t1017,0.0
PS4_t1018,0.0
PS4_t1019,0.0
PS4_t1020,0.0
PS4_t1021,0.0
PS4_t1022,0.0
PS4_t1023,0.0
PS4_t1024,0.0
PS4_t1073,0.0
PS4_t1074,0.0
PS4_t1075,0.0
PS4_t1076,0.0
PS4_t1077,0.0
PS4_t1078,0.0
PS4_t1079,0.0
PS4_t1080,0.0
PS4_t1065,0.0
PS4_t1066,0.0
PS4_t1067,0.0
PS4_t1068,0.0
PS4_t1069,0.0
PS4_t1070,0.0
PS4_t1071,0.0
PS4_t1072,0.0
PS4_t1057,0.0
PS4_t1058,0.0
PS4_t1059,0.0
PS4_t1060,0.0
PS4_t1061,0.0
PS4_t1062,0.0
PS4_t1063,0.0
PS4_t1064,0.0
PS4_t1049,0.0
PS4_t1050,0.0
PS4_t1051,0.0
PS4_t1052,0.0
PS4_t1053,0.0
PS4_t1054,0.0
PS4_t1055,0.0
PS4_t1056,0.0
PS4_t1105,0.0
PS4_t1106,0.0
PS4_t1107,0.0
PS4_t1108,0.0
PS4_t1109,0.0
PS4_t1110,0.0
PS4_t1111,0.0
PS4_t1112,0.0
PS4_t1097,0.0
PS4_t1098,0.0
PS4_t1099,0.0
PS4_t1100,0.0
PS4_t1101,0.0
PS4_t1102,0.0
PS4_t1103,0.0
PS4_t1104,0.0
PS4_t1089,0.0
PS4_t1090,0.0
PS4_t1091,0.0
PS4_t1092,0.0
PS4_t1093,0.0
PS4_t1094,0.0
PS4_t1095,0.0
PS4_t1096,0.0
PS4_t1081,0.0
PS4_t1082,0.0
PS4_t1083,0.0
PS4_t1084,0.0
PS4_t1085,0.0
PS4_t1086,0.0
PS4_t1087,0.0
PS4_t1088,0.0
PS4_t1137,0.0
PS4_t1138,0.0
PS4_t1139,0.0
PS4_t1140,0.0
PS4_t1141,0.0
PS4_t1142,0.0
PS4_t1143,0.0
PS4_t1144,0.0
PS4_t1129,0.0
PS4_t1130,0.0
PS4_t1131,0.0
PS4_t1132,0.0
PS4_t1133,0.0
PS4_t1134,0.0
PS4_t1135,0.0
PS4_t1136,0.0
PS4_t1121,0.0
PS4_t1122,0.0
PS4_t1123,0.0
PS4_t1124,0.0
PS4_t1125,0.0
PS4_t1126,0.0
PS4_t1127,0.0
PS4_t1128,0.0
PS4_t1113,0.0
PS4_t1114,0.0
PS4_t1115,0.0
PS4_t1116,0.0
PS4_t1117,0.0
PS4_t1118,0.0
PS4_t1119,0.0
PS4_t1120,0.0
PS4_t1169,0.0
PS4_t1170,0.0
PS4_t1171,0.0
PS4_t1172,0.0
PS4_t1173,0.0
PS4_t1174,0.0
PS4_t1175,0.0
PS4_t1176,0.0
PS4_t1161,0.0
PS4_t1162,0.0
PS4_t1163,0.0
PS4_t1164,0.0
PS4_t1165,0.0
PS4_t1166,0.0
PS4_t1167,0.0
PS4_t1168,0.0
PS4_t1153,0.0
PS4_t1154,0.0
PS4_t1155,0.0
PS4_t1156,0.0
PS4_t1157,0.0
PS4_t1158,0.0
PS4_t1159,0.0
PS4_t1160,0.0
PS4_t1145,0.0
PS4_t1146,0.0
PS4_t1147,0.0
PS4_t1148,0.0
PS4_t1149,0.0
PS4_t1150,0.0
PS4_t1151,0.0
PS4_t1152,0.0
PS4_t1201,0.0
PS4_t1202,0.0
PS4_t1203,0.0
PS4_t1204,0.0
PS4_t1205,0.0
PS4_t1206,0.0
PS4_t1207,0.0
PS4_t1208,0.0
PS4_t1193,0.0
PS4_t1194,0.0
PS4_t1195,0.0
PS4_t1196,0.0
PS4_t1197,0.0
PS4_t1198,0.0
PS4_t1199,0.0
PS4_t1200,0.0
PS4_t1185,0.0
PS4_t1186,0.0
PS4_t1187,0.0
PS4_t1188,0.0
PS4_t1189,0.0
PS4_t1190,0.0
PS4_t1191,0.0
PS4_t1192,0.0
PS4_t1177,0.0
PS4_t1178,0.0
PS4_t1179,0.0
PS4_t1180,0.0
PS4_t1181,0.0
PS4_t1182,0.0
PS4_t1183,0.0
PS4_t1184,0.0
PS4_t1233,0.0
PS4_t1234,0.0
PS4_t1235,0.0
PS4_t1236,0.0
PS4_t1237,0.0
PS4_t1238,0.0
PS4_t1239,0.0
PS4_t1240,0.0
PS4_t1225,0.0
PS4_t1226,0.0
PS4_t1227,0.0
PS4_t1228,0.0
PS4_t1229,0.0
PS4_t1230,0.0
PS4_t1231,0.0
PS4_t1232,0.0
PS4_t1217,0.0
PS4_t1218,0.0
PS4_t1219,0.0
PS4_t1220,0.0
PS4_t1221,0.0
PS4_t1222,0.0
PS4_t1223,0.0
PS4_t1224,0.0
PS4_t1209,0.0
PS4_t1210,0.0
PS4_t1211,0.0
PS4_t1212,0.0
PS4_t1213,0.0
PS4_t1214,0.0
PS4_t1215,0.0
PS4_t1216,0.0
PS4_t1265,0.0
PS4_t1266,0.0
PS4_t1267,0.0
PS4_t1268,0.0
PS4_t1269,0.0
PS4_t1270,0.0
PS4_t1271,0.0
PS4_t1272,0.0
PS4_t1257,0.0
PS4_t1258,0.0
PS4_t1259,0.0
PS4_t1260,0.0
PS4_t1261,0.0
PS4_t1262,0.0
PS4_t1263,0.0
PS4_t1264,0.0
PS4_t1249,0.0
PS4_t1250,0.0
PS4_t1251,0.0
PS4_t1252,0.0
PS4_t1253,0.0
PS4_t1254,0.0
PS4_t1255,0.0
PS4_t1256,0.0
PS4_t1241,0.0
PS4_t1242,0.0
PS4_t1243,0.0
PS4_t1244,0.0
PS4_t1245,0.0
PS4_t1246,0.0
PS4_t1247,0.0
PS4_t1248,0.0
PS4_t1297,0.0
PS4_t1298,0.0
PS4_t1299,0.0
PS4_t1300,0.0
PS4_t1301,0.0
PS4_t1302,0.0
PS4_t1303,0.0
PS4_t1304,0.0
PS4_t1289,0.0
PS4_t1290,0.0
PS4_t1291,0.0
PS4_t1292,0.0
PS4_t1293,0.0
PS4_t1294,0.0
PS4_t1295,0.0
PS4_t1296,0.0
PS4_t1281,0.0
PS4_t1282,0.0
PS4_t1283,0.0
PS4_t1284,0.0
PS4_t1285,0.0
PS4_t1286,0.0
PS4_t1287,0.0
PS4_t1288,0.0
PS4_t1273,0.0
PS4_t1274,0.0
PS4_t1275,0.0
PS4_t1276,0.0
PS4_t1277,0.0
PS4_t1278,0.0
PS4_t1279,0.0
PS4_t1280,0.0
PS4_t1329,0.0
PS4_t1330,0.0
PS4_t1331,0.0
PS4_t1332,0.0
PS4_t1333,0.0
PS4_t1334,0.0
PS4_t1335,0.0
PS4_t1336,0.0
PS4_t1321,0.0
PS4_t1322,0.0
PS4_t1323,0.0
PS4_t1324,0.0
PS4_t1325,0.0
PS4_t1326,0.0
PS4_t1327,0.0
PS4_t1328,0.0
PS4_t1313,0.0
PS4_t1314,0.0
PS4_t1315,0.0
PS4_t1316,0.0
PS4_t1317,0.0
PS4_t1318,0.0
PS4_t1319,0.0
PS4_t1320,0.0
PS4_t1305,0.0
PS4_t1306,0.0
PS4_t1307,0.0
PS4_t1308,0.0
PS4_t1309,0.0
PS4_t1310,0.0
PS4_t1311,0.0
PS4_t1312,0.0
PS4_t1361,0.0
PS4_t1362,0.0
PS4_t1363,0.0
PS4_t1364,0.0
PS4_t1365,0.0
PS4_t1366,0.0
PS4_t1367,0.0
PS4_t1368,0.0
PS4_t1353,0.0
PS4_t1354,0.0
PS4_t1355,0.0
PS4_t1356,0.0
PS4_t1357,0.0
PS4_t1358,0.0
PS4_t1359,0.0
PS4_t1360,0.0
PS4_t1345,0.0
PS4_t1346,0.0
PS4_t1347,0.0
PS4_t1348,0.0
PS4_t1349,0.0
PS4_t1350,0.0
PS4_t1351,0.0
PS4_t1352,0.0
PS4_t1337,0.0
PS4_t1338,0.0
PS4_t1339,0.0
PS4_t1340,0.0
PS4_t1341,0.0
PS4_t1342,0.0
PS4_t1343,0.0
PS4_t1344,0.0
PS4_t1393,0.0
PS4_t1394,0.0
PS4_t1395,0.0
PS4_t1396,0.0
PS4_t1397,0.0
PS4_t1398,0.0
PS4_t1399,0.0
PS4_t1400,0.0
PS4_t1385,0.0
PS4_t1386,0.0
PS4_t1387,0.0
PS4_t1388,0.0
PS4_t1389,0.0
PS4_t1390,0.0
PS4_t1391,0.0
PS4_t1392,0.0
PS4_t1377,0.0
PS4_t1378,0.0
PS4_t1379,0.0
PS4_t1380,0.0
PS4_t1381,0.0
PS4_t1382,0.0
PS4_t1383,0.0
PS4_t1384,0.0
PS4_t1369,0.0
PS4_t1370,0.0
PS4_t1371,0.0
PS4_t1372,0.0
PS4_t1373,0.0
PS4_t1374,0.0
PS4_t1375,0.0
PS4_t1376,0.0
PS4_t1425,0.0
PS4_t1426,0.0
PS4_t1427,0.0
PS4_t1428,0.0
PS4_t1429,0.0
PS4_t1430,0.0
PS4_t1431,0.0
PS4_t1432,0.0
PS4_t1417,0.0
PS4_t1418,0.0
PS4_t1419,0.0
PS4_t1420,0.0
PS4_t1421,0.0
PS4_t1422,0.0
PS4_t1423,0.0
PS4_t1424,0.0
PS4_t1409,0.0
PS4_t1410,0.0
PS4_t1411,0.0
PS4_t1412,0.0
PS4_t1413,0.0
PS4_t1414,0.0
PS4_t1415,0.0
PS4_t1416,0.0
PS4_t1401,0.0
PS4_t1402,0.0
PS4_t1403,0.0
PS4_t1404,0.0
PS4_t1405,0.0
PS4_t1406,0.0
PS4_t1407,0.0
PS4_t1408,0.0
PS4_t1457,0.0
PS4_t1458,0.0
PS4_t1459,0.0
PS4_t1460,0.0
PS4_t1461,0.0
PS4_t1462,0.0
PS4_t1463,0.0
PS4_t1464,0.0
PS4_t1449,0.0
PS4_t1450,0.0
PS4_t1451,0.0
PS4_t1452,0.0
PS4_t1453,0.0
PS4_t1454,0.0
PS4_t1455,0.0
PS4_t1456,0.0
PS4_t1441,0.0
PS4_t1442,0.0
PS4_t1443,0.0
PS4_t1444,0.0
PS4_t1445,0.0
PS4_t1446,0.0
PS4_t1447,0.0
PS4_t1448,0.0
PS4_t1433,0.0
PS4_t1434,0.0
PS4_t1435,0.0
PS4_t1436,0.0
PS4_t1437,0.0
PS4_t1438,0.0
PS4_t1439,0.0
PS4_t1440,0.0
PS4_t1489,0.0
PS4_t1490,0.0
PS4_t1491,0.0
PS4_t1492,0.0
PS4_t1493,0.0
PS4_t1494,0.0
PS4_t1495,0.0
PS4_t1496,0.0
PS4_t1481,0.0
PS4_t1482,0.0
PS4_t1483,0.0
PS4_t1484,0.0
PS4_t1485,0.0
PS4_t1486,0.0
PS4_t1487,0.0
PS4_t1488,0.0
PS4_t1473,0.0
PS4_t1474,0.0
PS4_t1475,0.0
PS4_t1476,0.0
PS4_t1477,0.0
PS4_t1478,0.0
PS4_t1479,0.0
PS4_t1480,0.0
PS4_t1465,0.0
PS4_t1466,0.0
PS4_t1467,0.0
PS4_t1468,0.0
PS4_t1469,0.0
PS4_t1470,0.0
PS4_t1471,0.0
PS4_t1472,0.0
PS4_t1521,0.0
PS4_t1522,0.0
PS4_t1523,0.0
PS4_t1524,0.0
PS4_t1525,0.0
PS4_t1526,0.0
PS4_t1527,0.0
PS4_t1528,0.0
PS4_t1513,0.0
PS4_t1514,0.0
PS4_t1515,0.0
PS4_t1516,0.0
PS4_t1517,0.0
PS4_t1518,0.0
PS4_t1519,0.0
PS4_t1520,0.0
PS4_t1505,0.0
PS4_t1506,0.0
PS4_t1507,0.0
PS4_t1508,0.0
PS4_t1509,0.0
PS4_t1510,0.0
PS4_t1511,0.0
PS4_t1512,0.0
PS4_t1497,0.0
PS4_t1498,0.0
PS4_t1499,0.0
PS4_t1500,0.0
PS4_t1501,0.0
PS4_t1502,0.0
PS4_t1503,0.0
PS4_t1504,0.0
PS4_t1553,0.0
PS4_t1554,0.0
PS4_t1555,0.0
PS4_t1556,0.0
PS4_t1557,0.0
PS4_t1558,0.0
PS4_t1559,0.0
PS4_t1560,0.0
PS4_t1545,0.0
PS4_t1546,0.0
PS4_t1547,0.0
PS4_t1548,0.0
PS4_t1549,0.0
PS4_t1550,0.0
PS4_t1551,0.0
PS4_t1552,0.0
PS4_t1537,0.0
PS4_t1538,0.0
PS4_t1539,0.0
PS4_t1540,0.0
PS4_t1541,0.0
PS4_t1542,0.0
PS4_t1543,0.0
PS4_t1544,0.0
PS4_t1529,0.0
PS4_t1530,0.0
PS4_t1531,0.0
PS4_t1532,0.0
PS4_t1533,0.0
PS4_t1534,0.0
PS4_t1535,0.0
PS4_t1536,0.0
PS4_t1585,0.0
PS4_t1586,0.0
PS4_t1587,0.0
PS4_t1588,0.0
PS4_t1589,0.0
PS4_t1590,0.0
PS4_t1591,0.0
PS4_t1592,0.0
PS4_t1577,0.0
PS4_t1578,0.0
PS4_t1579,0.0
PS4_t1580,0.0
PS4_t1581,0.0
PS4_t1582,0.0
PS4_t1583,0.0
PS4_t1584,0.0
PS4_t1569,0.0
PS4_t1570,0.0
PS4_t1571,0.0
PS4_t1572,0.0
PS4_t1573,0.0
PS4_t1574,0.0
PS4_t1575,0.0
PS4_t1576,0.0
PS4_t1561,0.0
PS4_t1562,0.0
PS4_t1563,0.0
PS4_t1564,0.0
PS4_t1565,0.0
PS4_t1566,0.0
PS4_t1567,0.0
PS4_t1568,0.0
PS4_t1617,0.0
PS4_t1618,0.0
PS4_t1619,0.0
PS4_t1620,0.0
PS4_t1621,0.0
PS4_t1622,0.0
PS4_t1623,0.0
PS4_t1624,0.0
PS4_t1609,0.0
PS4_t1610,0.0
PS4_t1611,0.0
PS4_t1612,0.0
PS4_t1613,0.0
PS4_t1614,0.0
PS4_t1615,0.0
PS4_t1616,0.0
PS4_t1601,0.0
PS4_t1602,0.0
PS4_t1603,0.0
PS4_t1604,0.0
PS4_t1605,0.0
PS4_t1606,0.0
PS4_t1607,0.0
PS4_t1608,0.0
PS4_t1593,0.0
PS4_t1594,0.0
PS4_t1595,0.0
PS4_t1596,0.0
PS4_t1597,0.0
PS4_t1598,0.0
PS4_t1599,0.0
PS4_t1600,0.0
PS4_t1649,0.0
PS4_t1650,0.0
PS4_t1651,0.0
PS4_t1652,0.0
PS4_t1653,0.0
PS4_t1654,0.0
PS4_t1655,0.0
PS4_t1656,0.0
PS4_t1641,0.0
PS4_t1642,0.0
PS4_t1643,0.0
PS4_t1644,0.0
PS4_t1645,0.0
PS4_t1646,0.0
PS4_t1647,0.0
PS4_t1648,0.0
PS4_t1633,0.0
PS4_t1634,0.0
PS4_t1635,0.0
PS4_t1636,0.0
PS4_t1637,0.0
PS4_t1638,0.0
PS4_t1639,0.0
PS4_t1640,0.0
PS4_t1625,0.0
PS4_t1626,0.0
PS4_t1627,0.0
PS4_t1628,0.0
PS4_t1629,0.0
PS4_t1630,0.0
PS4_t1631,0.0
PS4_t1632,0.0
PS4_t1681,0.0
PS4_t1682,0.0
PS4_t1683,0.0
PS4_t1684,0.0
PS4_t1685,0.0
PS4_t1686,0.0
PS4_t1687,0.0
PS4_t1688,0.0
PS4_t1673,0.0
PS4_t1674,0.0
PS4_t1675,0.0
PS4_t1676,0.0
PS4_t1677,0.0
PS4_t1678,0.0
PS4_t1679,0.0
PS4_t1680,0.0
PS4_t1665,0.0
PS4_t1666,0.0
PS4_t1667,0.0
PS4_t1668,0.0
PS4_t1669,0.0
PS4_t1670,0.0
PS4_t1671,0.0
PS4_t1672,0.0
PS4_t1657,0.0
PS4_t1658,0.0
PS4_t1659,0.0
PS4_t1660,0.0
PS4_t1661,0.0
PS4_t1662,0.0
PS4_t1663,0.0
PS4_t1664,0.0
PS4_t1713,0.0
PS4_t1714,0.0
PS4_t1715,0.0
PS4_t1716,0.0
PS4_t1717,0.0
PS4_t1718,0.0
PS4_t1719,0.0
PS4_t1720,0.0
PS4_t1705,0.0
PS4_t1706,0.0
PS4_t1707,0.0
PS4_t1708,0.0
PS4_t1709,0.0
PS4_t1710,0.0
PS4_t1711,0.0
PS4_t1712,0.0
PS4_t1697,0.0
PS4_t1698,0.0
PS4_t1699,0.0
PS4_t1700,0.0
PS4_t1701,0.0
PS4_t1702,0.0
PS4_t1703,0.0
PS4_t1704,0.0
PS4_t1689,0.0
PS4_t1690,0.0
PS4_t1691,0.0
PS4_t1692,0.0
PS4_t1693,0.0
PS4_t1694,0.0
PS4_t1695,0.0
PS4_t1696,0.0
PS4_t1745,0.0
PS4_t1746,0.0
PS4_t1747,0.0
PS4_t1748,0.0
PS4_t1749,0.0
PS4_t1750,0.0
PS4_t1751,0.0
PS4_t1752,0.0
PS4_t1737,0.0
PS4_t1738,0.0
PS4_t1739,0.0
PS4_t1740,0.0
PS4_t1741,0.0
PS4_t1742,0.0
PS4_t1743,0.0
PS4_t1744,0.0
PS4_t1729,0.0
PS4_t1730,0.0
PS4_t1731,0.0
PS4_t1732,0.0
PS4_t1733,0.0
PS4_t1734,0.0
PS4_t1735,0.0
PS4_t1736,0.0
PS4_t1721,0.0
PS4_t1722,0.0
PS4_t1723,0.0
PS4_t1724,0.0
PS4_t1725,0.0
PS4_t1726,0.0
PS4_t1727,0.0
PS4_t1728,0.0
PS4_t1777,0.0
PS4_t1778,0.0
PS4_t1779,0.0
PS4_t1780,0.0
PS4_t1781,0.0
PS4_t1782,0.0
PS4_t1783,0.0
PS4_t1784,0.0
PS4_t1769,0.0
PS4_t1770,0.0
PS4_t1771,0.0
PS4_t1772,0.0
PS4_t1773,0.0
PS4_t1774,0.0
PS4_t1775,0.0
PS4_t1776,0.0
PS4_t1761,0.0
PS4_t1762,0.0
PS4_t1763,0.0
PS4_t1764,0.0
PS4_t1765,0.0
PS4_t1766,0.0
PS4_t1767,0.0
PS4_t1768,0.0
PS4_t1753,0.0
PS4_t1754,0.0
PS4_t1755,0.0
PS4_t1756,0.0
PS4_t1757,0.0
PS4_t1758,0.0
PS4_t1759,0.0
PS4_t1760,0.0
PS4_t1809,0.0
PS4_t1810,0.0
PS4_t1811,0.0
PS4_t1812,0.0
PS4_t1813,0.0
PS4_t1814,0.0
PS4_t1815,0.0
PS4_t1816,0.0
PS4_t1801,0.0
PS4_t1802,0.0
PS4_t1803,0.0
PS4_t1804,0.0
PS4_t1805,0.0
PS4_t1806,0.0
PS4_t1807,0.0
PS4_t1808,0.0
PS4_t1793,0.0
PS4_t1794,0.0
PS4_t1795,0.0
PS4_t1796,0.0
PS4_t1797,0.0
PS4_t1798,0.0
PS4_t1799,0.0
PS4_t1800,0.0
PS4_t1785,0.0
PS4_t1786,0.0
PS4_t1787,0.0
PS4_t1788,0.0
PS4_t1789,0.0
PS4_t1790,0.0
PS4_t1791,0.0
PS4_t1792,0.0
PS4_t1841,0.0
PS4_t1842,0.0
PS4_t1843,0.0
PS4_t1844,0.0
PS4_t1845,0.0
PS4_t1846,0.0
PS4_t1847,0.0
PS4_t1848,0.0
PS4_t1833,0.0
PS4_t1834,0.0
PS4_t1835,0.0
PS4_t1836,0.0
PS4_t1837,0.0
PS4_t1838,0.0
PS4_t1839,0.0
PS4_t1840,0.0
PS4_t1825,0.0
PS4_t1826,0.0
PS4_t1827,0.0
PS4_t1828,0.0
PS4_t1829,0.0
PS4_t1830,0.0
PS4_t1831,0.0
PS4_t1832,0.0
PS4_t1817,0.0
PS4_t1818,0.0
PS4_t1819,0.0
PS4_t1820,0.0
PS4_t1821,0.0
PS4_t1822,0.0
PS4_t1823,0.0
PS4_t1824,0.0
PS4_t1873,0.0
PS4_t1874,0.0
PS4_t1875,0.0
PS4_t1876,0.0
PS4_t1877,0.0
PS4_t1878,0.0
PS4_t1879,0.0
PS4_t1880,0.0
PS4_t1865,0.0
PS4_t1866,0.0
PS4_t1867,0.0
PS4_t1868,0.0
PS4_t1869,0.0
PS4_t1870,0.0
PS4_t1871,0.0
PS4_t1872,0.0
PS4_t1857,0.0
PS4_t1858,0.0
PS4_t1859,0.0
PS4_t1860,0.0
PS4_t1861,0.0
PS4_t1862,0.0
PS4_t1863,0.0
PS4_t1864,0.0
PS4_t1849,0.0
PS4_t1850,0.0
PS4_t1851,0.0
PS4_t1852,0.0
PS4_t1853,0.0
PS4_t1854,0.0
PS4_t1855,0.0
PS4_t1856,0.0
PS4_t1905,0.0
PS4_t1906,0.0
PS4_t1907,0.0
PS4_t1908,0.0
PS4_t1909,0.0
PS4_t1910,0.0
PS4_t1911,0.0
PS4_t1912,0.0
PS4_t1897,0.0
PS4_t1898,0.0
PS4_t1899,0.0
PS4_t1900,0.0
PS4_t1901,0.0
PS4_t1902,0.0
PS4_t1903,0.0
PS4_t1904,0.0
PS4_t1889,0.0
PS4_t1890,0.0
PS4_t1891,0.0
PS4_t1892,0.0
PS4_t1893,0.0
PS4_t1894,0.0
PS4_t1895,0.0
PS4_t1896,0.0
PS4_t1881,0.0
PS4_t1882,0.0
PS4_t1883,0.0
PS4_t1884,0.0
PS4_t1885,0.0
PS4_t1886,0.0
PS4_t1887,0.0
PS4_t1888,0.0
PS4_t1937,0.0
PS4_t1938,0.0
PS4_t1939,0.0
PS4_t1940,0.0
PS4_t1941,0.0
PS4_t1942,0.0
PS4_t1943,0.0
PS4_t1944,0.0
PS4_t1929,0.0
PS4_t1930,0.0
PS4_t1931,0.0
PS4_t1932,0.0
PS4_t1933,0.0
PS4_t1934,0.0
PS4_t1935,0.0
PS4_t1936,0.0
PS4_t1921,0.0
PS4_t1922,0.0
PS4_t1923,0.0
PS4_t1924,0.0
PS4_t1925,0.0
PS4_t1926,0.0
PS4_t1927,0.0
PS4_t1928,0.0
PS4_t1913,0.0
PS4_t1914,0.0
PS4_t1915,0.0
PS4_t1916,0.0
PS4_t1917,0.0
PS4_t1918,0.0
PS4_t1919,0.0
PS4_t1920,0.0
PS4_t1969,0.0
PS4_t1970,0.0
PS4_t1971,0.0
PS4_t1972,0.0
PS4_t1973,0.0
PS4_t1974,0.0
PS4_t1975,0.0
PS4_t1976,0.0
PS4_t1961,0.0
PS4_t1962,0.0
PS4_t1963,0.0
PS4_t1964,0.0
PS4_t1965,0.0
PS4_t1966,0.0
PS4_t1967,0.0
PS4_t1968,0.0
PS4_t1953,0.0
PS4_t1954,0.0
PS4_t1955,0.0
PS4_t1956,0.0
PS4_t1957,0.0
PS4_t1958,0.0
PS4_t1959,0.0
PS4_t1960,0.0
PS4_t1945,0.0
PS4_t1946,0.0
PS4_t1947,0.0
PS4_t1948,0.0
PS4_t1949,0.0
PS4_t1950,0.0
PS4_t1951,0.0
PS4_t1952,0.0
PS4_t2001,0.0
PS4_t2002,0.0
PS4_t2003,0.0
PS4_t2004,0.0
PS4_t2005,0.0
PS4_t2006,0.0
PS4_t2007,0.0
PS4_t2008,0.0
PS4_t1993,0.0
PS4_t1994,0.0
PS4_t1995,0.0
PS4_t1996,0.0
PS4_t1997,0.0
PS4_t1998,0.0
PS4_t1999,0.0
PS4_t2000,0.0
PS4_t1985,0.0
PS4_t1986,0.0
PS4_t1987,0.0
PS4_t1988,0.0
PS4_t1989,0.0
PS4_t1990,0.0
PS4_t1991,0.0
PS4_t1992,0.0
PS4_t1977,0.0
PS4_t1978,0.0
PS4_t1979,0.0
PS4_t1980,0.0
PS4_t1981,0.0
PS4_t1982,0.0
PS4_t1983,0.0
PS4_t1984,0.0
PS4_t2033,0.0
PS4_t2034,0.0
PS4_t2035,0.0
PS4_t2036,0.0
PS4_t2037,0.0
PS4_t2038,0.0
PS4_t2039,0.0
PS4_t2040,0.0
PS4_t2025,0.0
PS4_t2026,0.0
PS4_t2027,0.0
PS4_t2028,0.0
PS4_t2029,0.0
PS4_t2030,0.0
PS4_t2031,0.0
PS4_t2032,0.0
PS4_t2017,0.0
PS4_t2018,0.0
PS4_t2019,0.0
PS4_t2020,0.0
PS4_t2021,0.0
PS4_t2022,0.0
PS4_t2023,0.0
PS4_t2024,0.0
PS4_t2009,0.0
PS4_t2010,0.0
PS4_t2011,0.0
PS4_t2012,0.0
PS4_t2013,0.0
PS4_t2014,0.0
PS4_t2015,0.0
PS4_t2016,0.0
PS4_t2065,0.0
PS4_t2066,0.0
PS4_t2067,0.0
PS4_t2068,0.0
PS4_t2069,0.0
PS4_t2070,0.0
PS4_t2071,0.0
PS4_t2072,0.0
PS4_t2057,0.0
PS4_t2058,0.0
PS4_t2059,0.0
PS4_t2060,0.0
PS4_t2061,0.0
PS4_t2062,0.0
PS4_t2063,0.0
PS4_t2064,0.0
PS4_t2049,0.0
PS4_t2050,0.0
PS4_t2051,0.0
PS4_t2052,0.0
PS4_t2053,0.0
PS4_t2054,0.0
PS4_t2055,0.0
PS4_t2056,0.0
PS4_t2041,0.0
PS4_t2042,0.0
PS4_t2043,0.0
PS4_t2044,0.0
PS4_t2045,0.0
PS4_t2046,0.0
PS4_t2047,0.0
PS4_t2048,0.0
PS4_t2097,0.0
PS4_t2098,0.0
PS4_t2099,0.0
PS4_t2100,0.0
PS4_t2101,0.0
PS4_t2102,0.0
PS4_t2103,0.0
PS4_t2104,0.0
PS4_t2089,0.0
PS4_t2090,0.0
PS4_t2091,0.0
PS4_t2092,0.0
PS4_t2093,0.0
PS4_t2094,0.0
PS4_t2095,0.0
PS4_t2096,0.0
PS4_t2081,0.0
PS4_t2082,0.0
PS4_t2083,0.0
PS4_t2084,0.0
PS4_t2085,0.0
PS4_t2086,0.0
PS4_t2087,0.0
PS4_t2088,0.0
PS4_t2073,0.0
PS4_t2074,0.0
PS4_t2075,0.0
PS4_t2076,0.0
PS4_t2077,0.0
PS4_t2078,0.0
PS4_t2079,0.0
PS4_t2080,0.0
PS4_t2129,0.0
PS4_t2130,0.0
PS4_t2131,0.0
PS4_t2132,0.0
PS4_t2133,0.0
PS4_t2134,0.0
PS4_t2135,0.0
PS4_t2136,0.0
PS4_t2121,0.0
PS4_t2122,0.0
PS4_t2123,0.0
PS4_t2124,0.0
PS4_t2125,0.0
PS4_t2126,0.0
PS4_t2127,0.0
PS4_t2128,0.0
PS4_t2113,0.0
PS4_t2114,0.0
PS4_t2115,0.0
PS4_t2116,0.0
PS4_t2117,0.0
PS4_t2118,0.0
PS4_t2119,0.0
PS4_t2120,0.0
PS4_t2105,0.0
PS4_t2106,0.0
PS4_t2107,0.0
PS4_t2108,0.0
PS4_t2109,0.0
PS4_t2110,0.0
PS4_t2111,0.0
PS4_t2112,0.0
PS4_t2161,0.0
PS4_t2162,0.0
PS4_t2163,0.0
PS4_t2164,0.0
PS4_t2165,0.0
PS4_t2166,0.0
PS4_t2167,0.0
PS4_t2168,0.0
PS4_t2153,0.0
PS4_t2154,0.0
PS4_t2155,0.0
PS4_t2156,0.0
PS4_t2157,0.0
PS4_t2158,0.0
PS4_t2159,0.0
PS4_t2160,0.0
PS4_t2145,0.0
PS4_t2146,0.0
PS4_t2147,0.0
PS4_t2148,0.0
PS4_t2149,0.0
PS4_t2150,0.0
PS4_t2151,0.0
PS4_t2152,0.0
PS4_t2137,0.0
PS4_t2138,0.0
PS4_t2139,0.0
PS4_t2140,0.0
PS4_t2141,0.0
PS4_t2142,0.0
PS4_t2143,0.0
PS4_t2144,0.0
PS4_t2193,0.0
PS4_t2194,0.0
PS4_t2195,0.0
PS4_t2196,0.0
PS4_t2197,0.0
PS4_t2198,0.0
PS4_t2199,0.0
PS4_t2200,0.0
PS4_t2185,0.0
PS4_t2186,0.0
PS4_t2187,0.0
PS4_t2188,0.0
PS4_t2189,0.0
PS4_t2190,0.0
PS4_t2191,0.0
PS4_t2192,0.0
PS4_t2177,0.0
PS4_t2178,0.0
PS4_t2179,0.0
PS4_t2180,0.0
PS4_t2181,0.0
PS4_t2182,0.0
PS4_t2183,0.0
PS4_t2184,0.0
PS4_t2169,0.0
PS4_t2170,0.0
PS4_t2171,0.0
PS4_t2172,0.0
PS4_t2173,0.0
PS4_t2174,0.0
PS4_t2175,0.0
PS4_t2176,0.0
PS4_t2225,0.0
PS4_t2226,0.0
PS4_t2227,0.0
PS4_t2228,0.0
PS4_t2229,0.0
PS4_t2230,0.0
PS4_t2231,0.0
PS4_t2232,0.0
PS4_t2217,0.0
PS4_t2218,0.0
PS4_t2219,0.0
PS4_t2220,0.0
PS4_t2221,0.0
PS4_t2222,0.0
PS4_t2223,0.0
PS4_t2224,0.0
PS4_t2209,0.0
PS4_t2210,0.0
PS4_t2211,0.0
PS4_t2212,0.0
PS4_t2213,0.0
PS4_t2214,0.0
PS4_t2215,0.0
PS4_t2216,0.0
PS4_t2201,0.0
PS4_t2202,0.0
PS4_t2203,0.0
PS4_t2204,0.0
PS4_t2205,0.0
PS4_t2206,0.0
PS4_t2207,0.0
PS4_t2208,0.0
PS4_t2257,0.0
PS4_t2258,0.0
PS4_t2259,0.0
PS4_t2260,0.0
PS4_t2261,0.0
PS4_t2262,0.0
PS4_t2263,0.0
PS4_t2264,0.0
PS4_t2249,0.0
PS4_t2250,0.0
PS4_t2251,0.0
PS4_t2252,0.0
PS4_t2253,0.0
PS4_t2254,0.0
PS4_t2255,0.0
PS4_t2256,0.0
PS4_t2241,0.0
PS4_t2242,0.0
PS4_t2243,0.0
PS4_t2244,0.0
PS4_t2245,0.0
PS4_t2246,0.0
PS4_t2247,0.0
PS4_t2248,0.0
PS4_t2233,0.0
PS4_t2234,0.0
PS4_t2235,0.0
PS4_t2236,0.0
PS4_t2237,0.0
PS4_t2238,0.0
PS4_t2239,0.0
PS4_t2240,0.0
PS4_t2289,0.0
PS4_t2290,0.0
PS4_t2291,0.0
PS4_t2292,0.0
PS4_t2293,0.0
PS4_t2294,0.0
PS4_t2295,0.0
PS4_t2296,0.0
PS4_t2281,0.0
PS4_t2282,0.0
PS4_t2283,0.0
PS4_t2284,0.0
PS4_t2285,0.0
PS4_t2286,0.0
PS4_t2287,0.0
PS4_t2288,0.0
PS4_t2273,0.0
PS4_t2274,0.0
PS4_t2275,0.0
PS4_t2276,0.0
PS4_t2277,0.0
PS4_t2278,0.0
PS4_t2279,0.0
PS4_t2280,0.0
PS4_t2265,0.0
PS4_t2266,0.0
PS4_t2267,0.0
PS4_t2268,0.0
PS4_t2269,0.0
PS4_t2270,0.0
PS4_t2271,0.0
PS4_t2272,0.0
PS4_t2321,0.0
PS4_t2322,0.0
PS4_t2323,0.0
PS4_t2324,0.0
PS4_t2325,0.0
PS4_t2326,0.0
PS4_t2327,0.0
PS4_t2328,0.0
PS4_t2313,0.0
PS4_t2314,0.0
PS4_t2315,0.0
PS4_t2316,0.0
PS4_t2317,0.0
PS4_t2318,0.0
PS4_t2319,0.0
PS4_t2320,0.0
PS4_t2305,0.0
PS4_t2306,0.0
PS4_t2307,0.0
PS4_t2308,0.0
PS4_t2309,0.0
PS4_t2310,0.0
PS4_t2311,0.0
PS4_t2312,0.0
PS4_t2297,0.0
PS4_t2298,0.0
PS4_t2299,0.0
PS4_t2300,0.0
PS4_t2301,0.0
PS4_t2302,0.0
PS4_t2303,0.0
PS4_t2304,0.0
PS4_t2353,0.0
PS4_t2354,0.0
PS4_t2355,0.0
PS4_t2356,0.0
PS4_t2357,0.0
PS4_t2358,0.0
PS4_t2359,0.0
PS4_t2360,0.0
PS4_t2345,0.0
PS4_t2346,0.0
PS4_t2347,0.0
PS4_t2348,0.0
PS4_t2349,0.0
PS4_t2350,0.0
PS4_t2351,0.0
PS4_t2352,0.0
PS4_t2337,0.0
PS4_t2338,0.0
PS4_t2339,0.0
PS4_t2340,0.0
PS4_t2341,0.0
PS4_t2342,0.0
PS4_t2343,0.0
PS4_t2344,0.0
PS4_t2329,0.0
PS4_t2330,0.0
PS4_t2331,0.0
PS4_t2332,0.0
PS4_t2333,0.0
PS4_t2334,0.0
PS4_t2335,0.0
PS4_t2336,0.0
PS4_t2385,0.0
PS4_t2386,0.0
PS4_t2387,0.0
PS4_t2388,0.0
PS4_t2389,0.0
PS4_t2390,0.0
PS4_t2391,0.0
PS4_t2392,0.0
PS4_t2377,0.0
PS4_t2378,0.0
PS4_t2379,0.0
PS4_t2380,0.0
PS4_t2381,0.0
PS4_t2382,0.0
PS4_t2383,0.0
PS4_t2384,0.0
PS4_t2369,0.0
PS4_t2370,0.0
PS4_t2371,0.0
PS4_t2372,0.0
PS4_t2373,0.0
PS4_t2374,0.0
PS4_t2375,0.0
PS4_t2376,0.0
PS4_t2361,0.0
PS4_t2362,0.0
PS4_t2363,0.0
PS4_t2364,0.0
PS4_t2365,0.0
PS4_t2366,0.0
PS4_t2367,0.0
PS4_t2368,0.0
PS4_t2417,0.0
PS4_t2418,0.0
PS4_t2419,0.0
PS4_t2420,0.0
PS4_t2421,0.0
PS4_t2422,0.0
PS4_t2423,0.0
PS4_t2424,0.0
PS4_t2409,0.0
PS4_t2410,0.0
PS4_t2411,0.0
PS4_t2412,0.0
PS4_t2413,0.0
PS4_t2414,0.0
PS4_t2415,0.0
PS4_t2416,0.0
PS4_t2401,0.0
PS4_t2402,0.0
PS4_t2403,0.0
PS4_t2404,0.0
PS4_t2405,0.0
PS4_t2406,0.0
PS4_t2407,0.0
PS4_t2408,0.0
PS4_t2393,0.0
PS4_t2394,0.0
PS4_t2395,0.0
PS4_t2396,0.0
PS4_t2397,0.0
PS4_t2398,0.0
PS4_t2399,0.0
PS4_t2400,0.0
PS4_t2449,0.0
PS4_t2450,0.0
PS4_t2451,0.0
PS4_t2452,0.0
PS4_t2453,0.0
PS4_t2454,0.0
PS4_t2455,0.0
PS4_t2456,0.0
PS4_t2441,0.0
PS4_t2442,0.0
PS4_t2443,0.0
PS4_t2444,0.0
PS4_t2445,0.0
PS4_t2446,0.0
PS4_t2447,0.0
PS4_t2448,0.0
PS4_t2433,0.0
PS4_t2434,0.0
PS4_t2435,0.0
PS4_t2436,0.0
PS4_t2437,0.0
PS4_t2438,0.0
PS4_t2439,0.0
PS4_t2440,0.0
PS4_t2425,0.0
PS4_t2426,0.0
PS4_t2427,0.0
PS4_t2428,0.0
PS4_t2429,0.0
PS4_t2430,0.0
PS4_t2431,0.0
PS4_t2432,0.0
PS4_t2481,0.0
PS4_t2482,0.0
PS4_t2483,0.0
PS4_t2484,0.0
PS4_t2485,0.0
PS4_t2486,0.0
PS4_t2487,0.0
PS4_t2488,0.0
PS4_t2473,0.0
PS4_t2474,0.0
PS4_t2475,0.0
PS4_t2476,0.0
PS4_t2477,0.0
PS4_t2478,0.0
PS4_t2479,0.0
PS4_t2480,0.0
PS4_t2465,0.0
PS4_t2466,0.0
PS4_t2467,0.0
PS4_t2468,0.0
PS4_t2469,0.0
PS4_t2470,0.0
PS4_t2471,0.0
PS4_t2472,0.0
PS4_t2457,0.0
PS4_t2458,0.0
PS4_t2459,0.0
PS4_t2460,0.0
PS4_t2461,0.0
PS4_t2462,0.0
PS4_t2463,0.0
PS4_t2464,0.0
PS4_t2513,0.0
PS4_t2514,0.0
PS4_t2515,0.0
PS4_t2516,0.0
PS4_t2517,0.0
PS4_t2518,0.0
PS4_t2519,0.0
PS4_t2520,0.0
PS4_t2505,0.0
PS4_t2506,0.0
PS4_t2507,0.0
PS4_t2508,0.0
PS4_t2509,0.0
PS4_t2510,0.0
PS4_t2511,0.0
PS4_t2512,0.0
PS4_t2497,0.0
PS4_t2498,0.0
PS4_t2499,0.0
PS4_t2500,0.0
PS4_t2501,0.0
PS4_t2502,0.0
PS4_t2503,0.0
PS4_t2504,0.0
PS4_t2489,0.0
PS4_t2490,0.0
PS4_t2491,0.0
PS4_t2492,0.0
PS4_t2493,0.0
PS4_t2494,0.0
PS4_t2495,0.0
PS4_t2496,0.0
PS4_t2545,0.0
PS4_t2546,0.0
PS4_t2547,0.0
PS4_t2548,0.0
PS4_t2549,0.0
PS4_t2550,0.0
PS4_t2551,0.0
PS4_t2552,0.0
PS4_t2537,0.0
PS4_t2538,0.0
PS4_t2539,0.0
PS4_t2540,0.0
PS4_t2541,0.0
PS4_t2542,0.0
PS4_t2543,0.0
PS4_t2544,0.0
PS4_t2529,0.0
PS4_t2530,0.0
PS4_t2531,0.0
PS4_t2532,0.0
PS4_t2533,0.0
PS4_t2534,0.0
PS4_t2535,0.0
PS4_t2536,0.0
PS4_t2521,0.0
PS4_t2522,0.0
PS4_t2523,0.0
PS4_t2524,0.0
PS4_t2525,0.0
PS4_t2526,0.0
PS4_t2527,0.0
PS4_t2528,0.0
PS4_t2577,0.0
PS4_t2578,0.0
PS4_t2579,0.0
PS4_t2580,0.0
PS4_t2581,0.0
PS4_t2582,0.0
PS4_t2583,0.0
PS4_t2584,0.0
PS4_t2569,0.0
PS4_t2570,0.0
PS4_t2571,0.0
PS4_t2572,0.0
PS4_t2573,0.0
PS4_t2574,0.0
PS4_t2575,0.0
PS4_t2576,0.0
PS4_t2561,0.0
PS4_t2562,0.0
PS4_t2563,0.0
PS4_t2564,0.0
PS4_t2565,0.0
PS4_t2566,0.0
PS4_t2567,0.0
PS4_t2568,0.0
PS4_t2553,0.0
PS4_t2554,0.0
PS4_t2555,0.0
PS4_t2556,0.0
PS4_t2557,0.0
PS4_t2558,0.0
PS4_t2559,0.0
PS4_t2560,0.0
PS4_t2609,0.0
PS4_t2610,0.0
PS4_t2611,0.0
PS4_t2612,0.0
PS4_t2613,0.0
PS4_t2614,0.0
PS4_t2615,0.0
PS4_t2616,0.0
PS4_t2601,0.0
PS4_t2602,0.0
PS4_t2603,0.0
PS4_t2604,0.0
PS4_t2605,0.0
PS4_t2606,0.0
PS4_t2607,0.0
PS4_t2608,0.0
PS4_t2593,0.0
PS4_t2594,0.0
PS4_t2595,0.0
PS4_t2596,0.0
PS4_t2597,0.0
PS4_t2598,0.0
PS4_t2599,0.0
PS4_t2600,0.0
PS4_t2585,0.0
PS4_t2586,0.0
PS4_t2587,0.0
PS4_t2588,0.0
PS4_t2589,0.0
PS4_t2590,0.0
PS4_t2591,0.0
PS4_t2592,0.0
PS4_t2641,0.0
PS4_t2642,0.0
PS4_t2643,0.0
PS4_t2644,0.0
PS4_t2645,0.0
PS4_t2646,0.0
PS4_t2647,0.0
PS4_t2648,0.0
PS4_t2633,0.0
PS4_t2634,0.0
PS4_t2635,0.0
PS4_t2636,0.0
PS4_t2637,0.0
PS4_t2638,0.0
PS4_t2639,0.0
PS4_t2640,0.0
PS4_t2625,0.0
PS4_t2626,0.0
PS4_t2627,0.0
PS4_t2628,0.0
PS4_t2629,0.0
PS4_t2630,0.0
PS4_t2631,0.0
PS4_t2632,0.0
PS4_t2617,0.0
PS4_t2618,0.0
PS4_t2619,0.0
PS4_t2620,0.0
PS4_t2621,0.0
PS4_t2622,0.0
PS4_t2623,0.0
PS4_t2624,0.0
PS4_t2673,0.0
PS4_t2674,0.0
PS4_t2675,0.0
PS4_t2676,0.0
PS4_t2677,0.0
PS4_t2678,0.0
PS4_t2679,0.0
PS4_t2680,0.0
PS4_t2665,0.0
PS4_t2666,0.0
PS4_t2667,0.0
PS4_t2668,0.0
PS4_t2669,0.0
PS4_t2670,0.0
PS4_t2671,0.0
PS4_t2672,0.0
PS4_t2657,0.0
PS4_t2658,0.0
PS4_t2659,0.0
PS4_t2660,0.0
PS4_t2661,0.0
PS4_t2662,0.0
PS4_t2663,0.0
PS4_t2664,0.0
PS4_t2649,0.0
PS4_t2650,0.0
PS4_t2651,0.0
PS4_t2652,0.0
PS4_t2653,0.0
PS4_t2654,0.0
PS4_t2655,0.0
PS4_t2656,0.0
PS4_t2705,0.0
PS4_t2706,0.0
PS4_t2707,0.0
PS4_t2708,0.0
PS4_t2709,0.0
PS4_t2710,0.0
PS4_t2711,0.0
PS4_t2712,0.0
PS4_t2697,0.0
PS4_t2698,0.0
PS4_t2699,0.0
PS4_t2700,0.0
PS4_t2701,0.0
PS4_t2702,0.0
PS4_t2703,0.0
PS4_t2704,0.0
PS4_t2689,0.0
PS4_t2690,0.0
PS4_t2691,0.0
PS4_t2692,0.0
PS4_t2693,0.0
PS4_t2694,0.0
PS4_t2695,0.0
PS4_t2696,0.0
PS4_t2681,0.0
PS4_t2682,0.0
PS4_t2683,0.0
PS4_t2684,0.0
PS4_t2685,0.0
PS4_t2686,0.0
PS4_t2687,0.0
PS4_t2688,0.0
PS4_t2737,0.0
PS4_t2738,0.0
PS4_t2739,0.0
PS4_t2740,0.0
PS4_t2741,0.0
PS4_t2742,0.0
PS4_t2743,0.0
PS4_t2744,0.0
PS4_t2729,0.0
PS4_t2730,0.0
PS4_t2731,0.0
PS4_t2732,0.0
PS4_t2733,0.0
PS4_t2734,0.0
PS4_t2735,0.0
PS4_t2736,0.0
PS4_t2721,0.0
PS4_t2722,0.0
PS4_t2723,0.0
PS4_t2724,0.0
PS4_t2725,0.0
PS4_t2726,0.0
PS4_t2727,0.0
PS4_t2728,0.0
PS4_t2713,0.0
PS4_t2714,0.0
PS4_t2715,0.0
PS4_t2716,0.0
PS4_t2717,0.0
PS4_t2718,0.0
PS4_t2719,0.0
PS4_t2720,0.0
PS4_t2769,0.0
PS4_t2770,0.0
PS4_t2771,0.0
PS4_t2772,0.0
PS4_t2773,0.0
PS4_t2774,0.0
PS4_t2775,0.0
PS4_t2776,0.0
PS4_t2761,0.0
PS4_t2762,0.0
PS4_t2763,0.0
PS4_t2764,0.0
PS4_t2765,0.0
PS4_t2766,0.0
PS4_t2767,0.0
PS4_t2768,0.0
PS4_t2753,0.0
PS4_t2754,0.0
PS4_t2755,0.0
PS4_t2756,0.0
PS4_t2757,0.0
PS4_t2758,0.0
PS4_t2759,0.0
PS4_t2760,0.0
PS4_t2745,0.0
PS4_t2746,0.0
PS4_t2747,0.0
PS4_t2748,0.0
PS4_t2749,0.0
PS4_t2750,0.0
PS4_t2751,0.0
PS4_t2752,0.0
PS4_t2801,0.0
PS4_t2802,0.0
PS4_t2803,0.0
PS4_t2804,0.0
PS4_t2805,0.0
PS4_t2806,0.0
PS4_t2807,0.0
PS4_t2808,0.0
PS4_t2793,0.0
PS4_t2794,0.0
PS4_t2795,0.0
PS4_t2796,0.0
PS4_t2797,0.0
PS4_t2798,0.0
PS4_t2799,0.0
PS4_t2800,0.0
PS4_t2785,0.0
PS4_t2786,0.0
PS4_t2787,0.0
PS4_t2788,0.0
PS4_t2789,0.0
PS4_t2790,0.0
PS4_t2791,0.0
PS4_t2792,0.0
PS4_t2777,0.0
PS4_t2778,0.0
PS4_t2779,0.0
PS4_t2780,0.0
PS4_t2781,0.0
PS4_t2782,0.0
PS4_t2783,0.0
PS4_t2784,0.0
PS4_t2833,0.0
PS4_t2834,0.0
PS4_t2835,0.0
PS4_t2836,0.0
PS4_t2837,0.0
PS4_t2838,0.0
PS4_t2839,0.0
PS4_t2840,0.0
PS4_t2825,0.0
PS4_t2826,0.0
PS4_t2827,0.0
PS4_t2828,0.0
PS4_t2829,0.0
PS4_t2830,0.0
PS4_t2831,0.0
PS4_t2832,0.0
PS4_t2817,0.0
PS4_t2818,0.0
PS4_t2819,0.0
PS4_t2820,0.0
PS4_t2821,0.0
PS4_t2822,0.0
PS4_t2823,0.0
PS4_t2824,0.0
PS4_t2809,0.0
PS4_t2810,0.0
PS4_t2811,0.0
PS4_t2812,0.0
PS4_t2813,0.0
PS4_t2814,0.0
PS4_t2815,0.0
PS4_t2816,0.0
PS4_t2865,0.0
PS4_t2866,0.0
PS4_t2867,0.0
PS4_t2868,0.0
PS4_t2869,0.0
PS4_t2870,0.0
PS4_t2871,0.0
PS4_t2872,0.0
PS4_t2857,0.0
PS4_t2858,0.0
PS4_t2859,0.0
PS4_t2860,0.0
PS4_t2861,0.0
PS4_t2862,0.0
PS4_t2863,0.0
PS4_t2864,0.0
PS4_t2849,0.0
PS4_t2850,0.0
PS4_t2851,0.0
PS4_t2852,0.0
PS4_t2853,0.0
PS4_t2854,0.0
PS4_t2855,0.0
PS4_t2856,0.0
PS4_t2841,0.0
PS4_t2842,0.0
PS4_t2843,0.0
PS4_t2844,0.0
PS4_t2845,0.0
PS4_t2846,0.0
PS4_t2847,0.0
PS4_t2848,0.0
PS4_t2897,0.0
PS4_t2898,0.0
PS4_t2899,0.0
PS4_t2900,0.0
PS4_t2901,0.0
PS4_t2902,0.0
PS4_t2903,0.0
PS4_t2904,0.0
PS4_t2889,0.0
PS4_t2890,0.0
PS4_t2891,0.0
PS4_t2892,0.0
PS4_t2893,0.0
PS4_t2894,0.0
PS4_t2895,0.0
PS4_t2896,0.0
PS4_t2881,0.0
PS4_t2882,0.0
PS4_t2883,0.0
PS4_t2884,0.0
PS4_t2885,0.0
PS4_t2886,0.0
PS4_t2887,0.0
PS4_t2888,0.0
PS4_t2873,0.0
PS4_t2874,0.0
PS4_t2875,0.0
PS4_t2876,0.0
PS4_t2877,0.0
PS4_t2878,0.0
PS4_t2879,0.0
PS4_t2880,0.0
PS4_t2929,0.0
PS4_t2930,0.0
PS4_t2931,0.0
PS4_t2932,0.0
PS4_t2933,0.0
PS4_t2934,0.0
PS4_t2935,0.0
PS4_t2936,0.0
PS4_t2921,0.0
PS4_t2922,0.0
PS4_t2923,0.0
PS4_t2924,0.0
PS4_t2925,0.0
PS4_t2926,0.0
PS4_t2927,0.0
PS4_t2928,0.0
PS4_t2913,0.0
PS4_t2914,0.0
PS4_t2915,0.0
PS4_t2916,0.0
PS4_t2917,0.0
PS4_t2918,0.0
PS4_t2919,0.0
PS4_t2920,0.0
PS4_t2905,0.0
PS4_t2906,0.0
PS4_t2907,0.0
PS4_t2908,0.0
PS4_t2909,0.0
PS4_t2910,0.0
PS4_t2911,0.0
PS4_t2912,0.0
PS4_t2961,0.0
PS4_t2962,0.0
PS4_t2963,0.0
PS4_t2964,0.0
PS4_t2965,0.0
PS4_t2966,0.0
PS4_t2967,0.0
PS4_t2968,0.0
PS4_t2953,0.0
PS4_t2954,0.0
PS4_t2955,0.0
PS4_t2956,0.0
PS4_t2957,0.0
PS4_t2958,0.0
PS4_t2959,0.0
PS4_t2960,0.0
PS4_t2945,0.0
PS4_t2946,0.0
PS4_t2947,0.0
PS4_t2948,0.0
PS4_t2949,0.0
PS4_t2950,0.0
PS4_t2951,0.0
PS4_t2952,0.0
PS4_t2937,0.0
PS4_t2938,0.0
PS4_t2939,0.0
PS4_t2940,0.0
PS4_t2941,0.0
PS4_t2942,0.0
PS4_t2943,0.0
PS4_t2944,0.0
PS4_t2993,0.0
PS4_t2994,0.0
PS4_t2995,0.0
PS4_t2996,0.0
PS4_t2997,0.0
PS4_t2998,0.0
PS4_t2999,0.0
PS4_t3000,0.0
PS4_t2985,0.0
PS4_t2986,0.0
PS4_t2987,0.0
PS4_t2988,0.0
PS4_t2989,0.0
PS4_t2990,0.0
PS4_t2991,0.0
PS4_t2992,0.0
PS4_t2977,0.0
PS4_t2978,0.0
PS4_t2979,0.0
PS4_t2980,0.0
PS4_t2981,0.0
PS4_t2982,0.0
PS4_t2983,0.0
PS4_t2984,0.0
PS4_t2969,0.0
PS4_t2970,0.0
PS4_t2971,0.0
PS4_t2972,0.0
PS4_t2973,0.0
PS4_t2974,0.0
PS4_t2975,0.0
PS4_t2976,0.0
PS4_t3025,0.0
PS4_t3026,0.0
PS4_t3027,0.0
PS4_t3028,0.0
PS4_t3029,0.0
PS4_t3030,0.0
PS4_t3031,0.0
PS4_t3032,0.0
PS4_t3017,0.0
PS4_t3018,0.0
PS4_t3019,0.0
PS4_t3020,0.0
PS4_t3021,0.0
PS4_t3022,0.0
PS4_t3023,0.0
PS4_t3024,0.0
PS4_t3009,0.0
PS4_t3010,0.0
PS4_t3011,0.0
PS4_t3012,0.0
PS4_t3013,0.0
PS4_t3014,0.0
PS4_t3015,0.0
PS4_t3016,0.0
PS4_t3001,0.0
PS4_t3002,0.0
PS4_t3003,0.0
PS4_t3004,0.0
PS4_t3005,0.0
PS4_t3006,0.0
PS4_t3007,0.0
PS4_t3008,0.0
PS4_t3057,0.0
PS4_t3058,0.0
PS4_t3059,0.0
PS4_t3060,0.0
PS4_t3061,0.0
PS4_t3062,0.0
PS4_t3063,0.0
PS4_t3064,0.0
PS4_t3049,0.0
PS4_t3050,0.0
PS4_t3051,0.0
PS4_t3052,0.0
PS4_t3053,0.0
PS4_t3054,0.0
PS4_t3055,0.0
PS4_t3056,0.0
PS4_t3041,0.0
PS4_t3042,0.0
PS4_t3043,0.0
PS4_t3044,0.0
PS4_t3045,0.0
PS4_t3046,0.0
PS4_t3047,0.0
PS4_t3048,0.0
PS4_t3033,0.0
PS4_t3034,0.0
PS4_t3035,0.0
PS4_t3036,0.0
PS4_t3037,0.0
PS4_t3038,0.0
PS4_t3039,0.0
PS4_t3040,0.0
PS4_t3089,0.0
PS4_t3090,0.0
PS4_t3091,0.0
PS4_t3092,0.0
PS4_t3093,0.0
PS4_t3094,0.0
PS4_t3095,0.0
PS4_t3096,0.0
PS4_t3081,0.0
PS4_t3082,0.0
PS4_t3083,0.0
PS4_t3084,0.0
PS4_t3085,0.0
PS4_t3086,0.0
PS4_t3087,0.0
PS4_t3088,0.0
PS4_t3073,0.0
PS4_t3074,0.0
PS4_t3075,0.0
PS4_t3076,0.0
PS4_t3077,0.0
PS4_t3078,0.0
PS4_t3079,0.0
PS4_t3080,0.0
PS4_t3065,0.0
PS4_t3066,0.0
PS4_t3067,0.0
PS4_t3068,0.0
PS4_t3069,0.0
PS4_t3070,0.0
PS4_t3071,0.0
PS4_t3072,0.0
PS4_t3121,0.0
PS4_t3122,0.0
PS4_t3123,0.0
PS4_t3124,0.0
PS4_t3125,0.0
PS4_t3126,0.0
PS4_t3127,0.0
PS4_t3128,0.0
PS4_t3113,0.0
PS4_t3114,0.0
PS4_t3115,0.0
PS4_t3116,0.0
PS4_t3117,0.0
PS4_t3118,0.0
PS4_t3119,0.0
PS4_t3120,0.0
PS4_t3105,0.0
PS4_t3106,0.0
PS4_t3107,0.0
PS4_t3108,0.0
PS4_t3109,0.0
PS4_t3110,0.0
PS4_t3111,0.0
PS4_t3112,0.0
PS4_t3097,0.0
PS4_t3098,0.0
PS4_t3099,0.0
PS4_t3100,0.0
PS4_t3101,0.0
PS4_t3102,0.0
PS4_t3103,0.0
PS4_t3104,0.0
PS4_t3153,0.0
PS4_t3154,0.0
PS4_t3155,0.0
PS4_t3156,0.0
PS4_t3157,0.0
PS4_t3158,0.0
PS4_t3159,0.0
PS4_t3160,0.0
PS4_t3145,0.0
PS4_t3146,0.0
PS4_t3147,0.0
PS4_t3148,0.0
PS4_t3149,0.0
PS4_t3150,0.0
PS4_t3151,0.0
PS4_t3152,0.0
PS4_t3137,0.0
PS4_t3138,0.0
PS4_t3139,0.0
PS4_t3140,0.0
PS4_t3141,0.0
PS4_t3142,0.0
PS4_t3143,0.0
PS4_t3144,0.0
PS4_t3129,0.0
PS4_t3130,0.0
PS4_t3131,0.0
PS4_t3132,0.0
PS4_t3133,0.0
PS4_t3134,0.0
PS4_t3135,0.0
PS4_t3136,0.0
PS4_t3185,0.0
PS4_t3186,0.0
PS4_t3187,0.0
PS4_t3188,0.0
PS4_t3189,0.0
PS4_t3190,0.0
PS4_t3191,0.0
PS4_t3192,0.0
PS4_t3177,0.0
PS4_t3178,0.0
PS4_t3179,0.0
PS4_t3180,0.0
PS4_t3181,0.0
PS4_t3182,0.0
PS4_t3183,0.0
PS4_t3184,0.0
PS4_t3169,0.0
PS4_t3170,0.0
PS4_t3171,0.0
PS4_t3172,0.0
PS4_t3173,0.0
PS4_t3174,0.0
PS4_t3175,0.0
PS4_t3176,0.0
PS4_t3161,0.0
PS4_t3162,0.0
PS4_t3163,0.0
PS4_t3164,0.0
PS4_t3165,0.0
PS4_t3166,0.0
PS4_t3167,0.0
PS4_t3168,0.0
PS4_t3217,0.0
PS4_t3218,0.0
PS4_t3219,0.0
PS4_t3220,0.0
PS4_t3221,0.0
PS4_t3222,0.0
PS4_t3223,0.0
PS4_t3224,0.0
PS4_t3209,0.0
PS4_t3210,0.0
PS4_t3211,0.0
PS4_t3212,0.0
PS4_t3213,0.0
PS4_t3214,0.0
PS4_t3215,0.0
PS4_t3216,0.0
PS4_t3201,0.0
PS4_t3202,0.0
PS4_t3203,0.0
PS4_t3204,0.0
PS4_t3205,0.0
PS4_t3206,0.0
PS4_t3207,0.0
PS4_t3208,0.0
PS4_t3193,0.0
PS4_t3194,0.0
PS4_t3195,0.0
PS4_t3196,0.0
PS4_t3197,0.0
PS4_t3198,0.0
PS4_t3199,0.0
PS4_t3200,0.0
PS4_t3249,0.0
PS4_t3250,0.0
PS4_t3251,0.0
PS4_t3252,0.0
PS4_t3253,0.0
PS4_t3254,0.0
PS4_t3255,0.0
PS4_t3256,0.0
PS4_t3241,0.0
PS4_t3242,0.0
PS4_t3243,0.0
PS4_t3244,0.0
PS4_t3245,0.0
PS4_t3246,0.0
PS4_t3247,0.0
PS4_t3248,0.0
PS4_t3233,0.0
PS4_t3234,0.0
PS4_t3235,0.0
PS4_t3236,0.0
PS4_t3237,0.0
PS4_t3238,0.0
PS4_t3239,0.0
PS4_t3240,0.0
PS4_t3225,0.0
PS4_t3226,0.0
PS4_t3227,0.0
PS4_t3228,0.0
PS4_t3229,0.0
PS4_t3230,0.0
PS4_t3231,0.0
PS4_t3232,0.0
PS4_t3281,0.0
PS4_t3282,0.0
PS4_t3283,0.0
PS4_t3284,0.0
PS4_t3285,0.0
PS4_t3286,0.0
PS4_t3287,0.0
PS4_t3288,0.0
PS4_t3273,0.0
PS4_t3274,0.0
PS4_t3275,0.0
PS4_t3276,0.0
PS4_t3277,0.0
PS4_t3278,0.0
PS4_t3279,0.0
PS4_t3280,0.0
PS4_t3265,0.0
PS4_t3266,0.0
PS4_t3267,0.0
PS4_t3268,0.0
PS4_t3269,0.0
PS4_t3270,0.0
PS4_t3271,0.0
PS4_t3272,0.0
PS4_t3257,0.0
PS4_t3258,0.0
PS4_t3259,0.0
PS4_t3260,0.0
PS4_t3261,0.0
PS4_t3262,0.0
PS4_t3263,0.0
PS4_t3264,0.0
PS4_t3313,0.0
PS4_t3314,0.0
PS4_t3315,0.0
PS4_t3316,0.0
PS4_t3317,0.0
PS4_t3318,0.0
PS4_t3319,0.0
PS4_t3320,0.0
PS4_t3305,0.0
PS4_t3306,0.0
PS4_t3307,0.0
PS4_t3308,0.0
PS4_t3309,0.0
PS4_t3310,0.0
PS4_t3311,0.0
PS4_t3312,0.0
PS4_t3297,0.0
PS4_t3298,0.0
PS4_t3299,0.0
PS4_t3300,0.0
PS4_t3301,0.0
PS4_t3302,0.0
PS4_t3303,0.0
PS4_t3304,0.0
PS4_t3289,0.0
PS4_t3290,0.0
PS4_t3291,0.0
PS4_t3292,0.0
PS4_t3293,0.0
PS4_t3294,0.0
PS4_t3295,0.0
PS4_t3296,0.0
PS4_t3345,0.0
PS4_t3346,0.0
PS4_t3347,0.0
PS4_t3348,0.0
PS4_t3349,0.0
PS4_t3350,0.0
PS4_t3351,0.0
PS4_t3352,0.0
PS4_t3337,0.0
PS4_t3338,0.0
PS4_t3339,0.0
PS4_t3340,0.0
PS4_t3341,0.0
PS4_t3342,0.0
PS4_t3343,0.0
PS4_t3344,0.0
PS4_t3329,0.0
PS4_t3330,0.0
PS4_t3331,0.0
PS4_t3332,0.0
PS4_t3333,0.0
PS4_t3334,0.0
PS4_t3335,0.0
PS4_t3336,0.0
PS4_t3321,0.0
PS4_t3322,0.0
PS4_t3323,0.0
PS4_t3324,0.0
PS4_t3325,0.0
PS4_t3326,0.0
PS4_t3327,0.0
PS4_t3328,0.0
PS4_t3377,0.0
PS4_t3378,0.0
PS4_t3379,0.0
PS4_t3380,0.0
PS4_t3381,0.0
PS4_t3382,0.0
PS4_t3383,0.0
PS4_t3384,0.0
PS4_t3369,0.0
PS4_t3370,0.0
PS4_t3371,0.0
PS4_t3372,0.0
PS4_t3373,0.0
PS4_t3374,0.0
PS4_t3375,0.0
PS4_t3376,0.0
PS4_t3361,0.0
PS4_t3362,0.0
PS4_t3363,0.0
PS4_t3364,0.0
PS4_t3365,0.0
PS4_t3366,0.0
PS4_t3367,0.0
PS4_t3368,0.0
PS4_t3353,0.0
PS4_t3354,0.0
PS4_t3355,0.0
PS4_t3356,0.0
PS4_t3357,0.0
PS4_t3358,0.0
PS4_t3359,0.0
PS4_t3360,0.0
PS4_t3409,0.0
PS4_t3410,0.0
PS4_t3411,0.0
PS4_t3412,0.0
PS4_t3413,0.0
PS4_t3414,0.0
PS4_t3415,0.0
PS4_t3416,0.0
PS4_t3401,0.0
PS4_t3402,0.0
PS4_t3403,0.0
PS4_t3404,0.0
PS4_t3405,0.0
PS4_t3406,0.0
PS4_t3407,0.0
PS4_t3408,0.0
PS4_t3393,0.0
PS4_t3394,0.0
PS4_t3395,0.0
PS4_t3396,0.0
PS4_t3397,0.0
PS4_t3398,0.0
PS4_t3399,0.0
PS4_t3400,0.0
PS4_t3385,0.0
PS4_t3386,0.0
PS4_t3387,0.0
PS4_t3388,0.0
PS4_t3389,0.0
PS4_t3390,0.0
PS4_t3391,0.0
PS4_t3392,0.0
PS4_t3441,0.0
PS4_t3442,0.0
PS4_t3443,0.0
PS4_t3444,0.0
PS4_t3445,0.0
PS4_t3446,0.0
PS4_t3447,0.0
PS4_t3448,0.0
PS4_t3433,0.0
PS4_t3434,0.0
PS4_t3435,0.0
PS4_t3436,0.0
PS4_t3437,0.0
PS4_t3438,0.0
PS4_t3439,0.0
PS4_t3440,0.0
PS4_t3425,0.0
PS4_t3426,0.0
PS4_t3427,0.0
PS4_t3428,0.0
PS4_t3429,0.0
PS4_t3430,0.0
PS4_t3431,0.0
PS4_t3432,0.0
PS4_t3417,0.0
PS4_t3418,0.0
PS4_t3419,0.0
PS4_t3420,0.0
PS4_t3421,0.0
PS4_t3422,0.0
PS4_t3423,0.0
PS4_t3424,0.0
PS4_t3473,0.0
PS4_t3474,0.0
PS4_t3475,0.0
PS4_t3476,0.0
PS4_t3477,0.0
PS4_t3478,0.0
PS4_t3479,0.0
PS4_t3480,0.0
PS4_t3465,0.0
PS4_t3466,0.0
PS4_t3467,0.0
PS4_t3468,0.0
PS4_t3469,0.0
PS4_t3470,0.0
PS4_t3471,0.0
PS4_t3472,0.0
PS4_t3457,0.0
PS4_t3458,0.0
PS4_t3459,0.0
PS4_t3460,0.0
PS4_t3461,0.0
PS4_t3462,0.0
PS4_t3463,0.0
PS4_t3464,0.0
PS4_t3449,0.0
PS4_t3450,0.0
PS4_t3451,0.0
PS4_t3452,0.0
PS4_t3453,0.0
PS4_t3454,0.0
PS4_t3455,0.0
PS4_t3456,0.0
PS4_t3505,0.0
PS4_t3506,0.0
PS4_t3507,0.0
PS4_t3508,0.0
PS4_t3509,0.0
PS4_t3510,0.0
PS4_t3511,0.0
PS4_t3512,0.0
PS4_t3497,0.0
PS4_t3498,0.0
PS4_t3499,0.0
PS4_t3500,0.0
PS4_t3501,0.0
PS4_t3502,0.0
PS4_t3503,0.0
PS4_t3504,0.0
PS4_t3489,0.0
PS4_t3490,0.0
PS4_t3491,0.0
PS4_t3492,0.0
PS4_t3493,0.0
PS4_t3494,0.0
PS4_t3495,0.0
PS4_t3496,0.0
PS4_t3481,0.0
PS4_t3482,0.0
PS4_t3483,0.0
PS4_t3484,0.0
PS4_t3485,0.0
PS4_t3486,0.0
PS4_t3487,0.0
PS4_t3488,0.0
PS4_t3537,0.0
PS4_t3538,0.0
PS4_t3539,0.0
PS4_t3540,0.0
PS4_t3541,0.0
PS4_t3542,0.0
PS4_t3543,0.0
PS4_t3544,0.0
PS4_t3529,0.0
PS4_t3530,0.0
PS4_t3531,0.0
PS4_t3532,0.0
PS4_t3533,0.0
PS4_t3534,0.0
PS4_t3535,0.0
PS4_t3536,0.0
PS4_t3521,0.0
PS4_t3522,0.0
PS4_t3523,0.0
PS4_t3524,0.0
PS4_t3525,0.0
PS4_t3526,0.0
PS4_t3527,0.0
PS4_t3528,0.0
PS4_t3513,0.0
PS4_t3514,0.0
PS4_t3515,0.0
PS4_t3516,0.0
PS4_t3517,0.0
PS4_t3518,0.0
PS4_t3519,0.0
PS4_t3520,0.0
PS4_t3569,0.0
PS4_t3570,0.0
PS4_t3571,0.0
PS4_t3572,0.0
PS4_t3573,0.0
PS4_t3574,0.0
PS4_t3575,0.0
PS4_t3576,0.0
PS4_t3561,0.0
PS4_t3562,0.0
PS4_t3563,0.0
PS4_t3564,0.0
PS4_t3565,0.0
PS4_t3566,0.0
PS4_t3567,0.0
PS4_t3568,0.0
PS4_t3553,0.0
PS4_t3554,0.0
PS4_t3555,0.0
PS4_t3556,0.0
PS4_t3557,0.0
PS4_t3558,0.0
PS4_t3559,0.0
PS4_t3560,0.0
PS4_t3545,0.0
PS4_t3546,0.0
PS4_t3547,0.0
PS4_t3548,0.0
PS4_t3549,0.0
PS4_t3550,0.0
PS4_t3551,0.0
PS4_t3552,0.0
PS4_t3601,0.0
PS4_t3602,0.0
PS4_t3603,0.0
PS4_t3604,0.0
PS4_t3605,0.0
PS4_t3606,0.0
PS4_t3607,0.0
PS4_t3608,0.0
PS4_t3593,0.0
PS4_t3594,0.0
PS4_t3595,0.0
PS4_t3596,0.0
PS4_t3597,0.0
PS4_t3598,0.0
PS4_t3599,0.0
PS4_t3600,0.0
PS4_t3585,0.0
PS4_t3586,0.0
PS4_t3587,0.0
PS4_t3588,0.0
PS4_t3589,0.0
PS4_t3590,0.0
PS4_t3591,0.0
PS4_t3592,0.0
PS4_t3577,0.0
PS4_t3578,0.0
PS4_t3579,0.0
PS4_t3580,0.0
PS4_t3581,0.0
PS4_t3582,0.0
PS4_t3583,0.0
PS4_t3584,0.0
PS4_t3633,0.0
PS4_t3634,0.0
PS4_t3635,0.0
PS4_t3636,0.0
PS4_t3637,0.0
PS4_t3638,0.0
PS4_t3639,0.0
PS4_t3640,0.0
PS4_t3625,0.0
PS4_t3626,0.0
PS4_t3627,0.0
PS4_t3628,0.0
PS4_t3629,0.0
PS4_t3630,0.0
PS4_t3631,0.0
PS4_t3632,0.0
PS4_t3617,0.0
PS4_t3618,0.0
PS4_t3619,0.0
PS4_t3620,0.0
PS4_t3621,0.0
PS4_t3622,0.0
PS4_t3623,0.0
PS4_t3624,0.0
PS4_t3609,0.0
PS4_t3610,0.0
PS4_t3611,0.0
PS4_t3612,0.0
PS4_t3613,0.0
PS4_t3614,0.0
PS4_t3615,0.0
PS4_t3616,0.0
PS4_t3665,0.0
PS4_t3666,0.0
PS4_t3667,0.0
PS4_t3668,0.0
PS4_t3669,0.0
PS4_t3670,0.0
PS4_t3671,0.0
PS4_t3672,0.0
PS4_t3657,0.0
PS4_t3658,0.0
PS4_t3659,0.0
PS4_t3660,0.0
PS4_t3661,0.0
PS4_t3662,0.0
PS4_t3663,0.0
PS4_t3664,0.0
PS4_t3649,0.0
PS4_t3650,0.0
PS4_t3651,0.0
PS4_t3652,0.0
PS4_t3653,0.0
PS4_t3654,0.0
PS4_t3655,0.0
PS4_t3656,0.0
PS4_t3641,0.0
PS4_t3642,0.0
PS4_t3643,0.0
PS4_t3644,0.0
PS4_t3645,0.0
PS4_t3646,0.0
PS4_t3647,0.0
PS4_t3648,0.0
PS4_t3697,0.0
PS4_t3698,0.0
PS4_t3699,0.0
PS4_t3700,0.0
PS4_t3701,0.0
PS4_t3702,0.0
PS4_t3703,0.0
PS4_t3704,0.0
PS4_t3689,0.0
PS4_t3690,0.0
PS4_t3691,0.0
PS4_t3692,0.0
PS4_t3693,0.0
PS4_t3694,0.0
PS4_t3695,0.0
PS4_t3696,0.0
PS4_t3681,0.0
PS4_t3682,0.0
PS4_t3683,0.0
PS4_t3684,0.0
PS4_t3685,0.0
PS4_t3686,0.0
PS4_t3687,0.0
PS4_t3688,0.0
PS4_t3673,0.0
PS4_t3674,0.0
PS4_t3675,0.0
PS4_t3676,0.0
PS4_t3677,0.0
PS4_t3678,0.0
PS4_t3679,0.0
PS4_t3680,0.0
PS4_t3729,0.0
PS4_t3730,0.0
PS4_t3731,0.0
PS4_t3732,0.0
PS4_t3733,0.0
PS4_t3734,0.0
PS4_t3735,0.0
PS4_t3736,0.0
PS4_t3721,0.0
PS4_t3722,0.0
PS4_t3723,0.0
PS4_t3724,0.0
PS4_t3725,0.0
PS4_t3726,0.0
PS4_t3727,0.0
PS4_t3728,0.0
PS4_t3713,0.0
PS4_t3714,0.0
PS4_t3715,0.0
PS4_t3716,0.0
PS4_t3717,0.0
PS4_t3718,0.0
PS4_t3719,0.0
PS4_t3720,0.0
PS4_t3705,0.0
PS4_t3706,0.0
PS4_t3707,0.0
PS4_t3708,0.0
PS4_t3709,0.0
PS4_t3710,0.0
PS4_t3711,0.0
PS4_t3712,0.0
PS4_t3761,0.0
PS4_t3762,0.0
PS4_t3763,0.0
PS4_t3764,0.0
PS4_t3765,0.0
PS4_t3766,0.0
PS4_t3767,0.0
PS4_t3768,0.0
PS4_t3753,0.0
PS4_t3754,0.0
PS4_t3755,0.0
PS4_t3756,0.0
PS4_t3757,0.0
PS4_t3758,0.0
PS4_t3759,0.0
PS4_t3760,0.0
PS4_t3745,0.0
PS4_t3746,0.0
PS4_t3747,0.0
PS4_t3748,0.0
PS4_t3749,0.0
PS4_t3750,0.0
PS4_t3751,0.0
PS4_t3752,0.0
PS4_t3737,0.0
PS4_t3738,0.0
PS4_t3739,0.0
PS4_t3740,0.0
PS4_t3741,0.0
PS4_t3742,0.0
PS4_t3743,0.0
PS4_t3744,0.0
PS4_t3793,0.0
PS4_t3794,0.0
PS4_t3795,0.0
PS4_t3796,0.0
PS4_t3797,0.0
PS4_t3798,0.0
PS4_t3799,0.0
PS4_t3800,0.0
PS4_t3785,0.0
PS4_t3786,0.0
PS4_t3787,0.0
PS4_t3788,0.0
PS4_t3789,0.0
PS4_t3790,0.0
PS4_t3791,0.0
PS4_t3792,0.0
PS4_t3777,0.0
PS4_t3778,0.0
PS4_t3779,0.0
PS4_t3780,0.0
PS4_t3781,0.0
PS4_t3782,0.0
PS4_t3783,0.0
PS4_t3784,0.0
PS4_t3769,0.0
PS4_t3770,0.0
PS4_t3771,0.0
PS4_t3772,0.0
PS4_t3773,0.0
PS4_t3774,0.0
PS4_t3775,0.0
PS4_t3776,0.0
PS4_t3825,0.0
PS4_t3826,0.0
PS4_t3827,0.0
PS4_t3828,0.0
PS4_t3829,0.0
PS4_t3830,0.0
PS4_t3831,0.0
PS4_t3832,0.0
PS4_t3817,0.0
PS4_t3818,0.0
PS4_t3819,0.0
PS4_t3820,0.0
PS4_t3821,0.0
PS4_t3822,0.0
PS4_t3823,0.0
PS4_t3824,0.0
PS4_t3809,0.0
PS4_t3810,0.0
PS4_t3811,0.0
PS4_t3812,0.0
PS4_t3813,0.0
PS4_t3814,0.0
PS4_t3815,0.0
PS4_t3816,0.0
PS4_t3801,0.0
PS4_t3802,0.0
PS4_t3803,0.0
PS4_t3804,0.0
PS4_t3805,0.0
PS4_t3806,0.0
PS4_t3807,0.0
PS4_t3808,0.0
PS4_t3857,0.0
PS4_t3858,0.0
PS4_t3859,0.0
PS4_t3860,0.0
PS4_t3861,0.0
PS4_t3862,0.0
PS4_t3863,0.0
PS4_t3864,0.0
PS4_t3849,0.0
PS4_t3850,0.0
PS4_t3851,0.0
PS4_t3852,0.0
PS4_t3853,0.0
PS4_t3854,0.0
PS4_t3855,0.0
PS4_t3856,0.0
PS4_t3841,0.0
PS4_t3842,0.0
PS4_t3843,0.0
PS4_t3844,0.0
PS4_t3845,0.0
PS4_t3846,0.0
PS4_t3847,0.0
PS4_t3848,0.0
PS4_t3833,0.0
PS4_t3834,0.0
PS4_t3835,0.0
PS4_t3836,0.0
PS4_t3837,0.0
PS4_t3838,0.0
PS4_t3839,0.0
PS4_t3840,0.0
PS4_t3889,0.0
PS4_t3890,0.0
PS4_t3891,0.0
PS4_t3892,0.0
PS4_t3893,0.0
PS4_t3894,0.0
PS4_t3895,0.0
PS4_t3896,0.0
PS4_t3881,0.0
PS4_t3882,0.0
PS4_t3883,0.0
PS4_t3884,0.0
PS4_t3885,0.0
PS4_t3886,0.0
PS4_t3887,0.0
PS4_t3888,0.0
PS4_t3873,0.0
PS4_t3874,0.0
PS4_t3875,0.0
PS4_t3876,0.0
PS4_t3877,0.0
PS4_t3878,0.0
PS4_t3879,0.0
PS4_t3880,0.0
PS4_t3865,0.0
PS4_t3866,0.0
PS4_t3867,0.0
PS4_t3868,0.0
PS4_t3869,0.0
PS4_t3870,0.0
PS4_t3871,0.0
PS4_t3872,0.0
PS4_t3921,0.0
PS4_t3922,0.0
PS4_t3923,0.0
PS4_t3924,0.0
PS4_t3925,0.0
PS4_t3926,0.0
PS4_t3927,0.0
PS4_t3928,0.0
PS4_t3913,0.0
PS4_t3914,0.0
PS4_t3915,0.0
PS4_t3916,0.0
PS4_t3917,0.0
PS4_t3918,0.0
PS4_t3919,0.0
PS4_t3920,0.0
PS4_t3905,0.0
PS4_t3906,0.0
PS4_t3907,0.0
PS4_t3908,0.0
PS4_t3909,0.0
PS4_t3910,0.0
PS4_t3911,0.0
PS4_t3912,0.0
PS4_t3897,0.0
PS4_t3898,0.0
PS4_t3899,0.0
PS4_t3900,0.0
PS4_t3901,0.0
PS4_t3902,0.0
PS4_t3903,0.0
PS4_t3904,0.0
PS4_t3953,0.0
PS4_t3954,0.0
PS4_t3955,0.0
PS4_t3956,0.0
PS4_t3957,0.0
PS4_t3958,0.0
PS4_t3959,0.0
PS4_t3960,0.0
PS4_t3945,0.0
PS4_t3946,0.0
PS4_t3947,0.0
PS4_t3948,0.0
PS4_t3949,0.0
PS4_t3950,0.0
PS4_t3951,0.0
PS4_t3952,0.0
PS4_t3937,0.0
PS4_t3938,0.0
PS4_t3939,0.0
PS4_t3940,0.0
PS4_t3941,0.0
PS4_t3942,0.0
PS4_t3943,0.0
PS4_t3944,0.0
PS4_t3929,0.0
PS4_t3930,0.0
PS4_t3931,0.0
PS4_t3932,0.0
PS4_t3933,0.0
PS4_t3934,0.0
PS4_t3935,0.0
PS4_t3936,0.0
PS4_t3985,0.0
PS4_t3986,0.0
PS4_t3987,0.0
PS4_t3988,0.0
PS4_t3989,0.0
PS4_t3990,0.0
PS4_t3991,0.0
PS4_t3992,0.0
PS4_t3977,0.0
PS4_t3978,0.0
PS4_t3979,0.0
PS4_t3980,0.0
PS4_t3981,0.0
PS4_t3982,0.0
PS4_t3983,0.0
PS4_t3984,0.0
PS4_t3969,0.0
PS4_t3970,0.0
PS4_t3971,0.0
PS4_t3972,0.0
PS4_t3973,0.0
PS4_t3974,0.0
PS4_t3975,0.0
PS4_t3976,0.0
PS4_t3961,0.0
PS4_t3962,0.0
PS4_t3963,0.0
PS4_t3964,0.0
PS4_t3965,0.0
PS4_t3966,0.0
PS4_t3967,0.0
PS4_t3968,0.0
PS4_t4017,0.0
PS4_t4018,0.0
PS4_t4019,0.0
PS4_t4020,0.0
PS4_t4021,0.0
PS4_t4022,0.0
PS4_t4023,0.0
PS4_t4024,0.0
PS4_t4009,0.0
PS4_t4010,0.0
PS4_t4011,0.0
PS4_t4012,0.0
PS4_t4013,0.0
PS4_t4014,0.0
PS4_t4015,0.0
PS4_t4016,0.0
PS4_t4001,0.0
PS4_t4002,0.0
PS4_t4003,0.0
PS4_t4004,0.0
PS4_t4005,0.0
PS4_t4006,0.0
PS4_t4007,0.0
PS4_t4008,0.0
PS4_t3993,0.0
PS4_t3994,0.0
PS4_t3995,0.0
PS4_t3996,0.0
PS4_t3997,0.0
PS4_t3998,0.0
PS4_t3999,0.0
PS4_t4000,0.0
PS4_t4049,0.0
PS4_t4050,0.0
PS4_t4051,0.0
PS4_t4052,0.0
PS4_t4053,0.0
PS4_t4054,0.0
PS4_t4055,0.0
PS4_t4056,0.0
PS4_t4041,0.0
PS4_t4042,0.0
PS4_t4043,0.0
PS4_t4044,0.0
PS4_t4045,0.0
PS4_t4046,0.0
PS4_t4047,0.0
PS4_t4048,0.0
PS4_t4033,0.0
PS4_t4034,0.0
PS4_t4035,0.0
PS4_t4036,0.0
PS4_t4037,0.0
PS4_t4038,0.0
PS4_t4039,0.0
PS4_t4040,0.0
PS4_t4025,0.0
PS4_t4026,0.0
PS4_t4027,0.0
PS4_t4028,0.0
PS4_t4029,0.0
PS4_t4030,0.0
PS4_t4031,0.0
PS4_t4032,0.0
PS4_t4081,0.0
PS4_t4082,0.0
PS4_t4083,0.0
PS4_t4084,0.0
PS4_t4085,0.0
PS4_t4086,0.0
PS4_t4087,0.0
PS4_t4088,0.0
PS4_t4073,0.0
PS4_t4074,0.0
PS4_t4075,0.0
PS4_t4076,0.0
PS4_t4077,0.0
PS4_t4078,0.0
PS4_t4079,0.0
PS4_t4080,0.0
PS4_t4065,0.0
PS4_t4066,0.0
PS4_t4067,0.0
PS4_t4068,0.0
PS4_t4069,0.0
PS4_t4070,0.0
PS4_t4071,0.0
PS4_t4072,0.0
PS4_t4057,0.0
PS4_t4058,0.0
PS4_t4059,0.0
PS4_t4060,0.0
PS4_t4061,0.0
PS4_t4062,0.0
PS4_t4063,0.0
PS4_t4064,0.0
PS4_t4113,0.0
PS4_t4114,0.0
PS4_t4115,0.0
PS4_t4116,0.0
PS4_t4117,0.0
PS4_t4118,0.0
PS4_t4119,0.0
PS4_t4120,0.0
PS4_t4105,0.0
PS4_t4106,0.0
PS4_t4107,0.0
PS4_t4108,0.0
PS4_t4109,0.0
PS4_t4110,0.0
PS4_t4111,0.0
PS4_t4112,0.0
PS4_t4097,0.0
PS4_t4098,0.0
PS4_t4099,0.0
PS4_t4100,0.0
PS4_t4101,0.0
PS4_t4102,0.0
PS4_t4103,0.0
PS4_t4104,0.0
PS4_t4089,0.0
PS4_t4090,0.0
PS4_t4091,0.0
PS4_t4092,0.0
PS4_t4093,0.0
PS4_t4094,0.0
PS4_t4095,0.0
PS4_t4096,0.0
PS4_t4145,0.0
PS4_t4146,0.0
PS4_t4147,0.0
PS4_t4148,0.0
PS4_t4149,0.0
PS4_t4150,0.0
PS4_t4151,0.0
PS4_t4152,0.0
PS4_t4137,0.0
PS4_t4138,0.0
PS4_t4139,0.0
PS4_t4140,0.0
PS4_t4141,0.0
PS4_t4142,0.0
PS4_t4143,0.0
PS4_t4144,0.0
PS4_t4129,0.0
PS4_t4130,0.0
PS4_t4131,0.0
PS4_t4132,0.0
PS4_t4133,0.0
PS4_t4134,0.0
PS4_t4135,0.0
PS4_t4136,0.0
PS4_t4121,0.0
PS4_t4122,0.0
PS4_t4123,0.0
PS4_t4124,0.0
PS4_t4125,0.0
PS4_t4126,0.0
PS4_t4127,0.0
PS4_t4128,0.0
PS4_t4177,0.0
PS4_t4178,0.0
PS4_t4179,0.0
PS4_t4180,0.0
PS4_t4181,0.0
PS4_t4182,0.0
PS4_t4183,0.0
PS4_t4184,0.0
PS4_t4169,0.0
PS4_t4170,0.0
PS4_t4171,0.0
PS4_t4172,0.0
PS4_t4173,0.0
PS4_t4174,0.0
PS4_t4175,0.0
PS4_t4176,0.0
PS4_t4161,0.0
PS4_t4162,0.0
PS4_t4163,0.0
PS4_t4164,0.0
PS4_t4165,0.0
PS4_t4166,0.0
PS4_t4167,0.0
PS4_t4168,0.0
PS4_t4153,0.0
PS4_t4154,0.0
PS4_t4155,0.0
PS4_t4156,0.0
PS4_t4157,0.0
PS4_t4158,0.0
PS4_t4159,0.0
PS4_t4160,0.0
PS4_t4209,0.0
PS4_t4210,0.0
PS4_t4211,0.0
PS4_t4212,0.0
PS4_t4213,0.0
PS4_t4214,0.0
PS4_t4215,0.0
PS4_t4216,0.0
PS4_t4201,0.0
PS4_t4202,0.0
PS4_t4203,0.0
PS4_t4204,0.0
PS4_t4205,0.0
PS4_t4206,0.0
PS4_t4207,0.0
PS4_t4208,0.0
PS4_t4193,0.0
PS4_t4194,0.0
PS4_t4195,0.0
PS4_t4196,0.0
PS4_t4197,0.0
PS4_t4198,0.0
PS4_t4199,0.0
PS4_t4200,0.0
PS4_t4185,0.0
PS4_t4186,0.0
PS4_t4187,0.0
PS4_t4188,0.0
PS4_t4189,0.0
PS4_t4190,0.0
PS4_t4191,0.0
PS4_t4192,0.0
PS4_t4241,0.0
PS4_t4242,0.0
PS4_t4243,0.0
PS4_t4244,0.0
PS4_t4245,0.0
PS4_t4246,0.0
PS4_t4247,0.0
PS4_t4248,0.0
PS4_t4233,0.0
PS4_t4234,0.0
PS4_t4235,0.0
PS4_t4236,0.0
PS4_t4237,0.0
PS4_t4238,0.0
PS4_t4239,0.0
PS4_t4240,0.0
PS4_t4225,0.0
PS4_t4226,0.0
PS4_t4227,0.0
PS4_t4228,0.0
PS4_t4229,0.0
PS4_t4230,0.0
PS4_t4231,0.0
PS4_t4232,0.0
PS4_t4217,0.0
PS4_t4218,0.0
PS4_t4219,0.0
PS4_t4220,0.0
PS4_t4221,0.0
PS4_t4222,0.0
PS4_t4223,0.0
PS4_t4224,0.0
PS4_t4273,0.0
PS4_t4274,0.0
PS4_t4275,0.0
PS4_t4276,0.0
PS4_t4277,0.0
PS4_t4278,0.0
PS4_t4279,0.0
PS4_t4280,0.0
PS4_t4265,0.0
PS4_t4266,0.0
PS4_t4267,0.0
PS4_t4268,0.0
PS4_t4269,0.0
PS4_t4270,0.0
PS4_t4271,0.0
PS4_t4272,0.0
PS4_t4257,0.0
PS4_t4258,0.0
PS4_t4259,0.0
PS4_t4260,0.0
PS4_t4261,0.0
PS4_t4262,0.0
PS4_t4263,0.0
PS4_t4264,0.0
PS4_t4249,0.0
PS4_t4250,0.0
PS4_t4251,0.0
PS4_t4252,0.0
PS4_t4253,0.0
PS4_t4254,0.0
PS4_t4255,0.0
PS4_t4256,0.0
PS4_t4305,0.0
PS4_t4306,0.0
PS4_t4307,0.0
PS4_t4308,0.0
PS4_t4309,0.0
PS4_t4310,0.0
PS4_t4311,0.0
PS4_t4312,0.0
PS4_t4297,0.0
PS4_t4298,0.0
PS4_t4299,0.0
PS4_t4300,0.0
PS4_t4301,0.0
PS4_t4302,0.0
PS4_t4303,0.0
PS4_t4304,0.0
PS4_t4289,0.0
PS4_t4290,0.0
PS4_t4291,0.0
PS4_t4292,0.0
PS4_t4293,0.0
PS4_t4294,0.0
PS4_t4295,0.0
PS4_t4296,0.0
PS4_t4281,0.0
PS4_t4282,0.0
PS4_t4283,0.0
PS4_t4284,0.0
PS4_t4285,0.0
PS4_t4286,0.0
PS4_t4287,0.0
PS4_t4288,0.0
PS4_t4337,0.0
PS4_t4338,0.0
PS4_t4339,0.0
PS4_t4340,0.0
PS4_t4341,0.0
PS4_t4342,0.0
PS4_t4343,0.0
PS4_t4344,0.0
PS4_t4329,0.0
PS4_t4330,0.0
PS4_t4331,0.0
PS4_t4332,0.0
PS4_t4333,0.0
PS4_t4334,0.0
PS4_t4335,0.0
PS4_t4336,0.0
PS4_t4321,0.0
PS4_t4322,0.0
PS4_t4323,0.0
PS4_t4324,0.0
PS4_t4325,0.0
PS4_t4326,0.0
PS4_t4327,0.0
PS4_t4328,0.0
PS4_t4313,0.0
PS4_t4314,0.0
PS4_t4315,0.0
PS4_t4316,0.0
PS4_t4317,0.0
PS4_t4318,0.0
PS4_t4319,0.0
PS4_t4320,0.0
PS4_t4369,0.0
PS4_t4370,0.0
PS4_t4371,0.0
PS4_t4372,0.0
PS4_t4373,0.0
PS4_t4374,0.0
PS4_t4375,0.0
PS4_t4376,0.0
PS4_t4361,0.0
PS4_t4362,0.0
PS4_t4363,0.0
PS4_t4364,0.0
PS4_t4365,0.0
PS4_t4366,0.0
PS4_t4367,0.0
PS4_t4368,0.0
PS4_t4353,0.0
PS4_t4354,0.0
PS4_t4355,0.0
PS4_t4356,0.0
PS4_t4357,0.0
PS4_t4358,0.0
PS4_t4359,0.0
PS4_t4360,0.0
PS4_t4345,0.0
PS4_t4346,0.0
PS4_t4347,0.0
PS4_t4348,0.0
PS4_t4349,0.0
PS4_t4350,0.0
PS4_t4351,0.0
PS4_t4352,0.0
PS4_t4401,0.0
PS4_t4402,0.0
PS4_t4403,0.0
PS4_t4404,0.0
PS4_t4405,0.0
PS4_t4406,0.0
PS4_t4407,0.0
PS4_t4408,0.0
PS4_t4393,0.0
PS4_t4394,0.0
PS4_t4395,0.0
PS4_t4396,0.0
PS4_t4397,0.0
PS4_t4398,0.0
PS4_t4399,0.0
PS4_t4400,0.0
PS4_t4385,0.0
PS4_t4386,0.0
PS4_t4387,0.0
PS4_t4388,0.0
PS4_t4389,0.0
PS4_t4390,0.0
PS4_t4391,0.0
PS4_t4392,0.0
PS4_t4377,0.0
PS4_t4378,0.0
PS4_t4379,0.0
PS4_t4380,0.0
PS4_t4381,0.0
PS4_t4382,0.0
PS4_t4383,0.0
PS4_t4384,0.0
PS4_t4433,0.0
PS4_t4434,0.0
PS4_t4435,0.0
PS4_t4436,0.0
PS4_t4437,0.0
PS4_t4438,0.0
PS4_t4439,0.0
PS4_t4440,0.0
PS4_t4425,0.0
PS4_t4426,0.0
PS4_t4427,0.0
PS4_t4428,0.0
PS4_t4429,0.0
PS4_t4430,0.0
PS4_t4431,0.0
PS4_t4432,0.0
PS4_t4417,0.0
PS4_t4418,0.0
PS4_t4419,0.0
PS4_t4420,0.0
PS4_t4421,0.0
PS4_t4422,0.0
PS4_t4423,0.0
PS4_t4424,0.0
PS4_t4409,0.0
PS4_t4410,0.0
PS4_t4411,0.0
PS4_t4412,0.0
PS4_t4413,0.0
PS4_t4414,0.0
PS4_t4415,0.0
PS4_t4416,0.0
PS4_t4465,0.0
PS4_t4466,0.0
PS4_t4467,0.0
PS4_t4468,0.0
PS4_t4469,0.0
PS4_t4470,0.0
PS4_t4471,0.0
PS4_t4472,0.0
PS4_t4457,0.0
PS4_t4458,0.0
PS4_t4459,0.0
PS4_t4460,0.0
PS4_t4461,0.0
PS4_t4462,0.0
PS4_t4463,0.0
PS4_t4464,0.0
PS4_t4449,0.0
PS4_t4450,0.0
PS4_t4451,0.0
PS4_t4452,0.0
PS4_t4453,0.0
PS4_t4454,0.0
PS4_t4455,0.0
PS4_t4456,0.0
PS4_t4441,0.0
PS4_t4442,0.0
PS4_t4443,0.0
PS4_t4444,0.0
PS4_t4445,0.0
PS4_t4446,0.0
PS4_t4447,0.0
PS4_t4448,0.0
PS4_t4497,0.0
PS4_t4498,0.0
PS4_t4499,0.0
PS4_t4500,0.0
PS4_t4501,0.0
PS4_t4502,0.0
PS4_t4503,0.0
PS4_t4504,0.0
PS4_t4489,0.0
PS4_t4490,0.0
PS4_t4491,0.0
PS4_t4492,0.0
PS4_t4493,0.0
PS4_t4494,0.0
PS4_t4495,0.0
PS4_t4496,0.0
PS4_t4481,0.0
PS4_t4482,0.0
PS4_t4483,0.0
PS4_t4484,0.0
PS4_t4485,0.0
PS4_t4486,0.0
PS4_t4487,0.0
PS4_t4488,0.0
PS4_t4473,0.0
PS4_t4474,0.0
PS4_t4475,0.0
PS4_t4476,0.0
PS4_t4477,0.0
PS4_t4478,0.0
PS4_t4479,0.0
PS4_t4480,0.0
PS4_t4529,0.0
PS4_t4530,0.0
PS4_t4531,0.0
PS4_t4532,0.0
PS4_t4533,0.0
PS4_t4534,0.0
PS4_t4535,0.0
PS4_t4536,0.0
PS4_t4521,0.0
PS4_t4522,0.0
PS4_t4523,0.0
PS4_t4524,0.0
PS4_t4525,0.0
PS4_t4526,0.0
PS4_t4527,0.0
PS4_t4528,0.0
PS4_t4513,0.0
PS4_t4514,0.0
PS4_t4515,0.0
PS4_t4516,0.0
PS4_t4517,0.0
PS4_t4518,0.0
PS4_t4519,0.0
PS4_t4520,0.0
PS4_t4505,0.0
PS4_t4506,0.0
PS4_t4507,0.0
PS4_t4508,0.0
PS4_t4509,0.0
PS4_t4510,0.0
PS4_t4511,0.0
PS4_t4512,0.0
PS4_t4561,0.0
PS4_t4562,0.0
PS4_t4563,0.0
PS4_t4564,0.0
PS4_t4565,0.0
PS4_t4566,0.0
PS4_t4567,0.0
PS4_t4568,0.0
PS4_t4553,0.0
PS4_t4554,0.0
PS4_t4555,0.0
PS4_t4556,0.0
PS4_t4557,0.0
PS4_t4558,0.0
PS4_t4559,0.0
PS4_t4560,0.0
PS4_t4545,0.0
PS4_t4546,0.0
PS4_t4547,0.0
PS4_t4548,0.0
PS4_t4549,0.0
PS4_t4550,0.0
PS4_t4551,0.0
PS4_t4552,0.0
PS4_t4537,0.0
PS4_t4538,0.0
PS4_t4539,0.0
PS4_t4540,0.0
PS4_t4541,0.0
PS4_t4542,0.0
PS4_t4543,0.0
PS4_t4544,0.0
PS4_t4593,0.0
PS4_t4594,0.0
PS4_t4595,0.0
PS4_t4596,0.0
PS4_t4597,0.0
PS4_t4598,0.0
PS4_t4599,0.0
PS4_t4600,0.0
PS4_t4585,0.0
PS4_t4586,0.0
PS4_t4587,0.0
PS4_t4588,0.0
PS4_t4589,0.0
PS4_t4590,0.0
PS4_t4591,0.0
PS4_t4592,0.0
PS4_t4577,0.0
PS4_t4578,0.0
PS4_t4579,0.0
PS4_t4580,0.0
PS4_t4581,0.0
PS4_t4582,0.0
PS4_t4583,0.0
PS4_t4584,0.0
PS4_t4569,0.0
PS4_t4570,0.0
PS4_t4571,0.0
PS4_t4572,0.0
PS4_t4573,0.0
PS4_t4574,0.0
PS4_t4575,0.0
PS4_t4576,0.0
PS4_t4625,0.0
PS4_t4626,0.0
PS4_t4627,0.0
PS4_t4628,0.0
PS4_t4629,0.0
PS4_t4630,0.0
PS4_t4631,0.0
PS4_t4632,0.0
PS4_t4617,0.0
PS4_t4618,0.0
PS4_t4619,0.0
PS4_t4620,0.0
PS4_t4621,0.0
PS4_t4622,0.0
PS4_t4623,0.0
PS4_t4624,0.0
PS4_t4609,0.0
PS4_t4610,0.0
PS4_t4611,0.0
PS4_t4612,0.0
PS4_t4613,0.0
PS4_t4614,0.0
PS4_t4615,0.0
PS4_t4616,0.0
PS4_t4601,0.0
PS4_t4602,0.0
PS4_t4603,0.0
PS4_t4604,0.0
PS4_t4605,0.0
PS4_t4606,0.0
PS4_t4607,0.0
PS4_t4608,0.0
PS4_t4657,0.0
PS4_t4658,0.0
PS4_t4659,0.0
PS4_t4660,0.0
PS4_t4661,0.0
PS4_t4662,0.0
PS4_t4663,0.0
PS4_t4664,0.0
PS4_t4649,0.0
PS4_t4650,0.0
PS4_t4651,0.0
PS4_t4652,0.0
PS4_t4653,0.0
PS4_t4654,0.0
PS4_t4655,0.0
PS4_t4656,0.0
PS4_t4641,0.0
PS4_t4642,0.0
PS4_t4643,0.0
PS4_t4644,0.0
PS4_t4645,0.0
PS4_t4646,0.0
PS4_t4647,0.0
PS4_t4648,0.0
PS4_t4633,0.0
PS4_t4634,0.0
PS4_t4635,0.0
PS4_t4636,0.0
PS4_t4637,0.0
PS4_t4638,0.0
PS4_t4639,0.0
PS4_t4640,0.0
PS4_t4689,0.0
PS4_t4690,0.0
PS4_t4691,0.0
PS4_t4692,0.0
PS4_t4693,0.0
PS4_t4694,0.0
PS4_t4695,0.0
PS4_t4696,0.0
PS4_t4681,0.0
PS4_t4682,0.0
PS4_t4683,0.0
PS4_t4684,0.0
PS4_t4685,0.0
PS4_t4686,0.0
PS4_t4687,0.0
PS4_t4688,0.0
PS4_t4673,0.0
PS4_t4674,0.0
PS4_t4675,0.0
PS4_t4676,0.0
PS4_t4677,0.0
PS4_t4678,0.0
PS4_t4679,0.0
PS4_t4680,0.0
PS4_t4665,0.0
PS4_t4666,0.0
PS4_t4667,0.0
PS4_t4668,0.0
PS4_t4669,0.0
PS4_t4670,0.0
PS4_t4671,0.0
PS4_t4672,0.0
PS4_t4721,0.0
PS4_t4722,0.0
PS4_t4723,0.0
PS4_t4724,0.0
PS4_t4725,0.0
PS4_t4726,0.0
PS4_t4727,0.0
PS4_t4728,0.0
PS4_t4713,0.0
PS4_t4714,0.0
PS4_t4715,0.0
PS4_t4716,0.0
PS4_t4717,0.0
PS4_t4718,0.0
PS4_t4719,0.0
PS4_t4720,0.0
PS4_t4705,0.0
PS4_t4706,0.0
PS4_t4707,0.0
PS4_t4708,0.0
PS4_t4709,0.0
PS4_t4710,0.0
PS4_t4711,0.0
PS4_t4712,0.0
PS4_t4697,0.0
PS4_t4698,0.0
PS4_t4699,0.0
PS4_t4700,0.0
PS4_t4701,0.0
PS4_t4702,0.0
PS4_t4703,0.0
PS4_t4704,0.0
PS4_t4753,0.0
PS4_t4754,0.0
PS4_t4755,0.0
PS4_t4756,0.0
PS4_t4757,0.0
PS4_t4758,0.0
PS4_t4759,0.0
PS4_t4760,0.0
PS4_t4745,0.0
PS4_t4746,0.0
PS4_t4747,0.0
PS4_t4748,0.0
PS4_t4749,0.0
PS4_t4750,0.0
PS4_t4751,0.0
PS4_t4752,0.0
PS4_t4737,0.0
PS4_t4738,0.0
PS4_t4739,0.0
PS4_t4740,0.0
PS4_t4741,0.0
PS4_t4742,0.0
PS4_t4743,0.0
PS4_t4744,0.0
PS4_t4729,0.0
PS4_t4730,0.0
PS4_t4731,0.0
PS4_t4732,0.0
PS4_t4733,0.0
PS4_t4734,0.0
PS4_t4735,0.0
PS4_t4736,0.0
PS4_t4785,0.0
PS4_t4786,0.0
PS4_t4787,0.0
PS4_t4788,0.0
PS4_t4789,0.0
PS4_t4790,0.0
PS4_t4791,0.0
PS4_t4792,0.0
PS4_t4777,0.0
PS4_t4778,0.0
PS4_t4779,0.0
PS4_t4780,0.0
PS4_t4781,0.0
PS4_t4782,0.0
PS4_t4783,0.0
PS4_t4784,0.0
PS4_t4769,0.0
PS4_t4770,0.0
PS4_t4771,0.0
PS4_t4772,0.0
PS4_t4773,0.0
PS4_t4774,0.0
PS4_t4775,0.0
PS4_t4776,0.0
PS4_t4761,0.0
PS4_t4762,0.0
PS4_t4763,0.0
PS4_t4764,0.0
PS4_t4765,0.0
PS4_t4766,0.0
PS4_t4767,0.0
PS4_t4768,0.0
PS4_t4817,0.0
PS4_t4818,0.0
PS4_t4819,0.0
PS4_t4820,0.0
PS4_t4821,0.0
PS4_t4822,0.0
PS4_t4823,0.0
PS4_t4824,0.0
PS4_t4809,0.0
PS4_t4810,0.0
PS4_t4811,0.0
PS4_t4812,0.0
PS4_t4813,0.0
PS4_t4814,0.0
PS4_t4815,0.0
PS4_t4816,0.0
PS4_t4801,0.0
PS4_t4802,0.0
PS4_t4803,0.0
PS4_t4804,0.0
PS4_t4805,0.0
PS4_t4806,0.0
PS4_t4807,0.0
PS4_t4808,0.0
PS4_t4793,0.0
PS4_t4794,0.0
PS4_t4795,0.0
PS4_t4796,0.0
PS4_t4797,0.0
PS4_t4798,0.0
PS4_t4799,0.0
PS4_t4800,0.0
PS4_t4849,0.0
PS4_t4850,0.0
PS4_t4851,0.0
PS4_t4852,0.0
PS4_t4853,0.0
PS4_t4854,0.0
PS4_t4855,0.0
PS4_t4856,0.0
PS4_t4841,0.0
PS4_t4842,0.0
PS4_t4843,0.0
PS4_t4844,0.0
PS4_t4845,0.0
PS4_t4846,0.0
PS4_t4847,0.0
PS4_t4848,0.0
PS4_t4833,0.0
PS4_t4834,0.0
PS4_t4835,0.0
PS4_t4836,0.0
PS4_t4837,0.0
PS4_t4838,0.0
PS4_t4839,0.0
PS4_t4840,0.0
PS4_t4825,0.0
PS4_t4826,0.0
PS4_t4827,0.0
PS4_t4828,0.0
PS4_t4829,0.0
PS4_t4830,0.0
PS4_t4831,0.0
PS4_t4832,0.0
PS4_t4881,0.0
PS4_t4882,0.0
PS4_t4883,0.0
PS4_t4884,0.0
PS4_t4885,0.0
PS4_t4886,0.0
PS4_t4887,0.0
PS4_t4888,0.0
PS4_t4873,0.0
PS4_t4874,0.0
PS4_t4875,0.0
PS4_t4876,0.0
PS4_t4877,0.0
PS4_t4878,0.0
PS4_t4879,0.0
PS4_t4880,0.0
PS4_t4865,0.0
PS4_t4866,0.0
PS4_t4867,0.0
PS4_t4868,0.0
PS4_t4869,0.0
PS4_t4870,0.0
PS4_t4871,0.0
PS4_t4872,0.0
PS4_t4857,0.0
PS4_t4858,0.0
PS4_t4859,0.0
PS4_t4860,0.0
PS4_t4861,0.0
PS4_t4862,0.0
PS4_t4863,0.0
PS4_t4864,0.0
PS4_t4913,0.0
PS4_t4914,0.0
PS4_t4915,0.0
PS4_t4916,0.0
PS4_t4917,0.0
PS4_t4918,0.0
PS4_t4919,0.0
PS4_t4920,0.0
PS4_t4905,0.0
PS4_t4906,0.0
PS4_t4907,0.0
PS4_t4908,0.0
PS4_t4909,0.0
PS4_t4910,0.0
PS4_t4911,0.0
PS4_t4912,0.0
PS4_t4897,0.0
PS4_t4898,0.0
PS4_t4899,0.0
PS4_t4900,0.0
PS4_t4901,0.0
PS4_t4902,0.0
PS4_t4903,0.0
PS4_t4904,0.0
PS4_t4889,0.0
PS4_t4890,0.0
PS4_t4891,0.0
PS4_t4892,0.0
PS4_t4893,0.0
PS4_t4894,0.0
PS4_t4895,0.0
PS4_t4896,0.0
PS4_t4945,0.0
PS4_t4946,0.0
PS4_t4947,0.0
PS4_t4948,0.0
PS4_t4949,0.0
PS4_t4950,0.0
PS4_t4951,0.0
PS4_t4952,0.0
PS4_t4937,0.0
PS4_t4938,0.0
PS4_t4939,0.0
PS4_t4940,0.0
PS4_t4941,0.0
PS4_t4942,0.0
PS4_t4943,0.0
PS4_t4944,0.0
PS4_t4929,0.0
PS4_t4930,0.0
PS4_t4931,0.0
PS4_t4932,0.0
PS4_t4933,0.0
PS4_t4934,0.0
PS4_t4935,0.0
PS4_t4936,0.0
PS4_t4921,0.0
PS4_t4922,0.0
PS4_t4923,0.0
PS4_t4924,0.0
PS4_t4925,0.0
PS4_t4926,0.0
PS4_t4927,0.0
PS4_t4928,0.0
PS4_t4977,0.0
PS4_t4978,0.0
PS4_t4979,0.0
PS4_t4980,0.0
PS4_t4981,0.0
PS4_t4982,0.0
PS4_t4983,0.0
PS4_t4984,0.0
PS4_t4969,0.0
PS4_t4970,0.0
PS4_t4971,0.0
PS4_t4972,0.0
PS4_t4973,0.0
PS4_t4974,0.0
PS4_t4975,0.0
PS4_t4976,0.0
PS4_t4961,0.0
PS4_t4962,0.0
PS4_t4963,0.0
PS4_t4964,0.0
PS4_t4965,0.0
PS4_t4966,0.0
PS4_t4967,0.0
PS4_t4968,0.0
PS4_t4953,0.0
PS4_t4954,0.0
PS4_t4955,0.0
PS4_t4956,0.0
PS4_t4957,0.0
PS4_t4958,0.0
PS4_t4959,0.0
PS4_t4960,0.0
PS4_t5009,0.0
PS4_t5010,0.0
PS4_t5011,0.0
PS4_t5012,0.0
PS4_t5013,0.0
PS4_t5014,0.0
PS4_t5015,0.0
PS4_t5016,0.0
PS4_t5001,0.0
PS4_t5002,0.0
PS4_t5003,0.0
PS4_t5004,0.0
PS4_t5005,0.0
PS4_t5006,0.0
PS4_t5007,0.0
PS4_t5008,0.0
PS4_t4993,0.0
PS4_t4994,0.0
PS4_t4995,0.0
PS4_t4996,0.0
PS4_t4997,0.0
PS4_t4998,0.0
PS4_t4999,0.0
PS4_t5000,0.0
PS4_t4985,0.0
PS4_t4986,0.0
PS4_t4987,0.0
PS4_t4988,0.0
PS4_t4989,0.0
PS4_t4990,0.0
PS4_t4991,0.0
PS4_t4992,0.0
PS4_t5041,0.0
PS4_t5042,0.0
PS4_t5043,0.0
PS4_t5044,0.0
PS4_t5045,0.0
PS4_t5046,0.0
PS4_t5047,0.0
PS4_t5048,0.0
PS4_t5033,0.0
PS4_t5034,0.0
PS4_t5035,0.0
PS4_t5036,0.0
PS4_t5037,0.0
PS4_t5038,0.0
PS4_t5039,0.0
PS4_t5040,0.0
PS4_t5025,0.0
PS4_t5026,0.0
PS4_t5027,0.0
PS4_t5028,0.0
PS4_t5029,0.0
PS4_t5030,0.0
PS4_t5031,0.0
PS4_t5032,0.0
PS4_t5017,0.0
PS4_t5018,0.0
PS4_t5019,0.0
PS4_t5020,0.0
PS4_t5021,0.0
PS4_t5022,0.0
PS4_t5023,0.0
PS4_t5024,0.0
PS4_t5073,0.0
PS4_t5074,0.0
PS4_t5075,0.0
PS4_t5076,0.0
PS4_t5077,0.0
PS4_t5078,0.0
PS4_t5079,0.0
PS4_t5080,0.0
PS4_t5065,0.0
PS4_t5066,0.0
PS4_t5067,0.0
PS4_t5068,0.0
PS4_t5069,0.0
PS4_t5070,0.0
PS4_t5071,0.0
PS4_t5072,0.0
PS4_t5057,0.0
PS4_t5058,0.0
PS4_t5059,0.0
PS4_t5060,0.0
PS4_t5061,0.0
PS4_t5062,0.0
PS4_t5063,0.0
PS4_t5064,0.0
PS4_t5049,0.0
PS4_t5050,0.0
PS4_t5051,0.0
PS4_t5052,0.0
PS4_t5053,0.0
PS4_t5054,0.0
PS4_t5055,0.0
PS4_t5056,0.0
PS4_t5105,0.0
PS4_t5106,0.0
PS4_t5107,0.0
PS4_t5108,0.0
PS4_t5109,0.0
PS4_t5110,0.0
PS4_t5111,0.0
PS4_t5112,0.0
PS4_t5097,0.0
PS4_t5098,0.0
PS4_t5099,0.0
PS4_t5100,0.0
PS4_t5101,0.0
PS4_t5102,0.0
PS4_t5103,0.0
PS4_t5104,0.0
PS4_t5089,0.0
PS4_t5090,0.0
PS4_t5091,0.0
PS4_t5092,0.0
PS4_t5093,0.0
PS4_t5094,0.0
PS4_t5095,0.0
PS4_t5096,0.0
PS4_t5081,0.0
PS4_t5082,0.0
PS4_t5083,0.0
PS4_t5084,0.0
PS4_t5085,0.0
PS4_t5086,0.0
PS4_t5087,0.0
PS4_t5088,0.0
PS4_t5137,0.0
PS4_t5138,0.0
PS4_t5139,0.0
PS4_t5140,0.0
PS4_t5141,0.0
PS4_t5142,0.0
PS4_t5143,0.0
PS4_t5144,0.0
PS4_t5129,0.0
PS4_t5130,0.0
PS4_t5131,0.0
PS4_t5132,0.0
PS4_t5133,0.0
PS4_t5134,0.0
PS4_t5135,0.0
PS4_t5136,0.0
PS4_t5121,0.0
PS4_t5122,0.0
PS4_t5123,0.0
PS4_t5124,0.0
PS4_t5125,0.0
PS4_t5126,0.0
PS4_t5127,0.0
PS4_t5128,0.0
PS4_t5113,0.0
PS4_t5114,0.0
PS4_t5115,0.0
PS4_t5116,0.0
PS4_t5117,0.0
PS4_t5118,0.0
PS4_t5119,0.0
PS4_t5120,0.0
PS4_t5169,0.0
PS4_t5170,0.0
PS4_t5171,0.0
PS4_t5172,0.0
PS4_t5173,0.0
PS4_t5174,0.0
PS4_t5175,0.0
PS4_t5176,0.0
PS4_t5161,0.0
PS4_t5162,0.0
PS4_t5163,0.0
PS4_t5164,0.0
PS4_t5165,0.0
PS4_t5166,0.0
PS4_t5167,0.0
PS4_t5168,0.0
PS4_t5153,0.0
PS4_t5154,0.0
PS4_t5155,0.0
PS4_t5156,0.0
PS4_t5157,0.0
PS4_t5158,0.0
PS4_t5159,0.0
PS4_t5160,0.0
PS4_t5145,0.0
PS4_t5146,0.0
PS4_t5147,0.0
PS4_t5148,0.0
PS4_t5149,0.0
PS4_t5150,0.0
PS4_t5151,0.0
PS4_t5152,0.0
PS4_t5201,0.0
PS4_t5202,0.0
PS4_t5203,0.0
PS4_t5204,0.0
PS4_t5205,0.0
PS4_t5206,0.0
PS4_t5207,0.0
PS4_t5208,0.0
PS4_t5193,0.0
PS4_t5194,0.0
PS4_t5195,0.0
PS4_t5196,0.0
PS4_t5197,0.0
PS4_t5198,0.0
PS4_t5199,0.0
PS4_t5200,0.0
PS4_t5185,0.0
PS4_t5186,0.0
PS4_t5187,0.0
PS4_t5188,0.0
PS4_t5189,0.0
PS4_t5190,0.0
PS4_t5191,0.0
PS4_t5192,0.0
PS4_t5177,0.0
PS4_t5178,0.0
PS4_t5179,0.0
PS4_t5180,0.0
PS4_t5181,0.0
PS4_t5182,0.0
PS4_t5183,0.0
PS4_t5184,0.0
PS4_t5233,0.0
PS4_t5234,0.0
PS4_t5235,0.0
PS4_t5236,0.0
PS4_t5237,0.0
PS4_t5238,0.0
PS4_t5239,0.0
PS4_t5240,0.0
PS4_t5225,0.0
PS4_t5226,0.0
PS4_t5227,0.0
PS4_t5228,0.0
PS4_t5229,0.0
PS4_t5230,0.0
PS4_t5231,0.0
PS4_t5232,0.0
PS4_t5217,0.0
PS4_t5218,0.0
PS4_t5219,0.0
PS4_t5220,0.0
PS4_t5221,0.0
PS4_t5222,0.0
PS4_t5223,0.0
PS4_t5224,0.0
PS4_t5209,0.0
PS4_t5210,0.0
PS4_t5211,0.0
PS4_t5212,0.0
PS4_t5213,0.0
PS4_t5214,0.0
PS4_t5215,0.0
PS4_t5216,0.0
PS4_t5265,0.0
PS4_t5266,0.0
PS4_t5267,0.0
PS4_t5268,0.0
PS4_t5269,0.0
PS4_t5270,0.0
PS4_t5271,0.0
PS4_t5272,0.0
PS4_t5257,0.0
PS4_t5258,0.0
PS4_t5259,0.0
PS4_t5260,0.0
PS4_t5261,0.0
PS4_t5262,0.0
PS4_t5263,0.0
PS4_t5264,0.0
PS4_t5249,0.0
PS4_t5250,0.0
PS4_t5251,0.0
PS4_t5252,0.0
PS4_t5253,0.0
PS4_t5254,0.0
PS4_t5255,0.0
PS4_t5256,0.0
PS4_t5241,0.0
PS4_t5242,0.0
PS4_t5243,0.0
PS4_t5244,0.0
PS4_t5245,0.0
PS4_t5246,0.0
PS4_t5247,0.0
PS4_t5248,0.0
PS4_t5297,0.0
PS4_t5298,0.0
PS4_t5299,0.0
PS4_t5300,0.0
PS4_t5301,0.0
PS4_t5302,0.0
PS4_t5303,0.0
PS4_t5304,0.0
PS4_t5289,0.0
PS4_t5290,0.0
PS4_t5291,0.0
PS4_t5292,0.0
PS4_t5293,0.0
PS4_t5294,0.0
PS4_t5295,0.0
PS4_t5296,0.0
PS4_t5281,0.0
PS4_t5282,0.0
PS4_t5283,0.0
PS4_t5284,0.0
PS4_t5285,0.0
PS4_t5286,0.0
PS4_t5287,0.0
PS4_t5288,0.0
PS4_t5273,0.0
PS4_t5274,0.0
PS4_t5275,0.0
PS4_t5276,0.0
PS4_t5277,0.0
PS4_t5278,0.0
PS4_t5279,0.0
PS4_t5280,0.0
PS4_t5329,0.0
PS4_t5330,0.0
PS4_t5331,0.0
PS4_t5332,0.0
PS4_t5333,0.0
PS4_t5334,0.0
PS4_t5335,0.0
PS4_t5336,0.0
PS4_t5321,0.0
PS4_t5322,0.0
PS4_t5323,0.0
PS4_t5324,0.0
PS4_t5325,0.0
PS4_t5326,0.0
PS4_t5327,0.0
PS4_t5328,0.0
PS4_t5313,0.0
PS4_t5314,0.0
PS4_t5315,0.0
PS4_t5316,0.0
PS4_t5317,0.0
PS4_t5318,0.0
PS4_t5319,0.0
PS4_t5320,0.0
PS4_t5305,0.0
PS4_t5306,0.0
PS4_t5307,0.0
PS4_t5308,0.0
PS4_t5309,0.0
PS4_t5310,0.0
PS4_t5311,0.0
PS4_t5312,0.0
PS4_t5361,0.0
PS4_t5362,0.0
PS4_t5363,0.0
PS4_t5364,0.0
PS4_t5365,0.0
PS4_t5366,0.0
PS4_t5367,0.0
PS4_t5368,0.0
PS4_t5353,0.0
PS4_t5354,0.0
PS4_t5355,0.0
PS4_t5356,0.0
PS4_t5357,0.0
PS4_t5358,0.0
PS4_t5359,0.0
PS4_t5360,0.0
PS4_t5345,0.0
PS4_t5346,0.0
PS4_t5347,0.0
PS4_t5348,0.0
PS4_t5349,0.0
PS4_t5350,0.0
PS4_t5351,0.0
PS4_t5352,0.0
PS4_t5337,0.0
PS4_t5338,0.0
PS4_t5339,0.0
PS4_t5340,0.0
PS4_t5341,0.0
PS4_t5342,0.0
PS4_t5343,0.0
PS4_t5344,0.0
PS4_t5393,0.0
PS4_t5394,0.0
PS4_t5395,0.0
PS4_t5396,0.0
PS4_t5397,0.0
PS4_t5398,0.0
PS4_t5399,0.0
PS4_t5400,0.0
PS4_t5385,0.0
PS4_t5386,0.0
PS4_t5387,0.0
PS4_t5388,0.0
PS4_t5389,0.0
PS4_t5390,0.0
PS4_t5391,0.0
PS4_t5392,0.0
PS4_t5377,0.0
PS4_t5378,0.0
PS4_t5379,0.0
PS4_t5380,0.0
PS4_t5381,0.0
PS4_t5382,0.0
PS4_t5383,0.0
PS4_t5384,0.0
PS4_t5369,0.0
PS4_t5370,0.0
PS4_t5371,0.0
PS4_t5372,0.0
PS4_t5373,0.0
PS4_t5374,0.0
PS4_t5375,0.0
PS4_t5376,0.0
PS4_t5425,0.0
PS4_t5426,0.0
PS4_t5427,0.0
PS4_t5428,0.0
PS4_t5429,0.0
PS4_t5430,0.0
PS4_t5431,0.0
PS4_t5432,0.0
PS4_t5417,0.0
PS4_t5418,0.0
PS4_t5419,0.0
PS4_t5420,0.0
PS4_t5421,0.0
PS4_t5422,0.0
PS4_t5423,0.0
PS4_t5424,0.0
PS4_t5409,0.0
PS4_t5410,0.0
PS4_t5411,0.0
PS4_t5412,0.0
PS4_t5413,0.0
PS4_t5414,0.0
PS4_t5415,0.0
PS4_t5416,0.0
PS4_t5401,0.0
PS4_t5402,0.0
PS4_t5403,0.0
PS4_t5404,0.0
PS4_t5405,0.0
PS4_t5406,0.0
PS4_t5407,0.0
PS4_t5408,0.0
PS4_t5457,0.0
PS4_t5458,0.0
PS4_t5459,0.0
PS4_t5460,0.0
PS4_t5461,0.0
PS4_t5462,0.0
PS4_t5463,0.0
PS4_t5464,0.0
PS4_t5449,0.0
PS4_t5450,0.0
PS4_t5451,0.0
PS4_t5452,0.0
PS4_t5453,0.0
PS4_t5454,0.0
PS4_t5455,0.0
PS4_t5456,0.0
PS4_t5441,0.0
PS4_t5442,0.0
PS4_t5443,0.0
PS4_t5444,0.0
PS4_t5445,0.0
PS4_t5446,0.0
PS4_t5447,0.0
PS4_t5448,0.0
PS4_t5433,0.0
PS4_t5434,0.0
PS4_t5435,0.0
PS4_t5436,0.0
PS4_t5437,0.0
PS4_t5438,0.0
PS4_t5439,0.0
PS4_t5440,0.0
PS4_t5489,0.0
PS4_t5490,0.0
PS4_t5491,0.0
PS4_t5492,0.0
PS4_t5493,0.0
PS4_t5494,0.0
PS4_t5495,0.0
PS4_t5496,0.0
PS4_t5481,0.0
PS4_t5482,0.0
PS4_t5483,0.0
PS4_t5484,0.0
PS4_t5485,0.0
PS4_t5486,0.0
PS4_t5487,0.0
PS4_t5488,0.0
PS4_t5473,0.0
PS4_t5474,0.0
PS4_t5475,0.0
PS4_t5476,0.0
PS4_t5477,0.0
PS4_t5478,0.0
PS4_t5479,0.0
PS4_t5480,0.0
PS4_t5465,0.0
PS4_t5466,0.0
PS4_t5467,0.0
PS4_t5468,0.0
PS4_t5469,0.0
PS4_t5470,0.0
PS4_t5471,0.0
PS4_t5472,0.0
PS4_t5521,0.0
PS4_t5522,0.0
PS4_t5523,0.0
PS4_t5524,0.0
PS4_t5525,0.0
PS4_t5526,0.0
PS4_t5527,0.0
PS4_t5528,0.0
PS4_t5513,0.0
PS4_t5514,0.0
PS4_t5515,0.0
PS4_t5516,0.0
PS4_t5517,0.0
PS4_t5518,0.0
PS4_t5519,0.0
PS4_t5520,0.0
PS4_t5505,0.0
PS4_t5506,0.0
PS4_t5507,0.0
PS4_t5508,0.0
PS4_t5509,0.0
PS4_t5510,0.0
PS4_t5511,0.0
PS4_t5512,0.0
PS4_t5497,0.0
PS4_t5498,0.0
PS4_t5499,0.0
PS4_t5500,0.0
PS4_t5501,0.0
PS4_t5502,0.0
PS4_t5503,0.0
PS4_t5504,0.0
PS4_t5553,0.0
PS4_t5554,0.0
PS4_t5555,0.0
PS4_t5556,0.0
PS4_t5557,0.0
PS4_t5558,0.0
PS4_t5559,0.0
PS4_t5560,0.0
PS4_t5545,0.0
PS4_t5546,0.0
PS4_t5547,0.0
PS4_t5548,0.0
PS4_t5549,0.0
PS4_t5550,0.0
PS4_t5551,0.0
PS4_t5552,0.0
PS4_t5537,0.0
PS4_t5538,0.0
PS4_t5539,0.0
PS4_t5540,0.0
PS4_t5541,0.0
PS4_t5542,0.0
PS4_t5543,0.0
PS4_t5544,0.0
PS4_t5529,0.0
PS4_t5530,0.0
PS4_t5531,0.0
PS4_t5532,0.0
PS4_t5533,0.0
PS4_t5534,0.0
PS4_t5535,0.0
PS4_t5536,0.0
PS4_t5585,0.0
PS4_t5586,0.0
PS4_t5587,0.0
PS4_t5588,0.0
PS4_t5589,0.0
PS4_t5590,0.0
PS4_t5591,0.0
PS4_t5592,0.0
PS4_t5577,0.0
PS4_t5578,0.0
PS4_t5579,0.0
PS4_t5580,0.0
PS4_t5581,0.0
PS4_t5582,0.0
PS4_t5583,0.0
PS4_t5584,0.0
PS4_t5569,0.0
PS4_t5570,0.0
PS4_t5571,0.0
PS4_t5572,0.0
PS4_t5573,0.0
PS4_t5574,0.0
PS4_t5575,0.0
PS4_t5576,0.0
PS4_t5561,0.0
PS4_t5562,0.0
PS4_t5563,0.0
PS4_t5564,0.0
PS4_t5565,0.0
PS4_t5566,0.0
PS4_t5567,0.0
PS4_t5568,0.0
PS4_t5617,0.0
PS4_t5618,0.0
PS4_t5619,0.0
PS4_t5620,0.0
PS4_t5621,0.0
PS4_t5622,0.0
PS4_t5623,0.0
PS4_t5624,0.0
PS4_t5609,0.0
PS4_t5610,0.0
PS4_t5611,0.0
PS4_t5612,0.0
PS4_t5613,0.0
PS4_t5614,0.0
PS4_t5615,0.0
PS4_t5616,0.0
PS4_t5601,0.0
PS4_t5602,0.0
PS4_t5603,0.0
PS4_t5604,0.0
PS4_t5605,0.0
PS4_t5606,0.0
PS4_t5607,0.0
PS4_t5608,0.0
PS4_t5593,0.0
PS4_t5594,0.0
PS4_t5595,0.0
PS4_t5596,0.0
PS4_t5597,0.0
PS4_t5598,0.0
PS4_t5599,0.0
PS4_t5600,0.0
PS4_t5649,0.0
PS4_t5650,0.0
PS4_t5651,0.0
PS4_t5652,0.0
PS4_t5653,0.0
PS4_t5654,0.0
PS4_t5655,0.0
PS4_t5656,0.0
PS4_t5641,0.0
PS4_t5642,0.0
PS4_t5643,0.0
PS4_t5644,0.0
PS4_t5645,0.0
PS4_t5646,0.0
PS4_t5647,0.0
PS4_t5648,0.0
PS4_t5633,0.0
PS4_t5634,0.0
PS4_t5635,0.0
PS4_t5636,0.0
PS4_t5637,0.0
PS4_t5638,0.0
PS4_t5639,0.0
PS4_t5640,0.0
PS4_t5625,0.0
PS4_t5626,0.0
PS4_t5627,0.0
PS4_t5628,0.0
PS4_t5629,0.0
PS4_t5630,0.0
PS4_t5631,0.0
PS4_t5632,0.0
PS4_t5681,0.0
PS4_t5682,0.0
PS4_t5683,0.0
PS4_t5684,0.0
PS4_t5685,0.0
PS4_t5686,0.0
PS4_t5687,0.0
PS4_t5688,0.0
PS4_t5673,0.0
PS4_t5674,0.0
PS4_t5675,0.0
PS4_t5676,0.0
PS4_t5677,0.0
PS4_t5678,0.0
PS4_t5679,0.0
PS4_t5680,0.0
PS4_t5665,0.0
PS4_t5666,0.0
PS4_t5667,0.0
PS4_t5668,0.0
PS4_t5669,0.0
PS4_t5670,0.0
PS4_t5671,0.0
PS4_t5672,0.0
PS4_t5657,0.0
PS4_t5658,0.0
PS4_t5659,0.0
PS4_t5660,0.0
PS4_t5661,0.0
PS4_t5662,0.0
PS4_t5663,0.0
PS4_t5664,0.0
PS4_t5713,0.0
PS4_t5714,0.0
PS4_t5715,0.0
PS4_t5716,0.0
PS4_t5717,0.0
PS4_t5718,0.0
PS4_t5719,0.0
PS4_t5720,0.0
PS4_t5705,0.0
PS4_t5706,0.0
PS4_t5707,0.0
PS4_t5708,0.0
PS4_t5709,0.0
PS4_t5710,0.0
PS4_t5711,0.0
PS4_t5712,0.0
PS4_t5697,0.0
PS4_t5698,0.0
PS4_t5699,0.0
PS4_t5700,0.0
PS4_t5701,0.0
PS4_t5702,0.0
PS4_t5703,0.0
PS4_t5704,0.0
PS4_t5689,0.0
PS4_t5690,0.0
PS4_t5691,0.0
PS4_t5692,0.0
PS4_t5693,0.0
PS4_t5694,0.0
PS4_t5695,0.0
PS4_t5696,0.0
PS4_t5745,0.0
PS4_t5746,0.0
PS4_t5747,0.0
PS4_t5748,0.0
PS4_t5749,0.0
PS4_t5750,0.0
PS4_t5751,0.0
PS4_t5752,0.0
PS4_t5737,0.0
PS4_t5738,0.0
PS4_t5739,0.0
PS4_t5740,0.0
PS4_t5741,0.0
PS4_t5742,0.0
PS4_t5743,0.0
PS4_t5744,0.0
PS4_t5729,0.0
PS4_t5730,0.0
PS4_t5731,0.0
PS4_t5732,0.0
PS4_t5733,0.0
PS4_t5734,0.0
PS4_t5735,0.0
PS4_t5736,0.0
PS4_t5721,0.0
PS4_t5722,0.0
PS4_t5723,0.0
PS4_t5724,0.0
PS4_t5725,0.0
PS4_t5726,0.0
PS4_t5727,0.0
PS4_t5728,0.0
PS4_t5777,0.0
PS4_t5778,0.0
PS4_t5779,0.0
PS4_t5780,0.0
PS4_t5781,0.0
PS4_t5782,0.0
PS4_t5783,0.0
PS4_t5784,0.0
PS4_t5769,0.0
PS4_t5770,0.0
PS4_t5771,0.0
PS4_t5772,0.0
PS4_t5773,0.0
PS4_t5774,0.0
PS4_t5775,0.0
PS4_t5776,0.0
PS4_t5761,0.0
PS4_t5762,0.0
PS4_t5763,0.0
PS4_t5764,0.0
PS4_t5765,0.0
PS4_t5766,0.0
PS4_t5767,0.0
PS4_t5768,0.0
PS4_t5753,0.0
PS4_t5754,0.0
PS4_t5755,0.0
PS4_t5756,0.0
PS4_t5757,0.0
PS4_t5758,0.0
PS4_t5759,0.0
PS4_t5760,0.0
PS4_t5809,0.0
PS4_t5810,0.0
PS4_t5811,0.0
PS4_t5812,0.0
PS4_t5813,0.0
PS4_t5814,0.0
PS4_t5815,0.0
PS4_t5816,0.0
PS4_t5801,0.0
PS4_t5802,0.0
PS4_t5803,0.0
PS4_t5804,0.0
PS4_t5805,0.0
PS4_t5806,0.0
PS4_t5807,0.0
PS4_t5808,0.0
PS4_t5793,0.0
PS4_t5794,0.0
PS4_t5795,0.0
PS4_t5796,0.0
PS4_t5797,0.0
PS4_t5798,0.0
PS4_t5799,0.0
PS4_t5800,0.0
PS4_t5785,0.0
PS4_t5786,0.0
PS4_t5787,0.0
PS4_t5788,0.0
PS4_t5789,0.0
PS4_t5790,0.0
PS4_t5791,0.0
PS4_t5792,0.0
PS4_t5841,0.0
PS4_t5842,0.0
PS4_t5843,0.0
PS4_t5844,0.0
PS4_t5845,0.0
PS4_t5846,0.0
PS4_t5847,0.0
PS4_t5848,0.0
PS4_t5833,0.0
PS4_t5834,0.0
PS4_t5835,0.0
PS4_t5836,0.0
PS4_t5837,0.0
PS4_t5838,0.0
PS4_t5839,0.0
PS4_t5840,0.0
PS4_t5825,0.0
PS4_t5826,0.0
PS4_t5827,0.0
PS4_t5828,0.0
PS4_t5829,0.0
PS4_t5830,0.0
PS4_t5831,0.0
PS4_t5832,0.0
PS4_t5817,0.0
PS4_t5818,0.0
PS4_t5819,0.0
PS4_t5820,0.0
PS4_t5821,0.0
PS4_t5822,0.0
PS4_t5823,0.0
PS4_t5824,0.0
PS4_t5873,0.0
PS4_t5874,0.0
PS4_t5875,0.0
PS4_t5876,0.0
PS4_t5877,0.0
PS4_t5878,0.0
PS4_t5879,0.0
PS4_t5880,0.0
PS4_t5865,0.0
PS4_t5866,0.0
PS4_t5867,0.0
PS4_t5868,0.0
PS4_t5869,0.0
PS4_t5870,0.0
PS4_t5871,0.0
PS4_t5872,0.0
PS4_t5857,0.0
PS4_t5858,0.0
PS4_t5859,0.0
PS4_t5860,0.0
PS4_t5861,0.0
PS4_t5862,0.0
PS4_t5863,0.0
PS4_t5864,0.0
PS4_t5849,0.0
PS4_t5850,0.0
PS4_t5851,0.0
PS4_t5852,0.0
PS4_t5853,0.0
PS4_t5854,0.0
PS4_t5855,0.0
PS4_t5856,0.0
PS4_t5905,0.0
PS4_t5906,0.0
PS4_t5907,0.0
PS4_t5908,0.0
PS4_t5909,0.0
PS4_t5910,0.0
PS4_t5911,0.0
PS4_t5912,0.0
PS4_t5897,0.0
PS4_t5898,0.0
PS4_t5899,0.0
PS4_t5900,0.0
PS4_t5901,0.0
PS4_t5902,0.0
PS4_t5903,0.0
PS4_t5904,0.0
PS4_t5889,0.0
PS4_t5890,0.0
PS4_t5891,0.0
PS4_t5892,0.0
PS4_t5893,0.0
PS4_t5894,0.0
PS4_t5895,0.0
PS4_t5896,0.0
PS4_t5881,0.0
PS4_t5882,0.0
PS4_t5883,0.0
PS4_t5884,0.0
PS4_t5885,0.0
PS4_t5886,0.0
PS4_t5887,0.0
PS4_t5888,0.0
PS4_t5937,0.0
PS4_t5938,0.0
PS4_t5939,0.0
PS4_t5940,0.0
PS4_t5941,0.0
PS4_t5942,0.0
PS4_t5943,0.0
PS4_t5944,0.0
PS4_t5929,0.0
PS4_t5930,0.0
PS4_t5931,0.0
PS4_t5932,0.0
PS4_t5933,0.0
PS4_t5934,0.0
PS4_t5935,0.0
PS4_t5936,0.0
PS4_t5921,0.0
PS4_t5922,0.0
PS4_t5923,0.0
PS4_t5924,0.0
PS4_t5925,0.0
PS4_t5926,0.0
PS4_t5927,0.0
PS4_t5928,0.0
PS4_t5913,0.0
PS4_t5914,0.0
PS4_t5915,0.0
PS4_t5916,0.0
PS4_t5917,0.0
PS4_t5918,0.0
PS4_t5919,0.0
PS4_t5920,0.0
PS4_t5969,0.0
PS4_t5970,0.0
PS4_t5971,0.0
PS4_t5972,0.0
PS4_t5973,0.0
PS4_t5974,0.0
PS4_t5975,0.0
PS4_t5976,0.0
PS4_t5961,0.0
PS4_t5962,0.0
PS4_t5963,0.0
PS4_t5964,0.0
PS4_t5965,0.0
PS4_t5966,0.0
PS4_t5967,0.0
PS4_t5968,0.0
PS4_t5953,0.0
PS4_t5954,0.0
PS4_t5955,0.0
PS4_t5956,0.0
PS4_t5957,0.0
PS4_t5958,0.0
PS4_t5959,0.0
PS4_t5960,0.0
PS4_t5945,0.0
PS4_t5946,0.0
PS4_t5947,0.0
PS4_t5948,0.0
PS4_t5949,0.0
PS4_t5950,0.0
PS4_t5951,0.0
PS4_t5952,0.0
PS5_t1,0.0
PS5_t2,0.0
PS5_t3,0.0
PS5_t4,0.0
PS5_t5,0.0
PS5_t6,0.0
PS5_t7,0.0
PS5_t8,0.0
PS4_t5993,0.0
PS4_t5994,0.0
PS4_t5995,0.0
PS4_t5996,0.0
PS4_t5997,0.0
PS4_t5998,0.0
PS4_t5999,0.0
PS4_t6000,0.0
PS4_t5985,0.0
PS4_t5986,0.0
PS4_t5987,0.0
PS4_t5988,0.0
PS4_t5989,0.0
PS4_t5990,0.0
PS4_t5991,0.0
PS4_t5992,0.0
PS4_t5977,0.0
PS4_t5978,0.0
PS4_t5979,0.0
PS4_t5980,0.0
PS4_t5981,0.0
PS4_t5982,0.0
PS4_t5983,0.0
PS4_t5984,0.0
PS5_t33,0.0
PS5_t34,0.0
PS5_t35,0.0
PS5_t36,0.0
PS5_t37,0.0
PS5_t38,0.0
PS5_t39,0.0
PS5_t40,0.0
PS5_t25,0.0
PS5_t26,0.0
PS5_t27,0.0
PS5_t28,0.0
PS5_t29,0.0
PS5_t30,0.0
PS5_t31,0.0
PS5_t32,0.0
PS5_t17,0.0
PS5_t18,0.0
PS5_t19,0.0
PS5_t20,0.0
PS5_t21,0.0
PS5_t22,0.0
PS5_t23,0.0
PS5_t24,0.0
PS5_t9,0.0
PS5_t10,0.0
PS5_t11,0.0
PS5_t12,0.0
PS5_t13,0.0
PS5_t14,0.0
PS5_t15,0.0
PS5_t16,0.0
PS5_t65,0.0
PS5_t66,0.0
PS5_t67,0.0
PS5_t68,0.0
PS5_t69,0.0
PS5_t70,0.0
PS5_t71,0.0
PS5_t72,0.0
PS5_t57,0.0
PS5_t58,0.0
PS5_t59,0.0
PS5_t60,0.0
PS5_t61,0.0
PS5_t62,0.0
PS5_t63,0.0
PS5_t64,0.0
PS5_t49,0.0
PS5_t50,0.0
PS5_t51,0.0
PS5_t52,0.0
PS5_t53,0.0
PS5_t54,0.0
PS5_t55,0.0
PS5_t56,0.0
PS5_t41,0.0
PS5_t42,0.0
PS5_t43,0.0
PS5_t44,0.0
PS5_t45,0.0
PS5_t46,0.0
PS5_t47,0.0
PS5_t48,0.0
PS5_t97,0.0
PS5_t98,0.0
PS5_t99,0.0
PS5_t100,0.0
PS5_t101,0.0
PS5_t102,0.0
PS5_t103,0.0
PS5_t104,0.0
PS5_t89,0.0
PS5_t90,0.0
PS5_t91,0.0
PS5_t92,0.0
PS5_t93,0.0
PS5_t94,0.0
PS5_t95,0.0
PS5_t96,0.0
PS5_t81,0.0
PS5_t82,0.0
PS5_t83,0.0
PS5_t84,0.0
PS5_t85,0.0
PS5_t86,0.0
PS5_t87,0.0
PS5_t88,0.0
PS5_t73,0.0
PS5_t74,0.0
PS5_t75,0.0
PS5_t76,0.0
PS5_t77,0.0
PS5_t78,0.0
PS5_t79,0.0
PS5_t80,0.0
PS5_t129,0.0
PS5_t130,0.0
PS5_t131,0.0
PS5_t132,0.0
PS5_t133,0.0
PS5_t134,0.0
PS5_t135,0.0
PS5_t136,0.0
PS5_t121,0.0
PS5_t122,0.0
PS5_t123,0.0
PS5_t124,0.0
PS5_t125,0.0
PS5_t126,0.0
PS5_t127,0.0
PS5_t128,0.0
PS5_t113,0.0
PS5_t114,0.0
PS5_t115,0.0
PS5_t116,0.0
PS5_t117,0.0
PS5_t118,0.0
PS5_t119,0.0
PS5_t120,0.0
PS5_t105,0.0
PS5_t106,0.0
PS5_t107,0.0
PS5_t108,0.0
PS5_t109,0.0
PS5_t110,0.0
PS5_t111,0.0
PS5_t112,0.0
PS5_t161,0.0
PS5_t162,0.0
PS5_t163,0.0
PS5_t164,0.0
PS5_t165,0.0
PS5_t166,0.0
PS5_t167,0.0
PS5_t168,0.0
PS5_t153,0.0
PS5_t154,0.0
PS5_t155,0.0
PS5_t156,0.0
PS5_t157,0.0
PS5_t158,0.0
PS5_t159,0.0
PS5_t160,0.0
PS5_t145,0.0
PS5_t146,0.0
PS5_t147,0.0
PS5_t148,0.0
PS5_t149,0.0
PS5_t150,0.0
PS5_t151,0.0
PS5_t152,0.0
PS5_t137,0.0
PS5_t138,0.0
PS5_t139,0.0
PS5_t140,0.0
PS5_t141,0.0
PS5_t142,0.0
PS5_t143,0.0
PS5_t144,0.0
PS5_t193,0.0
PS5_t194,0.0
PS5_t195,0.0
PS5_t196,0.0
PS5_t197,0.0
PS5_t198,0.0
PS5_t199,0.0
PS5_t200,0.0
PS5_t185,0.0
PS5_t186,0.0
PS5_t187,0.0
PS5_t188,0.0
PS5_t189,0.0
PS5_t190,0.0
PS5_t191,0.0
PS5_t192,0.0
PS5_t177,0.0
PS5_t178,0.0
PS5_t179,0.0
PS5_t180,0.0
PS5_t181,0.0
PS5_t182,0.0
PS5_t183,0.0
PS5_t184,0.0
PS5_t169,0.0
PS5_t170,0.0
PS5_t171,0.0
PS5_t172,0.0
PS5_t173,0.0
PS5_t174,0.0
PS5_t175,0.0
PS5_t176,0.0
PS5_t225,0.0
PS5_t226,0.0
PS5_t227,0.0
PS5_t228,0.0
PS5_t229,0.0
PS5_t230,0.0
PS5_t231,0.0
PS5_t232,0.0
PS5_t217,0.0
PS5_t218,0.0
PS5_t219,0.0
PS5_t220,0.0
PS5_t221,0.0
PS5_t222,0.0
PS5_t223,0.0
PS5_t224,0.0
PS5_t209,0.0
PS5_t210,0.0
PS5_t211,0.0
PS5_t212,0.0
PS5_t213,0.0
PS5_t214,0.0
PS5_t215,0.0
PS5_t216,0.0
PS5_t201,0.0
PS5_t202,0.0
PS5_t203,0.0
PS5_t204,0.0
PS5_t205,0.0
PS5_t206,0.0
PS5_t207,0.0
PS5_t208,0.0
PS5_t257,0.0
PS5_t258,0.0
PS5_t259,0.0
PS5_t260,0.0
PS5_t261,0.0
PS5_t262,0.0
PS5_t263,0.0
PS5_t264,0.0
PS5_t249,0.0
PS5_t250,0.0
PS5_t251,0.0
PS5_t252,0.0
PS5_t253,0.0
PS5_t254,0.0
PS5_t255,0.0
PS5_t256,0.0
PS5_t241,0.0
PS5_t242,0.0
PS5_t243,0.0
PS5_t244,0.0
PS5_t245,0.0
PS5_t246,0.0
PS5_t247,0.0
PS5_t248,0.0
PS5_t233,0.0
PS5_t234,0.0
PS5_t235,0.0
PS5_t236,0.0
PS5_t237,0.0
PS5_t238,0.0
PS5_t239,0.0
PS5_t240,0.0
PS5_t289,0.0
PS5_t290,0.0
PS5_t291,0.0
PS5_t292,0.0
PS5_t293,0.0
PS5_t294,0.0
PS5_t295,0.0
PS5_t296,0.0
PS5_t281,0.0
PS5_t282,0.0
PS5_t283,0.0
PS5_t284,0.0
PS5_t285,0.0
PS5_t286,0.0
PS5_t287,0.0
PS5_t288,0.0
PS5_t273,0.0
PS5_t274,0.0
PS5_t275,0.0
PS5_t276,0.0
PS5_t277,0.0
PS5_t278,0.0
PS5_t279,0.0
PS5_t280,0.0
PS5_t265,0.0
PS5_t266,0.0
PS5_t267,0.0
PS5_t268,0.0
PS5_t269,0.0
PS5_t270,0.0
PS5_t271,0.0
PS5_t272,0.0
PS5_t321,0.0
PS5_t322,0.0
PS5_t323,0.0
PS5_t324,0.0
PS5_t325,0.0
PS5_t326,0.0
PS5_t327,0.0
PS5_t328,0.0
PS5_t313,0.0
PS5_t314,0.0
PS5_t315,0.0
PS5_t316,0.0
PS5_t317,0.0
PS5_t318,0.0
PS5_t319,0.0
PS5_t320,0.0
PS5_t305,0.0
PS5_t306,0.0
PS5_t307,0.0
PS5_t308,0.0
PS5_t309,0.0
PS5_t310,0.0
PS5_t311,0.0
PS5_t312,0.0
PS5_t297,0.0
PS5_t298,0.0
PS5_t299,0.0
PS5_t300,0.0
PS5_t301,0.0
PS5_t302,0.0
PS5_t303,0.0
PS5_t304,0.0
PS5_t353,0.0
PS5_t354,0.0
PS5_t355,0.0
PS5_t356,0.0
PS5_t357,0.0
PS5_t358,0.0
PS5_t359,0.0
PS5_t360,0.0
PS5_t345,0.0
PS5_t346,0.0
PS5_t347,0.0
PS5_t348,0.0
PS5_t349,0.0
PS5_t350,0.0
PS5_t351,0.0
PS5_t352,0.0
PS5_t337,0.0
PS5_t338,0.0
PS5_t339,0.0
PS5_t340,0.0
PS5_t341,0.0
PS5_t342,0.0
PS5_t343,0.0
PS5_t344,0.0
PS5_t329,0.0
PS5_t330,0.0
PS5_t331,0.0
PS5_t332,0.0
PS5_t333,0.0
PS5_t334,0.0
PS5_t335,0.0
PS5_t336,0.0
PS5_t385,0.0
PS5_t386,0.0
PS5_t387,0.0
PS5_t388,0.0
PS5_t389,0.0
PS5_t390,0.0
PS5_t391,0.0
PS5_t392,0.0
PS5_t377,0.0
PS5_t378,0.0
PS5_t379,0.0
PS5_t380,0.0
PS5_t381,0.0
PS5_t382,0.0
PS5_t383,0.0
PS5_t384,0.0
PS5_t369,0.0
PS5_t370,0.0
PS5_t371,0.0
PS5_t372,0.0
PS5_t373,0.0
PS5_t374,0.0
PS5_t375,0.0
PS5_t376,0.0
PS5_t361,0.0
PS5_t362,0.0
PS5_t363,0.0
PS5_t364,0.0
PS5_t365,0.0
PS5_t366,0.0
PS5_t367,0.0
PS5_t368,0.0
PS5_t417,0.0
PS5_t418,0.0
PS5_t419,0.0
PS5_t420,0.0
PS5_t421,0.0
PS5_t422,0.0
PS5_t423,0.0
PS5_t424,0.0
PS5_t409,0.0
PS5_t410,0.0
PS5_t411,0.0
PS5_t412,0.0
PS5_t413,0.0
PS5_t414,0.0
PS5_t415,0.0
PS5_t416,0.0
PS5_t401,0.0
PS5_t402,0.0
PS5_t403,0.0
PS5_t404,0.0
PS5_t405,0.0
PS5_t406,0.0
PS5_t407,0.0
PS5_t408,0.0
PS5_t393,0.0
PS5_t394,0.0
PS5_t395,0.0
PS5_t396,0.0
PS5_t397,0.0
PS5_t398,0.0
PS5_t399,0.0
PS5_t400,0.0
PS5_t449,0.0
PS5_t450,0.0
PS5_t451,0.0
PS5_t452,0.0
PS5_t453,0.0
PS5_t454,0.0
PS5_t455,0.0
PS5_t456,0.0
PS5_t441,0.0
PS5_t442,0.0
PS5_t443,0.0
PS5_t444,0.0
PS5_t445,0.0
PS5_t446,0.0
PS5_t447,0.0
PS5_t448,0.0
PS5_t433,0.0
PS5_t434,0.0
PS5_t435,0.0
PS5_t436,0.0
PS5_t437,0.0
PS5_t438,0.0
PS5_t439,0.0
PS5_t440,0.0
PS5_t425,0.0
PS5_t426,0.0
PS5_t427,0.0
PS5_t428,0.0
PS5_t429,0.0
PS5_t430,0.0
PS5_t431,0.0
PS5_t432,0.0
PS5_t481,0.0
PS5_t482,0.0
PS5_t483,0.0
PS5_t484,0.0
PS5_t485,0.0
PS5_t486,0.0
PS5_t487,0.0
PS5_t488,0.0
PS5_t473,0.0
PS5_t474,0.0
PS5_t475,0.0
PS5_t476,0.0
PS5_t477,0.0
PS5_t478,0.0
PS5_t479,0.0
PS5_t480,0.0
PS5_t465,0.0
PS5_t466,0.0
PS5_t467,0.0
PS5_t468,0.0
PS5_t469,0.0
PS5_t470,0.0
PS5_t471,0.0
PS5_t472,0.0
PS5_t457,0.0
PS5_t458,0.0
PS5_t459,0.0
PS5_t460,0.0
PS5_t461,0.0
PS5_t462,0.0
PS5_t463,0.0
PS5_t464,0.0
PS5_t513,0.0
PS5_t514,0.0
PS5_t515,0.0
PS5_t516,0.0
PS5_t517,0.0
PS5_t518,0.0
PS5_t519,0.0
PS5_t520,0.0
PS5_t505,0.0
PS5_t506,0.0
PS5_t507,0.0
PS5_t508,0.0
PS5_t509,0.0
PS5_t510,0.0
PS5_t511,0.0
PS5_t512,0.0
PS5_t497,0.0
PS5_t498,0.0
PS5_t499,0.0
PS5_t500,0.0
PS5_t501,0.0
PS5_t502,0.0
PS5_t503,0.0
PS5_t504,0.0
PS5_t489,0.0
PS5_t490,0.0
PS5_t491,0.0
PS5_t492,0.0
PS5_t493,0.0
PS5_t494,0.0
PS5_t495,0.0
PS5_t496,0.0
PS5_t545,0.0
PS5_t546,0.0
PS5_t547,0.0
PS5_t548,0.0
PS5_t549,0.0
PS5_t550,0.0
PS5_t551,0.0
PS5_t552,0.0
PS5_t537,0.0
PS5_t538,0.0
PS5_t539,0.0
PS5_t540,0.0
PS5_t541,0.0
PS5_t542,0.0
PS5_t543,0.0
PS5_t544,0.0
PS5_t529,0.0
PS5_t530,0.0
PS5_t531,0.0
PS5_t532,0.0
PS5_t533,0.0
PS5_t534,0.0
PS5_t535,0.0
PS5_t536,0.0
PS5_t521,0.0
PS5_t522,0.0
PS5_t523,0.0
PS5_t524,0.0
PS5_t525,0.0
PS5_t526,0.0
PS5_t527,0.0
PS5_t528,0.0
PS5_t577,0.0
PS5_t578,0.0
PS5_t579,0.0
PS5_t580,0.0
PS5_t581,0.0
PS5_t582,0.0
PS5_t583,0.0
PS5_t584,0.0
PS5_t569,0.0
PS5_t570,0.0
PS5_t571,0.0
PS5_t572,0.0
PS5_t573,0.0
PS5_t574,0.0
PS5_t575,0.0
PS5_t576,0.0
PS5_t561,0.0
PS5_t562,0.0
PS5_t563,0.0
PS5_t564,0.0
PS5_t565,0.0
PS5_t566,0.0
PS5_t567,0.0
PS5_t568,0.0
PS5_t553,0.0
PS5_t554,0.0
PS5_t555,0.0
PS5_t556,0.0
PS5_t557,0.0
PS5_t558,0.0
PS5_t559,0.0
PS5_t560,0.0
PS5_t609,0.0
PS5_t610,0.0
PS5_t611,0.0
PS5_t612,0.0
PS5_t613,0.0
PS5_t614,0.0
PS5_t615,0.0
PS5_t616,0.0
PS5_t601,0.0
PS5_t602,0.0
PS5_t603,0.0
PS5_t604,0.0
PS5_t605,0.0
PS5_t606,0.0
PS5_t607,0.0
PS5_t608,0.0
PS5_t593,0.0
PS5_t594,0.0
PS5_t595,0.0
PS5_t596,0.0
PS5_t597,0.0
PS5_t598,0.0
PS5_t599,0.0
PS5_t600,0.0
PS5_t585,0.0
PS5_t586,0.0
PS5_t587,0.0
PS5_t588,0.0
PS5_t589,0.0
PS5_t590,0.0
PS5_t591,0.0
PS5_t592,0.0
PS5_t641,0.0
PS5_t642,0.0
PS5_t643,0.0
PS5_t644,0.0
PS5_t645,0.0
PS5_t646,0.0
PS5_t647,0.0
PS5_t648,0.0
PS5_t633,0.0
PS5_t634,0.0
PS5_t635,0.0
PS5_t636,0.0
PS5_t637,0.0
PS5_t638,0.0
PS5_t639,0.0
PS5_t640,0.0
PS5_t625,0.0
PS5_t626,0.0
PS5_t627,0.0
PS5_t628,0.0
PS5_t629,0.0
PS5_t630,0.0
PS5_t631,0.0
PS5_t632,0.0
PS5_t617,0.0
PS5_t618,0.0
PS5_t619,0.0
PS5_t620,0.0
PS5_t621,0.0
PS5_t622,0.0
PS5_t623,0.0
PS5_t624,0.0
PS5_t673,0.0
PS5_t674,0.0
PS5_t675,0.0
PS5_t676,0.0
PS5_t677,0.0
PS5_t678,0.0
PS5_t679,0.0
PS5_t680,0.0
PS5_t665,0.0
PS5_t666,0.0
PS5_t667,0.0
PS5_t668,0.0
PS5_t669,0.0
PS5_t670,0.0
PS5_t671,0.0
PS5_t672,0.0
PS5_t657,0.0
PS5_t658,0.0
PS5_t659,0.0
PS5_t660,0.0
PS5_t661,0.0
PS5_t662,0.0
PS5_t663,0.0
PS5_t664,0.0
PS5_t649,0.0
PS5_t650,0.0
PS5_t651,0.0
PS5_t652,0.0
PS5_t653,0.0
PS5_t654,0.0
PS5_t655,0.0
PS5_t656,0.0
PS5_t705,0.0
PS5_t706,0.0
PS5_t707,0.0
PS5_t708,0.0
PS5_t709,0.0
PS5_t710,0.0
PS5_t711,0.0
PS5_t712,0.0
PS5_t697,0.0
PS5_t698,0.0
PS5_t699,0.0
PS5_t700,0.0
PS5_t701,0.0
PS5_t702,0.0
PS5_t703,0.0
PS5_t704,0.0
PS5_t689,0.0
PS5_t690,0.0
PS5_t691,0.0
PS5_t692,0.0
PS5_t693,0.0
PS5_t694,0.0
PS5_t695,0.0
PS5_t696,0.0
PS5_t681,0.0
PS5_t682,0.0
PS5_t683,0.0
PS5_t684,0.0
PS5_t685,0.0
PS5_t686,0.0
PS5_t687,0.0
PS5_t688,0.0
PS5_t737,0.0
PS5_t738,0.0
PS5_t739,0.0
PS5_t740,0.0
PS5_t741,0.0
PS5_t742,0.0
PS5_t743,0.0
PS5_t744,0.0
PS5_t729,0.0
PS5_t730,0.0
PS5_t731,0.0
PS5_t732,0.0
PS5_t733,0.0
PS5_t734,0.0
PS5_t735,0.0
PS5_t736,0.0
PS5_t721,0.0
PS5_t722,0.0
PS5_t723,0.0
PS5_t724,0.0
PS5_t725,0.0
PS5_t726,0.0
PS5_t727,0.0
PS5_t728,0.0
PS5_t713,0.0
PS5_t714,0.0
PS5_t715,0.0
PS5_t716,0.0
PS5_t717,0.0
PS5_t718,0.0
PS5_t719,0.0
PS5_t720,0.0
PS5_t769,0.0
PS5_t770,0.0
PS5_t771,0.0
PS5_t772,0.0
PS5_t773,0.0
PS5_t774,0.0
PS5_t775,0.0
PS5_t776,0.0
PS5_t761,0.0
PS5_t762,0.0
PS5_t763,0.0
PS5_t764,0.0
PS5_t765,0.0
PS5_t766,0.0
PS5_t767,0.0
PS5_t768,0.0
PS5_t753,0.0
PS5_t754,0.0
PS5_t755,0.0
PS5_t756,0.0
PS5_t757,0.0
PS5_t758,0.0
PS5_t759,0.0
PS5_t760,0.0
PS5_t745,0.0
PS5_t746,0.0
PS5_t747,0.0
PS5_t748,0.0
PS5_t749,0.0
PS5_t750,0.0
PS5_t751,0.0
PS5_t752,0.0
PS5_t801,0.0
PS5_t802,0.0
PS5_t803,0.0
PS5_t804,0.0
PS5_t805,0.0
PS5_t806,0.0
PS5_t807,0.0
PS5_t808,0.0
PS5_t793,0.0
PS5_t794,0.0
PS5_t795,0.0
PS5_t796,0.0
PS5_t797,0.0
PS5_t798,0.0
PS5_t799,0.0
PS5_t800,0.0
PS5_t785,0.0
PS5_t786,0.0
PS5_t787,0.0
PS5_t788,0.0
PS5_t789,0.0
PS5_t790,0.0
PS5_t791,0.0
PS5_t792,0.0
PS5_t777,0.0
PS5_t778,0.0
PS5_t779,0.0
PS5_t780,0.0
PS5_t781,0.0
PS5_t782,0.0
PS5_t783,0.0
PS5_t784,0.0
PS5_t833,0.0
PS5_t834,0.0
PS5_t835,0.0
PS5_t836,0.0
PS5_t837,0.0
PS5_t838,0.0
PS5_t839,0.0
PS5_t840,0.0
PS5_t825,0.0
PS5_t826,0.0
PS5_t827,0.0
PS5_t828,0.0
PS5_t829,0.0
PS5_t830,0.0
PS5_t831,0.0
PS5_t832,0.0
PS5_t817,0.0
PS5_t818,0.0
PS5_t819,0.0
PS5_t820,0.0
PS5_t821,0.0
PS5_t822,0.0
PS5_t823,0.0
PS5_t824,0.0
PS5_t809,0.0
PS5_t810,0.0
PS5_t811,0.0
PS5_t812,0.0
PS5_t813,0.0
PS5_t814,0.0
PS5_t815,0.0
PS5_t816,0.0
PS5_t865,0.0
PS5_t866,0.0
PS5_t867,0.0
PS5_t868,0.0
PS5_t869,0.0
PS5_t870,0.0
PS5_t871,0.0
PS5_t872,0.0
PS5_t857,0.0
PS5_t858,0.0
PS5_t859,0.0
PS5_t860,0.0
PS5_t861,0.0
PS5_t862,0.0
PS5_t863,0.0
PS5_t864,0.0
PS5_t849,0.0
PS5_t850,0.0
PS5_t851,0.0
PS5_t852,0.0
PS5_t853,0.0
PS5_t854,0.0
PS5_t855,0.0
PS5_t856,0.0
PS5_t841,0.0
PS5_t842,0.0
PS5_t843,0.0
PS5_t844,0.0
PS5_t845,0.0
PS5_t846,0.0
PS5_t847,0.0
PS5_t848,0.0
PS5_t897,0.0
PS5_t898,0.0
PS5_t899,0.0
PS5_t900,0.0
PS5_t901,0.0
PS5_t902,0.0
PS5_t903,0.0
PS5_t904,0.0
PS5_t889,0.0
PS5_t890,0.0
PS5_t891,0.0
PS5_t892,0.0
PS5_t893,0.0
PS5_t894,0.0
PS5_t895,0.0
PS5_t896,0.0
PS5_t881,0.0
PS5_t882,0.0
PS5_t883,0.0
PS5_t884,0.0
PS5_t885,0.0
PS5_t886,0.0
PS5_t887,0.0
PS5_t888,0.0
PS5_t873,0.0
PS5_t874,0.0
PS5_t875,0.0
PS5_t876,0.0
PS5_t877,0.0
PS5_t878,0.0
PS5_t879,0.0
PS5_t880,0.0
PS5_t929,0.0
PS5_t930,0.0
PS5_t931,0.0
PS5_t932,0.0
PS5_t933,0.0
PS5_t934,0.0
PS5_t935,0.0
PS5_t936,0.0
PS5_t921,0.0
PS5_t922,0.0
PS5_t923,0.0
PS5_t924,0.0
PS5_t925,0.0
PS5_t926,0.0
PS5_t927,0.0
PS5_t928,0.0
PS5_t913,0.0
PS5_t914,0.0
PS5_t915,0.0
PS5_t916,0.0
PS5_t917,0.0
PS5_t918,0.0
PS5_t919,0.0
PS5_t920,0.0
PS5_t905,0.0
PS5_t906,0.0
PS5_t907,0.0
PS5_t908,0.0
PS5_t909,0.0
PS5_t910,0.0
PS5_t911,0.0
PS5_t912,0.0
PS5_t961,0.0
PS5_t962,0.0
PS5_t963,0.0
PS5_t964,0.0
PS5_t965,0.0
PS5_t966,0.0
PS5_t967,0.0
PS5_t968,0.0
PS5_t953,0.0
PS5_t954,0.0
PS5_t955,0.0
PS5_t956,0.0
PS5_t957,0.0
PS5_t958,0.0
PS5_t959,0.0
PS5_t960,0.0
PS5_t945,0.0
PS5_t946,0.0
PS5_t947,0.0
PS5_t948,0.0
PS5_t949,0.0
PS5_t950,0.0
PS5_t951,0.0
PS5_t952,0.0
PS5_t937,0.0
PS5_t938,0.0
PS5_t939,0.0
PS5_t940,0.0
PS5_t941,0.0
PS5_t942,0.0
PS5_t943,0.0
PS5_t944,0.0
PS5_t993,0.0
PS5_t994,0.0
PS5_t995,0.0
PS5_t996,0.0
PS5_t997,0.0
PS5_t998,0.0
PS5_t999,0.0
PS5_t1000,0.0
PS5_t985,0.0
PS5_t986,0.0
PS5_t987,0.0
PS5_t988,0.0
PS5_t989,0.0
PS5_t990,0.0
PS5_t991,0.0
PS5_t992,0.0
PS5_t977,0.0
PS5_t978,0.0
PS5_t979,0.0
PS5_t980,0.0
PS5_t981,0.0
PS5_t982,0.0
PS5_t983,0.0
PS5_t984,0.0
PS5_t969,0.0
PS5_t970,0.0
PS5_t971,0.0
PS5_t972,0.0
PS5_t973,0.0
PS5_t974,0.0
PS5_t975,0.0
PS5_t976,0.0
PS5_t1025,0.0
PS5_t1026,0.0
PS5_t1027,0.0
PS5_t1028,0.0
PS5_t1029,0.0
PS5_t1030,0.0
PS5_t1031,0.0
PS5_t1032,0.0
PS5_t1017,0.0
PS5_t1018,0.0
PS5_t1019,0.0
PS5_t1020,0.0
PS5_t1021,0.0
PS5_t1022,0.0
PS5_t1023,0.0
PS5_t1024,0.0
PS5_t1009,0.0
PS5_t1010,0.0
PS5_t1011,0.0
PS5_t1012,0.0
PS5_t1013,0.0
PS5_t1014,0.0
PS5_t1015,0.0
PS5_t1016,0.0
PS5_t1001,0.0
PS5_t1002,0.0
PS5_t1003,0.0
PS5_t1004,0.0
PS5_t1005,0.0
PS5_t1006,0.0
PS5_t1007,0.0
PS5_t1008,0.0
PS5_t1057,0.0
PS5_t1058,0.0
PS5_t1059,0.0
PS5_t1060,0.0
PS5_t1061,0.0
PS5_t1062,0.0
PS5_t1063,0.0
PS5_t1064,0.0
PS5_t1049,0.0
PS5_t1050,0.0
PS5_t1051,0.0
PS5_t1052,0.0
PS5_t1053,0.0
PS5_t1054,0.0
PS5_t1055,0.0
PS5_t1056,0.0
PS5_t1041,0.0
PS5_t1042,0.0
PS5_t1043,0.0
PS5_t1044,0.0
PS5_t1045,0.0
PS5_t1046,0.0
PS5_t1047,0.0
PS5_t1048,0.0
PS5_t1033,0.0
PS5_t1034,0.0
PS5_t1035,0.0
PS5_t1036,0.0
PS5_t1037,0.0
PS5_t1038,0.0
PS5_t1039,0.0
PS5_t1040,0.0
PS5_t1089,0.0
PS5_t1090,0.0
PS5_t1091,0.0
PS5_t1092,0.0
PS5_t1093,0.0
PS5_t1094,0.0
PS5_t1095,0.0
PS5_t1096,0.0
PS5_t1081,0.0
PS5_t1082,0.0
PS5_t1083,0.0
PS5_t1084,0.0
PS5_t1085,0.0
PS5_t1086,0.0
PS5_t1087,0.0
PS5_t1088,0.0
PS5_t1073,0.0
PS5_t1074,0.0
PS5_t1075,0.0
PS5_t1076,0.0
PS5_t1077,0.0
PS5_t1078,0.0
PS5_t1079,0.0
PS5_t1080,0.0
PS5_t1065,0.0
PS5_t1066,0.0
PS5_t1067,0.0
PS5_t1068,0.0
PS5_t1069,0.0
PS5_t1070,0.0
PS5_t1071,0.0
PS5_t1072,0.0
PS5_t1121,0.0
PS5_t1122,0.0
PS5_t1123,0.0
PS5_t1124,0.0
PS5_t1125,0.0
PS5_t1126,0.0
PS5_t1127,0.0
PS5_t1128,0.0
PS5_t1113,0.0
PS5_t1114,0.0
PS5_t1115,0.0
PS5_t1116,0.0
PS5_t1117,0.0
PS5_t1118,0.0
PS5_t1119,0.0
PS5_t1120,0.0
PS5_t1105,0.0
PS5_t1106,0.0
PS5_t1107,0.0
PS5_t1108,0.0
PS5_t1109,0.0
PS5_t1110,0.0
PS5_t1111,0.0
PS5_t1112,0.0
PS5_t1097,0.0
PS5_t1098,0.0
PS5_t1099,0.0
PS5_t1100,0.0
PS5_t1101,0.0
PS5_t1102,0.0
PS5_t1103,0.0
PS5_t1104,0.0
PS5_t1153,0.0
PS5_t1154,0.0
PS5_t1155,0.0
PS5_t1156,0.0
PS5_t1157,0.0
PS5_t1158,0.0
PS5_t1159,0.0
PS5_t1160,0.0
PS5_t1145,0.0
PS5_t1146,0.0
PS5_t1147,0.0
PS5_t1148,0.0
PS5_t1149,0.0
PS5_t1150,0.0
PS5_t1151,0.0
PS5_t1152,0.0
PS5_t1137,0.0
PS5_t1138,0.0
PS5_t1139,0.0
PS5_t1140,0.0
PS5_t1141,0.0
PS5_t1142,0.0
PS5_t1143,0.0
PS5_t1144,0.0
PS5_t1129,0.0
PS5_t1130,0.0
PS5_t1131,0.0
PS5_t1132,0.0
PS5_t1133,0.0
PS5_t1134,0.0
PS5_t1135,0.0
PS5_t1136,0.0
PS5_t1185,0.0
PS5_t1186,0.0
PS5_t1187,0.0
PS5_t1188,0.0
PS5_t1189,0.0
PS5_t1190,0.0
PS5_t1191,0.0
PS5_t1192,0.0
PS5_t1177,0.0
PS5_t1178,0.0
PS5_t1179,0.0
PS5_t1180,0.0
PS5_t1181,0.0
PS5_t1182,0.0
PS5_t1183,0.0
PS5_t1184,0.0
PS5_t1169,0.0
PS5_t1170,0.0
PS5_t1171,0.0
PS5_t1172,0.0
PS5_t1173,0.0
PS5_t1174,0.0
PS5_t1175,0.0
PS5_t1176,0.0
PS5_t1161,0.0
PS5_t1162,0.0
PS5_t1163,0.0
PS5_t1164,0.0
PS5_t1165,0.0
PS5_t1166,0.0
PS5_t1167,0.0
PS5_t1168,0.0
PS5_t1217,0.0
PS5_t1218,0.0
PS5_t1219,0.0
PS5_t1220,0.0
PS5_t1221,0.0
PS5_t1222,0.0
PS5_t1223,0.0
PS5_t1224,0.0
PS5_t1209,0.0
PS5_t1210,0.0
PS5_t1211,0.0
PS5_t1212,0.0
PS5_t1213,0.0
PS5_t1214,0.0
PS5_t1215,0.0
PS5_t1216,0.0
PS5_t1201,0.0
PS5_t1202,0.0
PS5_t1203,0.0
PS5_t1204,0.0
PS5_t1205,0.0
PS5_t1206,0.0
PS5_t1207,0.0
PS5_t1208,0.0
PS5_t1193,0.0
PS5_t1194,0.0
PS5_t1195,0.0
PS5_t1196,0.0
PS5_t1197,0.0
PS5_t1198,0.0
PS5_t1199,0.0
PS5_t1200,0.0
PS5_t1249,0.0
PS5_t1250,0.0
PS5_t1251,0.0
PS5_t1252,0.0
PS5_t1253,0.0
PS5_t1254,0.0
PS5_t1255,0.0
PS5_t1256,0.0
PS5_t1241,0.0
PS5_t1242,0.0
PS5_t1243,0.0
PS5_t1244,0.0
PS5_t1245,0.0
PS5_t1246,0.0
PS5_t1247,0.0
PS5_t1248,0.0
PS5_t1233,0.0
PS5_t1234,0.0
PS5_t1235,0.0
PS5_t1236,0.0
PS5_t1237,0.0
PS5_t1238,0.0
PS5_t1239,0.0
PS5_t1240,0.0
PS5_t1225,0.0
PS5_t1226,0.0
PS5_t1227,0.0
PS5_t1228,0.0
PS5_t1229,0.0
PS5_t1230,0.0
PS5_t1231,0.0
PS5_t1232,0.0
PS5_t1281,0.0
PS5_t1282,0.0
PS5_t1283,0.0
PS5_t1284,0.0
PS5_t1285,0.0
PS5_t1286,0.0
PS5_t1287,0.0
PS5_t1288,0.0
PS5_t1273,0.0
PS5_t1274,0.0
PS5_t1275,0.0
PS5_t1276,0.0
PS5_t1277,0.0
PS5_t1278,0.0
PS5_t1279,0.0
PS5_t1280,0.0
PS5_t1265,0.0
PS5_t1266,0.0
PS5_t1267,0.0
PS5_t1268,0.0
PS5_t1269,0.0
PS5_t1270,0.0
PS5_t1271,0.0
PS5_t1272,0.0
PS5_t1257,0.0
PS5_t1258,0.0
PS5_t1259,0.0
PS5_t1260,0.0
PS5_t1261,0.0
PS5_t1262,0.0
PS5_t1263,0.0
PS5_t1264,0.0
PS5_t1313,0.0
PS5_t1314,0.0
PS5_t1315,0.0
PS5_t1316,0.0
PS5_t1317,0.0
PS5_t1318,0.0
PS5_t1319,0.0
PS5_t1320,0.0
PS5_t1305,0.0
PS5_t1306,0.0
PS5_t1307,0.0
PS5_t1308,0.0
PS5_t1309,0.0
PS5_t1310,0.0
PS5_t1311,0.0
PS5_t1312,0.0
PS5_t1297,0.0
PS5_t1298,0.0
PS5_t1299,0.0
PS5_t1300,0.0
PS5_t1301,0.0
PS5_t1302,0.0
PS5_t1303,0.0
PS5_t1304,0.0
PS5_t1289,0.0
PS5_t1290,0.0
PS5_t1291,0.0
PS5_t1292,0.0
PS5_t1293,0.0
PS5_t1294,0.0
PS5_t1295,0.0
PS5_t1296,0.0
PS5_t1345,0.0
PS5_t1346,0.0
PS5_t1347,0.0
PS5_t1348,0.0
PS5_t1349,0.0
PS5_t1350,0.0
PS5_t1351,0.0
PS5_t1352,0.0
PS5_t1337,0.0
PS5_t1338,0.0
PS5_t1339,0.0
PS5_t1340,0.0
PS5_t1341,0.0
PS5_t1342,0.0
PS5_t1343,0.0
PS5_t1344,0.0
PS5_t1329,0.0
PS5_t1330,0.0
PS5_t1331,0.0
PS5_t1332,0.0
PS5_t1333,0.0
PS5_t1334,0.0
PS5_t1335,0.0
PS5_t1336,0.0
PS5_t1321,0.0
PS5_t1322,0.0
PS5_t1323,0.0
PS5_t1324,0.0
PS5_t1325,0.0
PS5_t1326,0.0
PS5_t1327,0.0
PS5_t1328,0.0
PS5_t1377,0.0
PS5_t1378,0.0
PS5_t1379,0.0
PS5_t1380,0.0
PS5_t1381,0.0
PS5_t1382,0.0
PS5_t1383,0.0
PS5_t1384,0.0
PS5_t1369,0.0
PS5_t1370,0.0
PS5_t1371,0.0
PS5_t1372,0.0
PS5_t1373,0.0
PS5_t1374,0.0
PS5_t1375,0.0
PS5_t1376,0.0
PS5_t1361,0.0
PS5_t1362,0.0
PS5_t1363,0.0
PS5_t1364,0.0
PS5_t1365,0.0
PS5_t1366,0.0
PS5_t1367,0.0
PS5_t1368,0.0
PS5_t1353,0.0
PS5_t1354,0.0
PS5_t1355,0.0
PS5_t1356,0.0
PS5_t1357,0.0
PS5_t1358,0.0
PS5_t1359,0.0
PS5_t1360,0.0
PS5_t1409,0.0
PS5_t1410,0.0
PS5_t1411,0.0
PS5_t1412,0.0
PS5_t1413,0.0
PS5_t1414,0.0
PS5_t1415,0.0
PS5_t1416,0.0
PS5_t1401,0.0
PS5_t1402,0.0
PS5_t1403,0.0
PS5_t1404,0.0
PS5_t1405,0.0
PS5_t1406,0.0
PS5_t1407,0.0
PS5_t1408,0.0
PS5_t1393,0.0
PS5_t1394,0.0
PS5_t1395,0.0
PS5_t1396,0.0
PS5_t1397,0.0
PS5_t1398,0.0
PS5_t1399,0.0
PS5_t1400,0.0
PS5_t1385,0.0
PS5_t1386,0.0
PS5_t1387,0.0
PS5_t1388,0.0
PS5_t1389,0.0
PS5_t1390,0.0
PS5_t1391,0.0
PS5_t1392,0.0
PS5_t1441,0.0
PS5_t1442,0.0
PS5_t1443,0.0
PS5_t1444,0.0
PS5_t1445,0.0
PS5_t1446,0.0
PS5_t1447,0.0
PS5_t1448,0.0
PS5_t1433,0.0
PS5_t1434,0.0
PS5_t1435,0.0
PS5_t1436,0.0
PS5_t1437,0.0
PS5_t1438,0.0
PS5_t1439,0.0
PS5_t1440,0.0
PS5_t1425,0.0
PS5_t1426,0.0
PS5_t1427,0.0
PS5_t1428,0.0
PS5_t1429,0.0
PS5_t1430,0.0
PS5_t1431,0.0
PS5_t1432,0.0
PS5_t1417,0.0
PS5_t1418,0.0
PS5_t1419,0.0
PS5_t1420,0.0
PS5_t1421,0.0
PS5_t1422,0.0
PS5_t1423,0.0
PS5_t1424,0.0
PS5_t1473,0.0
PS5_t1474,0.0
PS5_t1475,0.0
PS5_t1476,0.0
PS5_t1477,0.0
PS5_t1478,0.0
PS5_t1479,0.0
PS5_t1480,0.0
PS5_t1465,0.0
PS5_t1466,0.0
PS5_t1467,0.0
PS5_t1468,0.0
PS5_t1469,0.0
PS5_t1470,0.0
PS5_t1471,0.0
PS5_t1472,0.0
PS5_t1457,0.0
PS5_t1458,0.0
PS5_t1459,0.0
PS5_t1460,0.0
PS5_t1461,0.0
PS5_t1462,0.0
PS5_t1463,0.0
PS5_t1464,0.0
PS5_t1449,0.0
PS5_t1450,0.0
PS5_t1451,0.0
PS5_t1452,0.0
PS5_t1453,0.0
PS5_t1454,0.0
PS5_t1455,0.0
PS5_t1456,0.0
PS5_t1505,0.0
PS5_t1506,0.0
PS5_t1507,0.0
PS5_t1508,0.0
PS5_t1509,0.0
PS5_t1510,0.0
PS5_t1511,0.0
PS5_t1512,0.0
PS5_t1497,0.0
PS5_t1498,0.0
PS5_t1499,0.0
PS5_t1500,0.0
PS5_t1501,0.0
PS5_t1502,0.0
PS5_t1503,0.0
PS5_t1504,0.0
PS5_t1489,0.0
PS5_t1490,0.0
PS5_t1491,0.0
PS5_t1492,0.0
PS5_t1493,0.0
PS5_t1494,0.0
PS5_t1495,0.0
PS5_t1496,0.0
PS5_t1481,0.0
PS5_t1482,0.0
PS5_t1483,0.0
PS5_t1484,0.0
PS5_t1485,0.0
PS5_t1486,0.0
PS5_t1487,0.0
PS5_t1488,0.0
PS5_t1537,0.0
PS5_t1538,0.0
PS5_t1539,0.0
PS5_t1540,0.0
PS5_t1541,0.0
PS5_t1542,0.0
PS5_t1543,0.0
PS5_t1544,0.0
PS5_t1529,0.0
PS5_t1530,0.0
PS5_t1531,0.0
PS5_t1532,0.0
PS5_t1533,0.0
PS5_t1534,0.0
PS5_t1535,0.0
PS5_t1536,0.0
PS5_t1521,0.0
PS5_t1522,0.0
PS5_t1523,0.0
PS5_t1524,0.0
PS5_t1525,0.0
PS5_t1526,0.0
PS5_t1527,0.0
PS5_t1528,0.0
PS5_t1513,0.0
PS5_t1514,0.0
PS5_t1515,0.0
PS5_t1516,0.0
PS5_t1517,0.0
PS5_t1518,0.0
PS5_t1519,0.0
PS5_t1520,0.0
PS5_t1569,0.0
PS5_t1570,0.0
PS5_t1571,0.0
PS5_t1572,0.0
PS5_t1573,0.0
PS5_t1574,0.0
PS5_t1575,0.0
PS5_t1576,0.0
PS5_t1561,0.0
PS5_t1562,0.0
PS5_t1563,0.0
PS5_t1564,0.0
PS5_t1565,0.0
PS5_t1566,0.0
PS5_t1567,0.0
PS5_t1568,0.0
PS5_t1553,0.0
PS5_t1554,0.0
PS5_t1555,0.0
PS5_t1556,0.0
PS5_t1557,0.0
PS5_t1558,0.0
PS5_t1559,0.0
PS5_t1560,0.0
PS5_t1545,0.0
PS5_t1546,0.0
PS5_t1547,0.0
PS5_t1548,0.0
PS5_t1549,0.0
PS5_t1550,0.0
PS5_t1551,0.0
PS5_t1552,0.0
PS5_t1601,0.0
PS5_t1602,0.0
PS5_t1603,0.0
PS5_t1604,0.0
PS5_t1605,0.0
PS5_t1606,0.0
PS5_t1607,0.0
PS5_t1608,0.0
PS5_t1593,0.0
PS5_t1594,0.0
PS5_t1595,0.0
PS5_t1596,0.0
PS5_t1597,0.0
PS5_t1598,0.0
PS5_t1599,0.0
PS5_t1600,0.0
PS5_t1585,0.0
PS5_t1586,0.0
PS5_t1587,0.0
PS5_t1588,0.0
PS5_t1589,0.0
PS5_t1590,0.0
PS5_t1591,0.0
PS5_t1592,0.0
PS5_t1577,0.0
PS5_t1578,0.0
PS5_t1579,0.0
PS5_t1580,0.0
PS5_t1581,0.0
PS5_t1582,0.0
PS5_t1583,0.0
PS5_t1584,0.0
PS5_t1633,0.0
PS5_t1634,0.0
PS5_t1635,0.0
PS5_t1636,0.0
PS5_t1637,0.0
PS5_t1638,0.0
PS5_t1639,0.0
PS5_t1640,0.0
PS5_t1625,0.0
PS5_t1626,0.0
PS5_t1627,0.0
PS5_t1628,0.0
PS5_t1629,0.0
PS5_t1630,0.0
PS5_t1631,0.0
PS5_t1632,0.0
PS5_t1617,0.0
PS5_t1618,0.0
PS5_t1619,0.0
PS5_t1620,0.0
PS5_t1621,0.0
PS5_t1622,0.0
PS5_t1623,0.0
PS5_t1624,0.0
PS5_t1609,0.0
PS5_t1610,0.0
PS5_t1611,0.0
PS5_t1612,0.0
PS5_t1613,0.0
PS5_t1614,0.0
PS5_t1615,0.0
PS5_t1616,0.0
PS5_t1665,0.0
PS5_t1666,0.0
PS5_t1667,0.0
PS5_t1668,0.0
PS5_t1669,0.0
PS5_t1670,0.0
PS5_t1671,0.0
PS5_t1672,0.0
PS5_t1657,0.0
PS5_t1658,0.0
PS5_t1659,0.0
PS5_t1660,0.0
PS5_t1661,0.0
PS5_t1662,0.0
PS5_t1663,0.0
PS5_t1664,0.0
PS5_t1649,0.0
PS5_t1650,0.0
PS5_t1651,0.0
PS5_t1652,0.0
PS5_t1653,0.0
PS5_t1654,0.0
PS5_t1655,0.0
PS5_t1656,0.0
PS5_t1641,0.0
PS5_t1642,0.0
PS5_t1643,0.0
PS5_t1644,0.0
PS5_t1645,0.0
PS5_t1646,0.0
PS5_t1647,0.0
PS5_t1648,0.0
PS5_t1697,0.0
PS5_t1698,0.0
PS5_t1699,0.0
PS5_t1700,0.0
PS5_t1701,0.0
PS5_t1702,0.0
PS5_t1703,0.0
PS5_t1704,0.0
PS5_t1689,0.0
PS5_t1690,0.0
PS5_t1691,0.0
PS5_t1692,0.0
PS5_t1693,0.0
PS5_t1694,0.0
PS5_t1695,0.0
PS5_t1696,0.0
PS5_t1681,0.0
PS5_t1682,0.0
PS5_t1683,0.0
PS5_t1684,0.0
PS5_t1685,0.0
PS5_t1686,0.0
PS5_t1687,0.0
PS5_t1688,0.0
PS5_t1673,0.0
PS5_t1674,0.0
PS5_t1675,0.0
PS5_t1676,0.0
PS5_t1677,0.0
PS5_t1678,0.0
PS5_t1679,0.0
PS5_t1680,0.0
PS5_t1729,0.0
PS5_t1730,0.0
PS5_t1731,0.0
PS5_t1732,0.0
PS5_t1733,0.0
PS5_t1734,0.0
PS5_t1735,0.0
PS5_t1736,0.0
PS5_t1721,0.0
PS5_t1722,0.0
PS5_t1723,0.0
PS5_t1724,0.0
PS5_t1725,0.0
PS5_t1726,0.0
PS5_t1727,0.0
PS5_t1728,0.0
PS5_t1713,0.0
PS5_t1714,0.0
PS5_t1715,0.0
PS5_t1716,0.0
PS5_t1717,0.0
PS5_t1718,0.0
PS5_t1719,0.0
PS5_t1720,0.0
PS5_t1705,0.0
PS5_t1706,0.0
PS5_t1707,0.0
PS5_t1708,0.0
PS5_t1709,0.0
PS5_t1710,0.0
PS5_t1711,0.0
PS5_t1712,0.0
PS5_t1761,0.0
PS5_t1762,0.0
PS5_t1763,0.0
PS5_t1764,0.0
PS5_t1765,0.0
PS5_t1766,0.0
PS5_t1767,0.0
PS5_t1768,0.0
PS5_t1753,0.0
PS5_t1754,0.0
PS5_t1755,0.0
PS5_t1756,0.0
PS5_t1757,0.0
PS5_t1758,0.0
PS5_t1759,0.0
PS5_t1760,0.0
PS5_t1745,0.0
PS5_t1746,0.0
PS5_t1747,0.0
PS5_t1748,0.0
PS5_t1749,0.0
PS5_t1750,0.0
PS5_t1751,0.0
PS5_t1752,0.0
PS5_t1737,0.0
PS5_t1738,0.0
PS5_t1739,0.0
PS5_t1740,0.0
PS5_t1741,0.0
PS5_t1742,0.0
PS5_t1743,0.0
PS5_t1744,0.0
PS5_t1793,0.0
PS5_t1794,0.0
PS5_t1795,0.0
PS5_t1796,0.0
PS5_t1797,0.0
PS5_t1798,0.0
PS5_t1799,0.0
PS5_t1800,0.0
PS5_t1785,0.0
PS5_t1786,0.0
PS5_t1787,0.0
PS5_t1788,0.0
PS5_t1789,0.0
PS5_t1790,0.0
PS5_t1791,0.0
PS5_t1792,0.0
PS5_t1777,0.0
PS5_t1778,0.0
PS5_t1779,0.0
PS5_t1780,0.0
PS5_t1781,0.0
PS5_t1782,0.0
PS5_t1783,0.0
PS5_t1784,0.0
PS5_t1769,0.0
PS5_t1770,0.0
PS5_t1771,0.0
PS5_t1772,0.0
PS5_t1773,0.0
PS5_t1774,0.0
PS5_t1775,0.0
PS5_t1776,0.0
PS5_t1825,0.0
PS5_t1826,0.0
PS5_t1827,0.0
PS5_t1828,0.0
PS5_t1829,0.0
PS5_t1830,0.0
PS5_t1831,0.0
PS5_t1832,0.0
PS5_t1817,0.0
PS5_t1818,0.0
PS5_t1819,0.0
PS5_t1820,0.0
PS5_t1821,0.0
PS5_t1822,0.0
PS5_t1823,0.0
PS5_t1824,0.0
PS5_t1809,0.0
PS5_t1810,0.0
PS5_t1811,0.0
PS5_t1812,0.0
PS5_t1813,0.0
PS5_t1814,0.0
PS5_t1815,0.0
PS5_t1816,0.0
PS5_t1801,0.0
PS5_t1802,0.0
PS5_t1803,0.0
PS5_t1804,0.0
PS5_t1805,0.0
PS5_t1806,0.0
PS5_t1807,0.0
PS5_t1808,0.0
PS5_t1857,0.0
PS5_t1858,0.0
PS5_t1859,0.0
PS5_t1860,0.0
PS5_t1861,0.0
PS5_t1862,0.0
PS5_t1863,0.0
PS5_t1864,0.0
PS5_t1849,0.0
PS5_t1850,0.0
PS5_t1851,0.0
PS5_t1852,0.0
PS5_t1853,0.0
PS5_t1854,0.0
PS5_t1855,0.0
PS5_t1856,0.0
PS5_t1841,0.0
PS5_t1842,0.0
PS5_t1843,0.0
PS5_t1844,0.0
PS5_t1845,0.0
PS5_t1846,0.0
PS5_t1847,0.0
PS5_t1848,0.0
PS5_t1833,0.0
PS5_t1834,0.0
PS5_t1835,0.0
PS5_t1836,0.0
PS5_t1837,0.0
PS5_t1838,0.0
PS5_t1839,0.0
PS5_t1840,0.0
PS5_t1889,0.0
PS5_t1890,0.0
PS5_t1891,0.0
PS5_t1892,0.0
PS5_t1893,0.0
PS5_t1894,0.0
PS5_t1895,0.0
PS5_t1896,0.0
PS5_t1881,0.0
PS5_t1882,0.0
PS5_t1883,0.0
PS5_t1884,0.0
PS5_t1885,0.0
PS5_t1886,0.0
PS5_t1887,0.0
PS5_t1888,0.0
PS5_t1873,0.0
PS5_t1874,0.0
PS5_t1875,0.0
PS5_t1876,0.0
PS5_t1877,0.0
PS5_t1878,0.0
PS5_t1879,0.0
PS5_t1880,0.0
PS5_t1865,0.0
PS5_t1866,0.0
PS5_t1867,0.0
PS5_t1868,0.0
PS5_t1869,0.0
PS5_t1870,0.0
PS5_t1871,0.0
PS5_t1872,0.0
PS5_t1921,0.0
PS5_t1922,0.0
PS5_t1923,0.0
PS5_t1924,0.0
PS5_t1925,0.0
PS5_t1926,0.0
PS5_t1927,0.0
PS5_t1928,0.0
PS5_t1913,0.0
PS5_t1914,0.0
PS5_t1915,0.0
PS5_t1916,0.0
PS5_t1917,0.0
PS5_t1918,0.0
PS5_t1919,0.0
PS5_t1920,0.0
PS5_t1905,0.0
PS5_t1906,0.0
PS5_t1907,0.0
PS5_t1908,0.0
PS5_t1909,0.0
PS5_t1910,0.0
PS5_t1911,0.0
PS5_t1912,0.0
PS5_t1897,0.0
PS5_t1898,0.0
PS5_t1899,0.0
PS5_t1900,0.0
PS5_t1901,0.0
PS5_t1902,0.0
PS5_t1903,0.0
PS5_t1904,0.0
PS5_t1953,0.0
PS5_t1954,0.0
PS5_t1955,0.0
PS5_t1956,0.0
PS5_t1957,0.0
PS5_t1958,0.0
PS5_t1959,0.0
PS5_t1960,0.0
PS5_t1945,0.0
PS5_t1946,0.0
PS5_t1947,0.0
PS5_t1948,0.0
PS5_t1949,0.0
PS5_t1950,0.0
PS5_t1951,0.0
PS5_t1952,0.0
PS5_t1937,0.0
PS5_t1938,0.0
PS5_t1939,0.0
PS5_t1940,0.0
PS5_t1941,0.0
PS5_t1942,0.0
PS5_t1943,0.0
PS5_t1944,0.0
PS5_t1929,0.0
PS5_t1930,0.0
PS5_t1931,0.0
PS5_t1932,0.0
PS5_t1933,0.0
PS5_t1934,0.0
PS5_t1935,0.0
PS5_t1936,0.0
PS5_t1985,0.0
PS5_t1986,0.0
PS5_t1987,0.0
PS5_t1988,0.0
PS5_t1989,0.0
PS5_t1990,0.0
PS5_t1991,0.0
PS5_t1992,0.0
PS5_t1977,0.0
PS5_t1978,0.0
PS5_t1979,0.0
PS5_t1980,0.0
PS5_t1981,0.0
PS5_t1982,0.0
PS5_t1983,0.0
PS5_t1984,0.0
PS5_t1969,0.0
PS5_t1970,0.0
PS5_t1971,0.0
PS5_t1972,0.0
PS5_t1973,0.0
PS5_t1974,0.0
PS5_t1975,0.0
PS5_t1976,0.0
PS5_t1961,0.0
PS5_t1962,0.0
PS5_t1963,0.0
PS5_t1964,0.0
PS5_t1965,0.0
PS5_t1966,0.0
PS5_t1967,0.0
PS5_t1968,0.0
PS5_t2017,0.0
PS5_t2018,0.0
PS5_t2019,0.0
PS5_t2020,0.0
PS5_t2021,0.0
PS5_t2022,0.0
PS5_t2023,0.0
PS5_t2024,0.0
PS5_t2009,0.0
PS5_t2010,0.0
PS5_t2011,0.0
PS5_t2012,0.0
PS5_t2013,0.0
PS5_t2014,0.0
PS5_t2015,0.0
PS5_t2016,0.0
PS5_t2001,0.0
PS5_t2002,0.0
PS5_t2003,0.0
PS5_t2004,0.0
PS5_t2005,0.0
PS5_t2006,0.0
PS5_t2007,0.0
PS5_t2008,0.0
PS5_t1993,0.0
PS5_t1994,0.0
PS5_t1995,0.0
PS5_t1996,0.0
PS5_t1997,0.0
PS5_t1998,0.0
PS5_t1999,0.0
PS5_t2000,0.0
PS5_t2049,0.0
PS5_t2050,0.0
PS5_t2051,0.0
PS5_t2052,0.0
PS5_t2053,0.0
PS5_t2054,0.0
PS5_t2055,0.0
PS5_t2056,0.0
PS5_t2041,0.0
PS5_t2042,0.0
PS5_t2043,0.0
PS5_t2044,0.0
PS5_t2045,0.0
PS5_t2046,0.0
PS5_t2047,0.0
PS5_t2048,0.0
PS5_t2033,0.0
PS5_t2034,0.0
PS5_t2035,0.0
PS5_t2036,0.0
PS5_t2037,0.0
PS5_t2038,0.0
PS5_t2039,0.0
PS5_t2040,0.0
PS5_t2025,0.0
PS5_t2026,0.0
PS5_t2027,0.0
PS5_t2028,0.0
PS5_t2029,0.0
PS5_t2030,0.0
PS5_t2031,0.0
PS5_t2032,0.0
PS5_t2081,0.0
PS5_t2082,0.0
PS5_t2083,0.0
PS5_t2084,0.0
PS5_t2085,0.0
PS5_t2086,0.0
PS5_t2087,0.0
PS5_t2088,0.0
PS5_t2073,0.0
PS5_t2074,0.0
PS5_t2075,0.0
PS5_t2076,0.0
PS5_t2077,0.0
PS5_t2078,0.0
PS5_t2079,0.0
PS5_t2080,0.0
PS5_t2065,0.0
PS5_t2066,0.0
PS5_t2067,0.0
PS5_t2068,0.0
PS5_t2069,0.0
PS5_t2070,0.0
PS5_t2071,0.0
PS5_t2072,0.0
PS5_t2057,0.0
PS5_t2058,0.0
PS5_t2059,0.0
PS5_t2060,0.0
PS5_t2061,0.0
PS5_t2062,0.0
PS5_t2063,0.0
PS5_t2064,0.0
PS5_t2113,0.0
PS5_t2114,0.0
PS5_t2115,0.0
PS5_t2116,0.0
PS5_t2117,0.0
PS5_t2118,0.0
PS5_t2119,0.0
PS5_t2120,0.0
PS5_t2105,0.0
PS5_t2106,0.0
PS5_t2107,0.0
PS5_t2108,0.0
PS5_t2109,0.0
PS5_t2110,0.0
PS5_t2111,0.0
PS5_t2112,0.0
PS5_t2097,0.0
PS5_t2098,0.0
PS5_t2099,0.0
PS5_t2100,0.0
PS5_t2101,0.0
PS5_t2102,0.0
PS5_t2103,0.0
PS5_t2104,0.0
PS5_t2089,0.0
PS5_t2090,0.0
PS5_t2091,0.0
PS5_t2092,0.0
PS5_t2093,0.0
PS5_t2094,0.0
PS5_t2095,0.0
PS5_t2096,0.0
PS5_t2145,0.0
PS5_t2146,0.0
PS5_t2147,0.0
PS5_t2148,0.0
PS5_t2149,0.0
PS5_t2150,0.0
PS5_t2151,0.0
PS5_t2152,0.0
PS5_t2137,0.0
PS5_t2138,0.0
PS5_t2139,0.0
PS5_t2140,0.0
PS5_t2141,0.0
PS5_t2142,0.0
PS5_t2143,0.0
PS5_t2144,0.0
PS5_t2129,0.0
PS5_t2130,0.0
PS5_t2131,0.0
PS5_t2132,0.0
PS5_t2133,0.0
PS5_t2134,0.0
PS5_t2135,0.0
PS5_t2136,0.0
PS5_t2121,0.0
PS5_t2122,0.0
PS5_t2123,0.0
PS5_t2124,0.0
PS5_t2125,0.0
PS5_t2126,0.0
PS5_t2127,0.0
PS5_t2128,0.0
PS5_t2177,0.0
PS5_t2178,0.0
PS5_t2179,0.0
PS5_t2180,0.0
PS5_t2181,0.0
PS5_t2182,0.0
PS5_t2183,0.0
PS5_t2184,0.0
PS5_t2169,0.0
PS5_t2170,0.0
PS5_t2171,0.0
PS5_t2172,0.0
PS5_t2173,0.0
PS5_t2174,0.0
PS5_t2175,0.0
PS5_t2176,0.0
PS5_t2161,0.0
PS5_t2162,0.0
PS5_t2163,0.0
PS5_t2164,0.0
PS5_t2165,0.0
PS5_t2166,0.0
PS5_t2167,0.0
PS5_t2168,0.0
PS5_t2153,0.0
PS5_t2154,0.0
PS5_t2155,0.0
PS5_t2156,0.0
PS5_t2157,0.0
PS5_t2158,0.0
PS5_t2159,0.0
PS5_t2160,0.0
PS5_t2209,0.0
PS5_t2210,0.0
PS5_t2211,0.0
PS5_t2212,0.0
PS5_t2213,0.0
PS5_t2214,0.0
PS5_t2215,0.0
PS5_t2216,0.0
PS5_t2201,0.0
PS5_t2202,0.0
PS5_t2203,0.0
PS5_t2204,0.0
PS5_t2205,0.0
PS5_t2206,0.0
PS5_t2207,0.0
PS5_t2208,0.0
PS5_t2193,0.0
PS5_t2194,0.0
PS5_t2195,0.0
PS5_t2196,0.0
PS5_t2197,0.0
PS5_t2198,0.0
PS5_t2199,0.0
PS5_t2200,0.0
PS5_t2185,0.0
PS5_t2186,0.0
PS5_t2187,0.0
PS5_t2188,0.0
PS5_t2189,0.0
PS5_t2190,0.0
PS5_t2191,0.0
PS5_t2192,0.0
PS5_t2241,0.0
PS5_t2242,0.0
PS5_t2243,0.0
PS5_t2244,0.0
PS5_t2245,0.0
PS5_t2246,0.0
PS5_t2247,0.0
PS5_t2248,0.0
PS5_t2233,0.0
PS5_t2234,0.0
PS5_t2235,0.0
PS5_t2236,0.0
PS5_t2237,0.0
PS5_t2238,0.0
PS5_t2239,0.0
PS5_t2240,0.0
PS5_t2225,0.0
PS5_t2226,0.0
PS5_t2227,0.0
PS5_t2228,0.0
PS5_t2229,0.0
PS5_t2230,0.0
PS5_t2231,0.0
PS5_t2232,0.0
PS5_t2217,0.0
PS5_t2218,0.0
PS5_t2219,0.0
PS5_t2220,0.0
PS5_t2221,0.0
PS5_t2222,0.0
PS5_t2223,0.0
PS5_t2224,0.0
PS5_t2273,0.0
PS5_t2274,0.0
PS5_t2275,0.0
PS5_t2276,0.0
PS5_t2277,0.0
PS5_t2278,0.0
PS5_t2279,0.0
PS5_t2280,0.0
PS5_t2265,0.0
PS5_t2266,0.0
PS5_t2267,0.0
PS5_t2268,0.0
PS5_t2269,0.0
PS5_t2270,0.0
PS5_t2271,0.0
PS5_t2272,0.0
PS5_t2257,0.0
PS5_t2258,0.0
PS5_t2259,0.0
PS5_t2260,0.0
PS5_t2261,0.0
PS5_t2262,0.0
PS5_t2263,0.0
PS5_t2264,0.0
PS5_t2249,0.0
PS5_t2250,0.0
PS5_t2251,0.0
PS5_t2252,0.0
PS5_t2253,0.0
PS5_t2254,0.0
PS5_t2255,0.0
PS5_t2256,0.0
PS5_t2305,0.0
PS5_t2306,0.0
PS5_t2307,0.0
PS5_t2308,0.0
PS5_t2309,0.0
PS5_t2310,0.0
PS5_t2311,0.0
PS5_t2312,0.0
PS5_t2297,0.0
PS5_t2298,0.0
PS5_t2299,0.0
PS5_t2300,0.0
PS5_t2301,0.0
PS5_t2302,0.0
PS5_t2303,0.0
PS5_t2304,0.0
PS5_t2289,0.0
PS5_t2290,0.0
PS5_t2291,0.0
PS5_t2292,0.0
PS5_t2293,0.0
PS5_t2294,0.0
PS5_t2295,0.0
PS5_t2296,0.0
PS5_t2281,0.0
PS5_t2282,0.0
PS5_t2283,0.0
PS5_t2284,0.0
PS5_t2285,0.0
PS5_t2286,0.0
PS5_t2287,0.0
PS5_t2288,0.0
PS5_t2337,0.0
PS5_t2338,0.0
PS5_t2339,0.0
PS5_t2340,0.0
PS5_t2341,0.0
PS5_t2342,0.0
PS5_t2343,0.0
PS5_t2344,0.0
PS5_t2329,0.0
PS5_t2330,0.0
PS5_t2331,0.0
PS5_t2332,0.0
PS5_t2333,0.0
PS5_t2334,0.0
PS5_t2335,0.0
PS5_t2336,0.0
PS5_t2321,0.0
PS5_t2322,0.0
PS5_t2323,0.0
PS5_t2324,0.0
PS5_t2325,0.0
PS5_t2326,0.0
PS5_t2327,0.0
PS5_t2328,0.0
PS5_t2313,0.0
PS5_t2314,0.0
PS5_t2315,0.0
PS5_t2316,0.0
PS5_t2317,0.0
PS5_t2318,0.0
PS5_t2319,0.0
PS5_t2320,0.0
PS5_t2369,0.0
PS5_t2370,0.0
PS5_t2371,0.0
PS5_t2372,0.0
PS5_t2373,0.0
PS5_t2374,0.0
PS5_t2375,0.0
PS5_t2376,0.0
PS5_t2361,0.0
PS5_t2362,0.0
PS5_t2363,0.0
PS5_t2364,0.0
PS5_t2365,0.0
PS5_t2366,0.0
PS5_t2367,0.0
PS5_t2368,0.0
PS5_t2353,0.0
PS5_t2354,0.0
PS5_t2355,0.0
PS5_t2356,0.0
PS5_t2357,0.0
PS5_t2358,0.0
PS5_t2359,0.0
PS5_t2360,0.0
PS5_t2345,0.0
PS5_t2346,0.0
PS5_t2347,0.0
PS5_t2348,0.0
PS5_t2349,0.0
PS5_t2350,0.0
PS5_t2351,0.0
PS5_t2352,0.0
PS5_t2401,0.0
PS5_t2402,0.0
PS5_t2403,0.0
PS5_t2404,0.0
PS5_t2405,0.0
PS5_t2406,0.0
PS5_t2407,0.0
PS5_t2408,0.0
PS5_t2393,0.0
PS5_t2394,0.0
PS5_t2395,0.0
PS5_t2396,0.0
PS5_t2397,0.0
PS5_t2398,0.0
PS5_t2399,0.0
PS5_t2400,0.0
PS5_t2385,0.0
PS5_t2386,0.0
PS5_t2387,0.0
PS5_t2388,0.0
PS5_t2389,0.0
PS5_t2390,0.0
PS5_t2391,0.0
PS5_t2392,0.0
PS5_t2377,0.0
PS5_t2378,0.0
PS5_t2379,0.0
PS5_t2380,0.0
PS5_t2381,0.0
PS5_t2382,0.0
PS5_t2383,0.0
PS5_t2384,0.0
PS5_t2433,0.0
PS5_t2434,0.0
PS5_t2435,0.0
PS5_t2436,0.0
PS5_t2437,0.0
PS5_t2438,0.0
PS5_t2439,0.0
PS5_t2440,0.0
PS5_t2425,0.0
PS5_t2426,0.0
PS5_t2427,0.0
PS5_t2428,0.0
PS5_t2429,0.0
PS5_t2430,0.0
PS5_t2431,0.0
PS5_t2432,0.0
PS5_t2417,0.0
PS5_t2418,0.0
PS5_t2419,0.0
PS5_t2420,0.0
PS5_t2421,0.0
PS5_t2422,0.0
PS5_t2423,0.0
PS5_t2424,0.0
PS5_t2409,0.0
PS5_t2410,0.0
PS5_t2411,0.0
PS5_t2412,0.0
PS5_t2413,0.0
PS5_t2414,0.0
PS5_t2415,0.0
PS5_t2416,0.0
PS5_t2465,0.0
PS5_t2466,0.0
PS5_t2467,0.0
PS5_t2468,0.0
PS5_t2469,0.0
PS5_t2470,0.0
PS5_t2471,0.0
PS5_t2472,0.0
PS5_t2457,0.0
PS5_t2458,0.0
PS5_t2459,0.0
PS5_t2460,0.0
PS5_t2461,0.0
PS5_t2462,0.0
PS5_t2463,0.0
PS5_t2464,0.0
PS5_t2449,0.0
PS5_t2450,0.0
PS5_t2451,0.0
PS5_t2452,0.0
PS5_t2453,0.0
PS5_t2454,0.0
PS5_t2455,0.0
PS5_t2456,0.0
PS5_t2441,0.0
PS5_t2442,0.0
PS5_t2443,0.0
PS5_t2444,0.0
PS5_t2445,0.0
PS5_t2446,0.0
PS5_t2447,0.0
PS5_t2448,0.0
PS5_t2497,0.0
PS5_t2498,0.0
PS5_t2499,0.0
PS5_t2500,0.0
PS5_t2501,0.0
PS5_t2502,0.0
PS5_t2503,0.0
PS5_t2504,0.0
PS5_t2489,0.0
PS5_t2490,0.0
PS5_t2491,0.0
PS5_t2492,0.0
PS5_t2493,0.0
PS5_t2494,0.0
PS5_t2495,0.0
PS5_t2496,0.0
PS5_t2481,0.0
PS5_t2482,0.0
PS5_t2483,0.0
PS5_t2484,0.0
PS5_t2485,0.0
PS5_t2486,0.0
PS5_t2487,0.0
PS5_t2488,0.0
PS5_t2473,0.0
PS5_t2474,0.0
PS5_t2475,0.0
PS5_t2476,0.0
PS5_t2477,0.0
PS5_t2478,0.0
PS5_t2479,0.0
PS5_t2480,0.0
PS5_t2529,0.0
PS5_t2530,0.0
PS5_t2531,0.0
PS5_t2532,0.0
PS5_t2533,0.0
PS5_t2534,0.0
PS5_t2535,0.0
PS5_t2536,0.0
PS5_t2521,0.0
PS5_t2522,0.0
PS5_t2523,0.0
PS5_t2524,0.0
PS5_t2525,0.0
PS5_t2526,0.0
PS5_t2527,0.0
PS5_t2528,0.0
PS5_t2513,0.0
PS5_t2514,0.0
PS5_t2515,0.0
PS5_t2516,0.0
PS5_t2517,0.0
PS5_t2518,0.0
PS5_t2519,0.0
PS5_t2520,0.0
PS5_t2505,0.0
PS5_t2506,0.0
PS5_t2507,0.0
PS5_t2508,0.0
PS5_t2509,0.0
PS5_t2510,0.0
PS5_t2511,0.0
PS5_t2512,0.0
PS5_t2561,0.0
PS5_t2562,0.0
PS5_t2563,0.0
PS5_t2564,0.0
PS5_t2565,0.0
PS5_t2566,0.0
PS5_t2567,0.0
PS5_t2568,0.0
PS5_t2553,0.0
PS5_t2554,0.0
PS5_t2555,0.0
PS5_t2556,0.0
PS5_t2557,0.0
PS5_t2558,0.0
PS5_t2559,0.0
PS5_t2560,0.0
PS5_t2545,0.0
PS5_t2546,0.0
PS5_t2547,0.0
PS5_t2548,0.0
PS5_t2549,0.0
PS5_t2550,0.0
PS5_t2551,0.0
PS5_t2552,0.0
PS5_t2537,0.0
PS5_t2538,0.0
PS5_t2539,0.0
PS5_t2540,0.0
PS5_t2541,0.0
PS5_t2542,0.0
PS5_t2543,0.0
PS5_t2544,0.0
PS5_t2593,0.0
PS5_t2594,0.0
PS5_t2595,0.0
PS5_t2596,0.0
PS5_t2597,0.0
PS5_t2598,0.0
PS5_t2599,0.0
PS5_t2600,0.0
PS5_t2585,0.0
PS5_t2586,0.0
PS5_t2587,0.0
PS5_t2588,0.0
PS5_t2589,0.0
PS5_t2590,0.0
PS5_t2591,0.0
PS5_t2592,0.0
PS5_t2577,0.0
PS5_t2578,0.0
PS5_t2579,0.0
PS5_t2580,0.0
PS5_t2581,0.0
PS5_t2582,0.0
PS5_t2583,0.0
PS5_t2584,0.0
PS5_t2569,0.0
PS5_t2570,0.0
PS5_t2571,0.0
PS5_t2572,0.0
PS5_t2573,0.0
PS5_t2574,0.0
PS5_t2575,0.0
PS5_t2576,0.0
PS5_t2625,0.0
PS5_t2626,0.0
PS5_t2627,0.0
PS5_t2628,0.0
PS5_t2629,0.0
PS5_t2630,0.0
PS5_t2631,0.0
PS5_t2632,0.0
PS5_t2617,0.0
PS5_t2618,0.0
PS5_t2619,0.0
PS5_t2620,0.0
PS5_t2621,0.0
PS5_t2622,0.0
PS5_t2623,0.0
PS5_t2624,0.0
PS5_t2609,0.0
PS5_t2610,0.0
PS5_t2611,0.0
PS5_t2612,0.0
PS5_t2613,0.0
PS5_t2614,0.0
PS5_t2615,0.0
PS5_t2616,0.0
PS5_t2601,0.0
PS5_t2602,0.0
PS5_t2603,0.0
PS5_t2604,0.0
PS5_t2605,0.0
PS5_t2606,0.0
PS5_t2607,0.0
PS5_t2608,0.0
PS5_t2657,0.0
PS5_t2658,0.0
PS5_t2659,0.0
PS5_t2660,0.0
PS5_t2661,0.0
PS5_t2662,0.0
PS5_t2663,0.0
PS5_t2664,0.0
PS5_t2649,0.0
PS5_t2650,0.0
PS5_t2651,0.0
PS5_t2652,0.0
PS5_t2653,0.0
PS5_t2654,0.0
PS5_t2655,0.0
PS5_t2656,0.0
PS5_t2641,0.0
PS5_t2642,0.0
PS5_t2643,0.0
PS5_t2644,0.0
PS5_t2645,0.0
PS5_t2646,0.0
PS5_t2647,0.0
PS5_t2648,0.0
PS5_t2633,0.0
PS5_t2634,0.0
PS5_t2635,0.0
PS5_t2636,0.0
PS5_t2637,0.0
PS5_t2638,0.0
PS5_t2639,0.0
PS5_t2640,0.0
PS5_t2689,0.0
PS5_t2690,0.0
PS5_t2691,0.0
PS5_t2692,0.0
PS5_t2693,0.0
PS5_t2694,0.0
PS5_t2695,0.0
PS5_t2696,0.0
PS5_t2681,0.0
PS5_t2682,0.0
PS5_t2683,0.0
PS5_t2684,0.0
PS5_t2685,0.0
PS5_t2686,0.0
PS5_t2687,0.0
PS5_t2688,0.0
PS5_t2673,0.0
PS5_t2674,0.0
PS5_t2675,0.0
PS5_t2676,0.0
PS5_t2677,0.0
PS5_t2678,0.0
PS5_t2679,0.0
PS5_t2680,0.0
PS5_t2665,0.0
PS5_t2666,0.0
PS5_t2667,0.0
PS5_t2668,0.0
PS5_t2669,0.0
PS5_t2670,0.0
PS5_t2671,0.0
PS5_t2672,0.0
PS5_t2721,0.0
PS5_t2722,0.0
PS5_t2723,0.0
PS5_t2724,0.0
PS5_t2725,0.0
PS5_t2726,0.0
PS5_t2727,0.0
PS5_t2728,0.0
PS5_t2713,0.0
PS5_t2714,0.0
PS5_t2715,0.0
PS5_t2716,0.0
PS5_t2717,0.0
PS5_t2718,0.0
PS5_t2719,0.0
PS5_t2720,0.0
PS5_t2705,0.0
PS5_t2706,0.0
PS5_t2707,0.0
PS5_t2708,0.0
PS5_t2709,0.0
PS5_t2710,0.0
PS5_t2711,0.0
PS5_t2712,0.0
PS5_t2697,0.0
PS5_t2698,0.0
PS5_t2699,0.0
PS5_t2700,0.0
PS5_t2701,0.0
PS5_t2702,0.0
PS5_t2703,0.0
PS5_t2704,0.0
PS5_t2753,0.0
PS5_t2754,0.0
PS5_t2755,0.0
PS5_t2756,0.0
PS5_t2757,0.0
PS5_t2758,0.0
PS5_t2759,0.0
PS5_t2760,0.0
PS5_t2745,0.0
PS5_t2746,0.0
PS5_t2747,0.0
PS5_t2748,0.0
PS5_t2749,0.0
PS5_t2750,0.0
PS5_t2751,0.0
PS5_t2752,0.0
PS5_t2737,0.0
PS5_t2738,0.0
PS5_t2739,0.0
PS5_t2740,0.0
PS5_t2741,0.0
PS5_t2742,0.0
PS5_t2743,0.0
PS5_t2744,0.0
PS5_t2729,0.0
PS5_t2730,0.0
PS5_t2731,0.0
PS5_t2732,0.0
PS5_t2733,0.0
PS5_t2734,0.0
PS5_t2735,0.0
PS5_t2736,0.0
PS5_t2785,0.0
PS5_t2786,0.0
PS5_t2787,0.0
PS5_t2788,0.0
PS5_t2789,0.0
PS5_t2790,0.0
PS5_t2791,0.0
PS5_t2792,0.0
PS5_t2777,0.0
PS5_t2778,0.0
PS5_t2779,0.0
PS5_t2780,0.0
PS5_t2781,0.0
PS5_t2782,0.0
PS5_t2783,0.0
PS5_t2784,0.0
PS5_t2769,0.0
PS5_t2770,0.0
PS5_t2771,0.0
PS5_t2772,0.0
PS5_t2773,0.0
PS5_t2774,0.0
PS5_t2775,0.0
PS5_t2776,0.0
PS5_t2761,0.0
PS5_t2762,0.0
PS5_t2763,0.0
PS5_t2764,0.0
PS5_t2765,0.0
PS5_t2766,0.0
PS5_t2767,0.0
PS5_t2768,0.0
PS5_t2817,0.0
PS5_t2818,0.0
PS5_t2819,0.0
PS5_t2820,0.0
PS5_t2821,0.0
PS5_t2822,0.0
PS5_t2823,0.0
PS5_t2824,0.0
PS5_t2809,0.0
PS5_t2810,0.0
PS5_t2811,0.0
PS5_t2812,0.0
PS5_t2813,0.0
PS5_t2814,0.0
PS5_t2815,0.0
PS5_t2816,0.0
PS5_t2801,0.0
PS5_t2802,0.0
PS5_t2803,0.0
PS5_t2804,0.0
PS5_t2805,0.0
PS5_t2806,0.0
PS5_t2807,0.0
PS5_t2808,0.0
PS5_t2793,0.0
PS5_t2794,0.0
PS5_t2795,0.0
PS5_t2796,0.0
PS5_t2797,0.0
PS5_t2798,0.0
PS5_t2799,0.0
PS5_t2800,0.0
PS5_t2849,0.0
PS5_t2850,0.0
PS5_t2851,0.0
PS5_t2852,0.0
PS5_t2853,0.0
PS5_t2854,0.0
PS5_t2855,0.0
PS5_t2856,0.0
PS5_t2841,0.0
PS5_t2842,0.0
PS5_t2843,0.0
PS5_t2844,0.0
PS5_t2845,0.0
PS5_t2846,0.0
PS5_t2847,0.0
PS5_t2848,0.0
PS5_t2833,0.0
PS5_t2834,0.0
PS5_t2835,0.0
PS5_t2836,0.0
PS5_t2837,0.0
PS5_t2838,0.0
PS5_t2839,0.0
PS5_t2840,0.0
PS5_t2825,0.0
PS5_t2826,0.0
PS5_t2827,0.0
PS5_t2828,0.0
PS5_t2829,0.0
PS5_t2830,0.0
PS5_t2831,0.0
PS5_t2832,0.0
PS5_t2881,0.0
PS5_t2882,0.0
PS5_t2883,0.0
PS5_t2884,0.0
PS5_t2885,0.0
PS5_t2886,0.0
PS5_t2887,0.0
PS5_t2888,0.0
PS5_t2873,0.0
PS5_t2874,0.0
PS5_t2875,0.0
PS5_t2876,0.0
PS5_t2877,0.0
PS5_t2878,0.0
PS5_t2879,0.0
PS5_t2880,0.0
PS5_t2865,0.0
PS5_t2866,0.0
PS5_t2867,0.0
PS5_t2868,0.0
PS5_t2869,0.0
PS5_t2870,0.0
PS5_t2871,0.0
PS5_t2872,0.0
PS5_t2857,0.0
PS5_t2858,0.0
PS5_t2859,0.0
PS5_t2860,0.0
PS5_t2861,0.0
PS5_t2862,0.0
PS5_t2863,0.0
PS5_t2864,0.0
PS5_t2913,0.0
PS5_t2914,0.0
PS5_t2915,0.0
PS5_t2916,0.0
PS5_t2917,0.0
PS5_t2918,0.0
PS5_t2919,0.0
PS5_t2920,0.0
PS5_t2905,0.0
PS5_t2906,0.0
PS5_t2907,0.0
PS5_t2908,0.0
PS5_t2909,0.0
PS5_t2910,0.0
PS5_t2911,0.0
PS5_t2912,0.0
PS5_t2897,0.0
PS5_t2898,0.0
PS5_t2899,0.0
PS5_t2900,0.0
PS5_t2901,0.0
PS5_t2902,0.0
PS5_t2903,0.0
PS5_t2904,0.0
PS5_t2889,0.0
PS5_t2890,0.0
PS5_t2891,0.0
PS5_t2892,0.0
PS5_t2893,0.0
PS5_t2894,0.0
PS5_t2895,0.0
PS5_t2896,0.0
PS5_t2945,0.0
PS5_t2946,0.0
PS5_t2947,0.0
PS5_t2948,0.0
PS5_t2949,0.0
PS5_t2950,0.0
PS5_t2951,0.0
PS5_t2952,0.0
PS5_t2937,0.0
PS5_t2938,0.0
PS5_t2939,0.0
PS5_t2940,0.0
PS5_t2941,0.0
PS5_t2942,0.0
PS5_t2943,0.0
PS5_t2944,0.0
PS5_t2929,0.0
PS5_t2930,0.0
PS5_t2931,0.0
PS5_t2932,0.0
PS5_t2933,0.0
PS5_t2934,0.0
PS5_t2935,0.0
PS5_t2936,0.0
PS5_t2921,0.0
PS5_t2922,0.0
PS5_t2923,0.0
PS5_t2924,0.0
PS5_t2925,0.0
PS5_t2926,0.0
PS5_t2927,0.0
PS5_t2928,0.0
PS5_t2977,0.0
PS5_t2978,0.0
PS5_t2979,0.0
PS5_t2980,0.0
PS5_t2981,0.0
PS5_t2982,0.0
PS5_t2983,0.0
PS5_t2984,0.0
PS5_t2969,0.0
PS5_t2970,0.0
PS5_t2971,0.0
PS5_t2972,0.0
PS5_t2973,0.0
PS5_t2974,0.0
PS5_t2975,0.0
PS5_t2976,0.0
PS5_t2961,0.0
PS5_t2962,0.0
PS5_t2963,0.0
PS5_t2964,0.0
PS5_t2965,0.0
PS5_t2966,0.0
PS5_t2967,0.0
PS5_t2968,0.0
PS5_t2953,0.0
PS5_t2954,0.0
PS5_t2955,0.0
PS5_t2956,0.0
PS5_t2957,0.0
PS5_t2958,0.0
PS5_t2959,0.0
PS5_t2960,0.0
PS5_t3009,0.0
PS5_t3010,0.0
PS5_t3011,0.0
PS5_t3012,0.0
PS5_t3013,0.0
PS5_t3014,0.0
PS5_t3015,0.0
PS5_t3016,0.0
PS5_t3001,0.0
PS5_t3002,0.0
PS5_t3003,0.0
PS5_t3004,0.0
PS5_t3005,0.0
PS5_t3006,0.0
PS5_t3007,0.0
PS5_t3008,0.0
PS5_t2993,0.0
PS5_t2994,0.0
PS5_t2995,0.0
PS5_t2996,0.0
PS5_t2997,0.0
PS5_t2998,0.0
PS5_t2999,0.0
PS5_t3000,0.0
PS5_t2985,0.0
PS5_t2986,0.0
PS5_t2987,0.0
PS5_t2988,0.0
PS5_t2989,0.0
PS5_t2990,0.0
PS5_t2991,0.0
PS5_t2992,0.0
PS5_t3041,0.0
PS5_t3042,0.0
PS5_t3043,0.0
PS5_t3044,0.0
PS5_t3045,0.0
PS5_t3046,0.0
PS5_t3047,0.0
PS5_t3048,0.0
PS5_t3033,0.0
PS5_t3034,0.0
PS5_t3035,0.0
PS5_t3036,0.0
PS5_t3037,0.0
PS5_t3038,0.0
PS5_t3039,0.0
PS5_t3040,0.0
PS5_t3025,0.0
PS5_t3026,0.0
PS5_t3027,0.0
PS5_t3028,0.0
PS5_t3029,0.0
PS5_t3030,0.0
PS5_t3031,0.0
PS5_t3032,0.0
PS5_t3017,0.0
PS5_t3018,0.0
PS5_t3019,0.0
PS5_t3020,0.0
PS5_t3021,0.0
PS5_t3022,0.0
PS5_t3023,0.0
PS5_t3024,0.0
PS5_t3073,0.0
PS5_t3074,0.0
PS5_t3075,0.0
PS5_t3076,0.0
PS5_t3077,0.0
PS5_t3078,0.0
PS5_t3079,0.0
PS5_t3080,0.0
PS5_t3065,0.0
PS5_t3066,0.0
PS5_t3067,0.0
PS5_t3068,0.0
PS5_t3069,0.0
PS5_t3070,0.0
PS5_t3071,0.0
PS5_t3072,0.0
PS5_t3057,0.0
PS5_t3058,0.0
PS5_t3059,0.0
PS5_t3060,0.0
PS5_t3061,0.0
PS5_t3062,0.0
PS5_t3063,0.0
PS5_t3064,0.0
PS5_t3049,0.0
PS5_t3050,0.0
PS5_t3051,0.0
PS5_t3052,0.0
PS5_t3053,0.0
PS5_t3054,0.0
PS5_t3055,0.0
PS5_t3056,0.0
PS5_t3105,0.0
PS5_t3106,0.0
PS5_t3107,0.0
PS5_t3108,0.0
PS5_t3109,0.0
PS5_t3110,0.0
PS5_t3111,0.0
PS5_t3112,0.0
PS5_t3097,0.0
PS5_t3098,0.0
PS5_t3099,0.0
PS5_t3100,0.0
PS5_t3101,0.0
PS5_t3102,0.0
PS5_t3103,0.0
PS5_t3104,0.0
PS5_t3089,0.0
PS5_t3090,0.0
PS5_t3091,0.0
PS5_t3092,0.0
PS5_t3093,0.0
PS5_t3094,0.0
PS5_t3095,0.0
PS5_t3096,0.0
PS5_t3081,0.0
PS5_t3082,0.0
PS5_t3083,0.0
PS5_t3084,0.0
PS5_t3085,0.0
PS5_t3086,0.0
PS5_t3087,0.0
PS5_t3088,0.0
PS5_t3137,0.0
PS5_t3138,0.0
PS5_t3139,0.0
PS5_t3140,0.0
PS5_t3141,0.0
PS5_t3142,0.0
PS5_t3143,0.0
PS5_t3144,0.0
PS5_t3129,0.0
PS5_t3130,0.0
PS5_t3131,0.0
PS5_t3132,0.0
PS5_t3133,0.0
PS5_t3134,0.0
PS5_t3135,0.0
PS5_t3136,0.0
PS5_t3121,0.0
PS5_t3122,0.0
PS5_t3123,0.0
PS5_t3124,0.0
PS5_t3125,0.0
PS5_t3126,0.0
PS5_t3127,0.0
PS5_t3128,0.0
PS5_t3113,0.0
PS5_t3114,0.0
PS5_t3115,0.0
PS5_t3116,0.0
PS5_t3117,0.0
PS5_t3118,0.0
PS5_t3119,0.0
PS5_t3120,0.0
PS5_t3169,0.0
PS5_t3170,0.0
PS5_t3171,0.0
PS5_t3172,0.0
PS5_t3173,0.0
PS5_t3174,0.0
PS5_t3175,0.0
PS5_t3176,0.0
PS5_t3161,0.0
PS5_t3162,0.0
PS5_t3163,0.0
PS5_t3164,0.0
PS5_t3165,0.0
PS5_t3166,0.0
PS5_t3167,0.0
PS5_t3168,0.0
PS5_t3153,0.0
PS5_t3154,0.0
PS5_t3155,0.0
PS5_t3156,0.0
PS5_t3157,0.0
PS5_t3158,0.0
PS5_t3159,0.0
PS5_t3160,0.0
PS5_t3145,0.0
PS5_t3146,0.0
PS5_t3147,0.0
PS5_t3148,0.0
PS5_t3149,0.0
PS5_t3150,0.0
PS5_t3151,0.0
PS5_t3152,0.0
PS5_t3201,0.0
PS5_t3202,0.0
PS5_t3203,0.0
PS5_t3204,0.0
PS5_t3205,0.0
PS5_t3206,0.0
PS5_t3207,0.0
PS5_t3208,0.0
PS5_t3193,0.0
PS5_t3194,0.0
PS5_t3195,0.0
PS5_t3196,0.0
PS5_t3197,0.0
PS5_t3198,0.0
PS5_t3199,0.0
PS5_t3200,0.0
PS5_t3185,0.0
PS5_t3186,0.0
PS5_t3187,0.0
PS5_t3188,0.0
PS5_t3189,0.0
PS5_t3190,0.0
PS5_t3191,0.0
PS5_t3192,0.0
PS5_t3177,0.0
PS5_t3178,0.0
PS5_t3179,0.0
PS5_t3180,0.0
PS5_t3181,0.0
PS5_t3182,0.0
PS5_t3183,0.0
PS5_t3184,0.0
PS5_t3233,0.0
PS5_t3234,0.0
PS5_t3235,0.0
PS5_t3236,0.0
PS5_t3237,0.0
PS5_t3238,0.0
PS5_t3239,0.0
PS5_t3240,0.0
PS5_t3225,0.0
PS5_t3226,0.0
PS5_t3227,0.0
PS5_t3228,0.0
PS5_t3229,0.0
PS5_t3230,0.0
PS5_t3231,0.0
PS5_t3232,0.0
PS5_t3217,0.0
PS5_t3218,0.0
PS5_t3219,0.0
PS5_t3220,0.0
PS5_t3221,0.0
PS5_t3222,0.0
PS5_t3223,0.0
PS5_t3224,0.0
PS5_t3209,0.0
PS5_t3210,0.0
PS5_t3211,0.0
PS5_t3212,0.0
PS5_t3213,0.0
PS5_t3214,0.0
PS5_t3215,0.0
PS5_t3216,0.0
PS5_t3265,0.0
PS5_t3266,0.0
PS5_t3267,0.0
PS5_t3268,0.0
PS5_t3269,0.0
PS5_t3270,0.0
PS5_t3271,0.0
PS5_t3272,0.0
PS5_t3257,0.0
PS5_t3258,0.0
PS5_t3259,0.0
PS5_t3260,0.0
PS5_t3261,0.0
PS5_t3262,0.0
PS5_t3263,0.0
PS5_t3264,0.0
PS5_t3249,0.0
PS5_t3250,0.0
PS5_t3251,0.0
PS5_t3252,0.0
PS5_t3253,0.0
PS5_t3254,0.0
PS5_t3255,0.0
PS5_t3256,0.0
PS5_t3241,0.0
PS5_t3242,0.0
PS5_t3243,0.0
PS5_t3244,0.0
PS5_t3245,0.0
PS5_t3246,0.0
PS5_t3247,0.0
PS5_t3248,0.0
PS5_t3297,0.0
PS5_t3298,0.0
PS5_t3299,0.0
PS5_t3300,0.0
PS5_t3301,0.0
PS5_t3302,0.0
PS5_t3303,0.0
PS5_t3304,0.0
PS5_t3289,0.0
PS5_t3290,0.0
PS5_t3291,0.0
PS5_t3292,0.0
PS5_t3293,0.0
PS5_t3294,0.0
PS5_t3295,0.0
PS5_t3296,0.0
PS5_t3281,0.0
PS5_t3282,0.0
PS5_t3283,0.0
PS5_t3284,0.0
PS5_t3285,0.0
PS5_t3286,0.0
PS5_t3287,0.0
PS5_t3288,0.0
PS5_t3273,0.0
PS5_t3274,0.0
PS5_t3275,0.0
PS5_t3276,0.0
PS5_t3277,0.0
PS5_t3278,0.0
PS5_t3279,0.0
PS5_t3280,0.0
PS5_t3329,0.0
PS5_t3330,0.0
PS5_t3331,0.0
PS5_t3332,0.0
PS5_t3333,0.0
PS5_t3334,0.0
PS5_t3335,0.0
PS5_t3336,0.0
PS5_t3321,0.0
PS5_t3322,0.0
PS5_t3323,0.0
PS5_t3324,0.0
PS5_t3325,0.0
PS5_t3326,0.0
PS5_t3327,0.0
PS5_t3328,0.0
PS5_t3313,0.0
PS5_t3314,0.0
PS5_t3315,0.0
PS5_t3316,0.0
PS5_t3317,0.0
PS5_t3318,0.0
PS5_t3319,0.0
PS5_t3320,0.0
PS5_t3305,0.0
PS5_t3306,0.0
PS5_t3307,0.0
PS5_t3308,0.0
PS5_t3309,0.0
PS5_t3310,0.0
PS5_t3311,0.0
PS5_t3312,0.0
PS5_t3361,0.0
PS5_t3362,0.0
PS5_t3363,0.0
PS5_t3364,0.0
PS5_t3365,0.0
PS5_t3366,0.0
PS5_t3367,0.0
PS5_t3368,0.0
PS5_t3353,0.0
PS5_t3354,0.0
PS5_t3355,0.0
PS5_t3356,0.0
PS5_t3357,0.0
PS5_t3358,0.0
PS5_t3359,0.0
PS5_t3360,0.0
PS5_t3345,0.0
PS5_t3346,0.0
PS5_t3347,0.0
PS5_t3348,0.0
PS5_t3349,0.0
PS5_t3350,0.0
PS5_t3351,0.0
PS5_t3352,0.0
PS5_t3337,0.0
PS5_t3338,0.0
PS5_t3339,0.0
PS5_t3340,0.0
PS5_t3341,0.0
PS5_t3342,0.0
PS5_t3343,0.0
PS5_t3344,0.0
PS5_t3393,0.0
PS5_t3394,0.0
PS5_t3395,0.0
PS5_t3396,0.0
PS5_t3397,0.0
PS5_t3398,0.0
PS5_t3399,0.0
PS5_t3400,0.0
PS5_t3385,0.0
PS5_t3386,0.0
PS5_t3387,0.0
PS5_t3388,0.0
PS5_t3389,0.0
PS5_t3390,0.0
PS5_t3391,0.0
PS5_t3392,0.0
PS5_t3377,0.0
PS5_t3378,0.0
PS5_t3379,0.0
PS5_t3380,0.0
PS5_t3381,0.0
PS5_t3382,0.0
PS5_t3383,0.0
PS5_t3384,0.0
PS5_t3369,0.0
PS5_t3370,0.0
PS5_t3371,0.0
PS5_t3372,0.0
PS5_t3373,0.0
PS5_t3374,0.0
PS5_t3375,0.0
PS5_t3376,0.0
PS5_t3425,0.0
PS5_t3426,0.0
PS5_t3427,0.0
PS5_t3428,0.0
PS5_t3429,0.0
PS5_t3430,0.0
PS5_t3431,0.0
PS5_t3432,0.0
PS5_t3417,0.0
PS5_t3418,0.0
PS5_t3419,0.0
PS5_t3420,0.0
PS5_t3421,0.0
PS5_t3422,0.0
PS5_t3423,0.0
PS5_t3424,0.0
PS5_t3409,0.0
PS5_t3410,0.0
PS5_t3411,0.0
PS5_t3412,0.0
PS5_t3413,0.0
PS5_t3414,0.0
PS5_t3415,0.0
PS5_t3416,0.0
PS5_t3401,0.0
PS5_t3402,0.0
PS5_t3403,0.0
PS5_t3404,0.0
PS5_t3405,0.0
PS5_t3406,0.0
PS5_t3407,0.0
PS5_t3408,0.0
PS5_t3457,0.0
PS5_t3458,0.0
PS5_t3459,0.0
PS5_t3460,0.0
PS5_t3461,0.0
PS5_t3462,0.0
PS5_t3463,0.0
PS5_t3464,0.0
PS5_t3449,0.0
PS5_t3450,0.0
PS5_t3451,0.0
PS5_t3452,0.0
PS5_t3453,0.0
PS5_t3454,0.0
PS5_t3455,0.0
PS5_t3456,0.0
PS5_t3441,0.0
PS5_t3442,0.0
PS5_t3443,0.0
PS5_t3444,0.0
PS5_t3445,0.0
PS5_t3446,0.0
PS5_t3447,0.0
PS5_t3448,0.0
PS5_t3433,0.0
PS5_t3434,0.0
PS5_t3435,0.0
PS5_t3436,0.0
PS5_t3437,0.0
PS5_t3438,0.0
PS5_t3439,0.0
PS5_t3440,0.0
PS5_t3489,0.0
PS5_t3490,0.0
PS5_t3491,0.0
PS5_t3492,0.0
PS5_t3493,0.0
PS5_t3494,0.0
PS5_t3495,0.0
PS5_t3496,0.0
PS5_t3481,0.0
PS5_t3482,0.0
PS5_t3483,0.0
PS5_t3484,0.0
PS5_t3485,0.0
PS5_t3486,0.0
PS5_t3487,0.0
PS5_t3488,0.0
PS5_t3473,0.0
PS5_t3474,0.0
PS5_t3475,0.0
PS5_t3476,0.0
PS5_t3477,0.0
PS5_t3478,0.0
PS5_t3479,0.0
PS5_t3480,0.0
PS5_t3465,0.0
PS5_t3466,0.0
PS5_t3467,0.0
PS5_t3468,0.0
PS5_t3469,0.0
PS5_t3470,0.0
PS5_t3471,0.0
PS5_t3472,0.0
PS5_t3521,0.0
PS5_t3522,0.0
PS5_t3523,0.0
PS5_t3524,0.0
PS5_t3525,0.0
PS5_t3526,0.0
PS5_t3527,0.0
PS5_t3528,0.0
PS5_t3513,0.0
PS5_t3514,0.0
PS5_t3515,0.0
PS5_t3516,0.0
PS5_t3517,0.0
PS5_t3518,0.0
PS5_t3519,0.0
PS5_t3520,0.0
PS5_t3505,0.0
PS5_t3506,0.0
PS5_t3507,0.0
PS5_t3508,0.0
PS5_t3509,0.0
PS5_t3510,0.0
PS5_t3511,0.0
PS5_t3512,0.0
PS5_t3497,0.0
PS5_t3498,0.0
PS5_t3499,0.0
PS5_t3500,0.0
PS5_t3501,0.0
PS5_t3502,0.0
PS5_t3503,0.0
PS5_t3504,0.0
PS5_t3553,0.0
PS5_t3554,0.0
PS5_t3555,0.0
PS5_t3556,0.0
PS5_t3557,0.0
PS5_t3558,0.0
PS5_t3559,0.0
PS5_t3560,0.0
PS5_t3545,0.0
PS5_t3546,0.0
PS5_t3547,0.0
PS5_t3548,0.0
PS5_t3549,0.0
PS5_t3550,0.0
PS5_t3551,0.0
PS5_t3552,0.0
PS5_t3537,0.0
PS5_t3538,0.0
PS5_t3539,0.0
PS5_t3540,0.0
PS5_t3541,0.0
PS5_t3542,0.0
PS5_t3543,0.0
PS5_t3544,0.0
PS5_t3529,0.0
PS5_t3530,0.0
PS5_t3531,0.0
PS5_t3532,0.0
PS5_t3533,0.0
PS5_t3534,0.0
PS5_t3535,0.0
PS5_t3536,0.0
PS5_t3585,0.0
PS5_t3586,0.0
PS5_t3587,0.0
PS5_t3588,0.0
PS5_t3589,0.0
PS5_t3590,0.0
PS5_t3591,0.0
PS5_t3592,0.0
PS5_t3577,0.0
PS5_t3578,0.0
PS5_t3579,0.0
PS5_t3580,0.0
PS5_t3581,0.0
PS5_t3582,0.0
PS5_t3583,0.0
PS5_t3584,0.0
PS5_t3569,0.0
PS5_t3570,0.0
PS5_t3571,0.0
PS5_t3572,0.0
PS5_t3573,0.0
PS5_t3574,0.0
PS5_t3575,0.0
PS5_t3576,0.0
PS5_t3561,0.0
PS5_t3562,0.0
PS5_t3563,0.0
PS5_t3564,0.0
PS5_t3565,0.0
PS5_t3566,0.0
PS5_t3567,0.0
PS5_t3568,0.0
PS5_t3617,0.0
PS5_t3618,0.0
PS5_t3619,0.0
PS5_t3620,0.0
PS5_t3621,0.0
PS5_t3622,0.0
PS5_t3623,0.0
PS5_t3624,0.0
PS5_t3609,0.0
PS5_t3610,0.0
PS5_t3611,0.0
PS5_t3612,0.0
PS5_t3613,0.0
PS5_t3614,0.0
PS5_t3615,0.0
PS5_t3616,0.0
PS5_t3601,0.0
PS5_t3602,0.0
PS5_t3603,0.0
PS5_t3604,0.0
PS5_t3605,0.0
PS5_t3606,0.0
PS5_t3607,0.0
PS5_t3608,0.0
PS5_t3593,0.0
PS5_t3594,0.0
PS5_t3595,0.0
PS5_t3596,0.0
PS5_t3597,0.0
PS5_t3598,0.0
PS5_t3599,0.0
PS5_t3600,0.0
PS5_t3649,0.0
PS5_t3650,0.0
PS5_t3651,0.0
PS5_t3652,0.0
PS5_t3653,0.0
PS5_t3654,0.0
PS5_t3655,0.0
PS5_t3656,0.0
PS5_t3641,0.0
PS5_t3642,0.0
PS5_t3643,0.0
PS5_t3644,0.0
PS5_t3645,0.0
PS5_t3646,0.0
PS5_t3647,0.0
PS5_t3648,0.0
PS5_t3633,0.0
PS5_t3634,0.0
PS5_t3635,0.0
PS5_t3636,0.0
PS5_t3637,0.0
PS5_t3638,0.0
PS5_t3639,0.0
PS5_t3640,0.0
PS5_t3625,0.0
PS5_t3626,0.0
PS5_t3627,0.0
PS5_t3628,0.0
PS5_t3629,0.0
PS5_t3630,0.0
PS5_t3631,0.0
PS5_t3632,0.0
PS5_t3681,0.0
PS5_t3682,0.0
PS5_t3683,0.0
PS5_t3684,0.0
PS5_t3685,0.0
PS5_t3686,0.0
PS5_t3687,0.0
PS5_t3688,0.0
PS5_t3673,0.0
PS5_t3674,0.0
PS5_t3675,0.0
PS5_t3676,0.0
PS5_t3677,0.0
PS5_t3678,0.0
PS5_t3679,0.0
PS5_t3680,0.0
PS5_t3665,0.0
PS5_t3666,0.0
PS5_t3667,0.0
PS5_t3668,0.0
PS5_t3669,0.0
PS5_t3670,0.0
PS5_t3671,0.0
PS5_t3672,0.0
PS5_t3657,0.0
PS5_t3658,0.0
PS5_t3659,0.0
PS5_t3660,0.0
PS5_t3661,0.0
PS5_t3662,0.0
PS5_t3663,0.0
PS5_t3664,0.0
PS5_t3713,0.0
PS5_t3714,0.0
PS5_t3715,0.0
PS5_t3716,0.0
PS5_t3717,0.0
PS5_t3718,0.0
PS5_t3719,0.0
PS5_t3720,0.0
PS5_t3705,0.0
PS5_t3706,0.0
PS5_t3707,0.0
PS5_t3708,0.0
PS5_t3709,0.0
PS5_t3710,0.0
PS5_t3711,0.0
PS5_t3712,0.0
PS5_t3697,0.0
PS5_t3698,0.0
PS5_t3699,0.0
PS5_t3700,0.0
PS5_t3701,0.0
PS5_t3702,0.0
PS5_t3703,0.0
PS5_t3704,0.0
PS5_t3689,0.0
PS5_t3690,0.0
PS5_t3691,0.0
PS5_t3692,0.0
PS5_t3693,0.0
PS5_t3694,0.0
PS5_t3695,0.0
PS5_t3696,0.0
PS5_t3745,0.0
PS5_t3746,0.0
PS5_t3747,0.0
PS5_t3748,0.0
PS5_t3749,0.0
PS5_t3750,0.0
PS5_t3751,0.0
PS5_t3752,0.0
PS5_t3737,0.0
PS5_t3738,0.0
PS5_t3739,0.0
PS5_t3740,0.0
PS5_t3741,0.0
PS5_t3742,0.0
PS5_t3743,0.0
PS5_t3744,0.0
PS5_t3729,0.0
PS5_t3730,0.0
PS5_t3731,0.0
PS5_t3732,0.0
PS5_t3733,0.0
PS5_t3734,0.0
PS5_t3735,0.0
PS5_t3736,0.0
PS5_t3721,0.0
PS5_t3722,0.0
PS5_t3723,0.0
PS5_t3724,0.0
PS5_t3725,0.0
PS5_t3726,0.0
PS5_t3727,0.0
PS5_t3728,0.0
PS5_t3777,0.0
PS5_t3778,0.0
PS5_t3779,0.0
PS5_t3780,0.0
PS5_t3781,0.0
PS5_t3782,0.0
PS5_t3783,0.0
PS5_t3784,0.0
PS5_t3769,0.0
PS5_t3770,0.0
PS5_t3771,0.0
PS5_t3772,0.0
PS5_t3773,0.0
PS5_t3774,0.0
PS5_t3775,0.0
PS5_t3776,0.0
PS5_t3761,0.0
PS5_t3762,0.0
PS5_t3763,0.0
PS5_t3764,0.0
PS5_t3765,0.0
PS5_t3766,0.0
PS5_t3767,0.0
PS5_t3768,0.0
PS5_t3753,0.0
PS5_t3754,0.0
PS5_t3755,0.0
PS5_t3756,0.0
PS5_t3757,0.0
PS5_t3758,0.0
PS5_t3759,0.0
PS5_t3760,0.0
PS5_t3809,0.0
PS5_t3810,0.0
PS5_t3811,0.0
PS5_t3812,0.0
PS5_t3813,0.0
PS5_t3814,0.0
PS5_t3815,0.0
PS5_t3816,0.0
PS5_t3801,0.0
PS5_t3802,0.0
PS5_t3803,0.0
PS5_t3804,0.0
PS5_t3805,0.0
PS5_t3806,0.0
PS5_t3807,0.0
PS5_t3808,0.0
PS5_t3793,0.0
PS5_t3794,0.0
PS5_t3795,0.0
PS5_t3796,0.0
PS5_t3797,0.0
PS5_t3798,0.0
PS5_t3799,0.0
PS5_t3800,0.0
PS5_t3785,0.0
PS5_t3786,0.0
PS5_t3787,0.0
PS5_t3788,0.0
PS5_t3789,0.0
PS5_t3790,0.0
PS5_t3791,0.0
PS5_t3792,0.0
PS5_t3841,0.0
PS5_t3842,0.0
PS5_t3843,0.0
PS5_t3844,0.0
PS5_t3845,0.0
PS5_t3846,0.0
PS5_t3847,0.0
PS5_t3848,0.0
PS5_t3833,0.0
PS5_t3834,0.0
PS5_t3835,0.0
PS5_t3836,0.0
PS5_t3837,0.0
PS5_t3838,0.0
PS5_t3839,0.0
PS5_t3840,0.0
PS5_t3825,0.0
PS5_t3826,0.0
PS5_t3827,0.0
PS5_t3828,0.0
PS5_t3829,0.0
PS5_t3830,0.0
PS5_t3831,0.0
PS5_t3832,0.0
PS5_t3817,0.0
PS5_t3818,0.0
PS5_t3819,0.0
PS5_t3820,0.0
PS5_t3821,0.0
PS5_t3822,0.0
PS5_t3823,0.0
PS5_t3824,0.0
PS5_t3873,0.0
PS5_t3874,0.0
PS5_t3875,0.0
PS5_t3876,0.0
PS5_t3877,0.0
PS5_t3878,0.0
PS5_t3879,0.0
PS5_t3880,0.0
PS5_t3865,0.0
PS5_t3866,0.0
PS5_t3867,0.0
PS5_t3868,0.0
PS5_t3869,0.0
PS5_t3870,0.0
PS5_t3871,0.0
PS5_t3872,0.0
PS5_t3857,0.0
PS5_t3858,0.0
PS5_t3859,0.0
PS5_t3860,0.0
PS5_t3861,0.0
PS5_t3862,0.0
PS5_t3863,0.0
PS5_t3864,0.0
PS5_t3849,0.0
PS5_t3850,0.0
PS5_t3851,0.0
PS5_t3852,0.0
PS5_t3853,0.0
PS5_t3854,0.0
PS5_t3855,0.0
PS5_t3856,0.0
PS5_t3905,0.0
PS5_t3906,0.0
PS5_t3907,0.0
PS5_t3908,0.0
PS5_t3909,0.0
PS5_t3910,0.0
PS5_t3911,0.0
PS5_t3912,0.0
PS5_t3897,0.0
PS5_t3898,0.0
PS5_t3899,0.0
PS5_t3900,0.0
PS5_t3901,0.0
PS5_t3902,0.0
PS5_t3903,0.0
PS5_t3904,0.0
PS5_t3889,0.0
PS5_t3890,0.0
PS5_t3891,0.0
PS5_t3892,0.0
PS5_t3893,0.0
PS5_t3894,0.0
PS5_t3895,0.0
PS5_t3896,0.0
PS5_t3881,0.0
PS5_t3882,0.0
PS5_t3883,0.0
PS5_t3884,0.0
PS5_t3885,0.0
PS5_t3886,0.0
PS5_t3887,0.0
PS5_t3888,0.0
PS5_t3937,0.0
PS5_t3938,0.0
PS5_t3939,0.0
PS5_t3940,0.0
PS5_t3941,0.0
PS5_t3942,0.0
PS5_t3943,0.0
PS5_t3944,0.0
PS5_t3929,0.0
PS5_t3930,0.0
PS5_t3931,0.0
PS5_t3932,0.0
PS5_t3933,0.0
PS5_t3934,0.0
PS5_t3935,0.0
PS5_t3936,0.0
PS5_t3921,0.0
PS5_t3922,0.0
PS5_t3923,0.0
PS5_t3924,0.0
PS5_t3925,0.0
PS5_t3926,0.0
PS5_t3927,0.0
PS5_t3928,0.0
PS5_t3913,0.0
PS5_t3914,0.0
PS5_t3915,0.0
PS5_t3916,0.0
PS5_t3917,0.0
PS5_t3918,0.0
PS5_t3919,0.0
PS5_t3920,0.0
PS5_t3969,0.0
PS5_t3970,0.0
PS5_t3971,0.0
PS5_t3972,0.0
PS5_t3973,0.0
PS5_t3974,0.0
PS5_t3975,0.0
PS5_t3976,0.0
PS5_t3961,0.0
PS5_t3962,0.0
PS5_t3963,0.0
PS5_t3964,0.0
PS5_t3965,0.0
PS5_t3966,0.0
PS5_t3967,0.0
PS5_t3968,0.0
PS5_t3953,0.0
PS5_t3954,0.0
PS5_t3955,0.0
PS5_t3956,0.0
PS5_t3957,0.0
PS5_t3958,0.0
PS5_t3959,0.0
PS5_t3960,0.0
PS5_t3945,0.0
PS5_t3946,0.0
PS5_t3947,0.0
PS5_t3948,0.0
PS5_t3949,0.0
PS5_t3950,0.0
PS5_t3951,0.0
PS5_t3952,0.0
PS5_t4001,0.0
PS5_t4002,0.0
PS5_t4003,0.0
PS5_t4004,0.0
PS5_t4005,0.0
PS5_t4006,0.0
PS5_t4007,0.0
PS5_t4008,0.0
PS5_t3993,0.0
PS5_t3994,0.0
PS5_t3995,0.0
PS5_t3996,0.0
PS5_t3997,0.0
PS5_t3998,0.0
PS5_t3999,0.0
PS5_t4000,0.0
PS5_t3985,0.0
PS5_t3986,0.0
PS5_t3987,0.0
PS5_t3988,0.0
PS5_t3989,0.0
PS5_t3990,0.0
PS5_t3991,0.0
PS5_t3992,0.0
PS5_t3977,0.0
PS5_t3978,0.0
PS5_t3979,0.0
PS5_t3980,0.0
PS5_t3981,0.0
PS5_t3982,0.0
PS5_t3983,0.0
PS5_t3984,0.0
PS5_t4033,0.0
PS5_t4034,0.0
PS5_t4035,0.0
PS5_t4036,0.0
PS5_t4037,0.0
PS5_t4038,0.0
PS5_t4039,0.0
PS5_t4040,0.0
PS5_t4025,0.0
PS5_t4026,0.0
PS5_t4027,0.0
PS5_t4028,0.0
PS5_t4029,0.0
PS5_t4030,0.0
PS5_t4031,0.0
PS5_t4032,0.0
PS5_t4017,0.0
PS5_t4018,0.0
PS5_t4019,0.0
PS5_t4020,0.0
PS5_t4021,0.0
PS5_t4022,0.0
PS5_t4023,0.0
PS5_t4024,0.0
PS5_t4009,0.0
PS5_t4010,0.0
PS5_t4011,0.0
PS5_t4012,0.0
PS5_t4013,0.0
PS5_t4014,0.0
PS5_t4015,0.0
PS5_t4016,0.0
PS5_t4065,0.0
PS5_t4066,0.0
PS5_t4067,0.0
PS5_t4068,0.0
PS5_t4069,0.0
PS5_t4070,0.0
PS5_t4071,0.0
PS5_t4072,0.0
PS5_t4057,0.0
PS5_t4058,0.0
PS5_t4059,0.0
PS5_t4060,0.0
PS5_t4061,0.0
PS5_t4062,0.0
PS5_t4063,0.0
PS5_t4064,0.0
PS5_t4049,0.0
PS5_t4050,0.0
PS5_t4051,0.0
PS5_t4052,0.0
PS5_t4053,0.0
PS5_t4054,0.0
PS5_t4055,0.0
PS5_t4056,0.0
PS5_t4041,0.0
PS5_t4042,0.0
PS5_t4043,0.0
PS5_t4044,0.0
PS5_t4045,0.0
PS5_t4046,0.0
PS5_t4047,0.0
PS5_t4048,0.0
PS5_t4097,0.0
PS5_t4098,0.0
PS5_t4099,0.0
PS5_t4100,0.0
PS5_t4101,0.0
PS5_t4102,0.0
PS5_t4103,0.0
PS5_t4104,0.0
PS5_t4089,0.0
PS5_t4090,0.0
PS5_t4091,0.0
PS5_t4092,0.0
PS5_t4093,0.0
PS5_t4094,0.0
PS5_t4095,0.0
PS5_t4096,0.0
PS5_t4081,0.0
PS5_t4082,0.0
PS5_t4083,0.0
PS5_t4084,0.0
PS5_t4085,0.0
PS5_t4086,0.0
PS5_t4087,0.0
PS5_t4088,0.0
PS5_t4073,0.0
PS5_t4074,0.0
PS5_t4075,0.0
PS5_t4076,0.0
PS5_t4077,0.0
PS5_t4078,0.0
PS5_t4079,0.0
PS5_t4080,0.0
PS5_t4129,0.0
PS5_t4130,0.0
PS5_t4131,0.0
PS5_t4132,0.0
PS5_t4133,0.0
PS5_t4134,0.0
PS5_t4135,0.0
PS5_t4136,0.0
PS5_t4121,0.0
PS5_t4122,0.0
PS5_t4123,0.0
PS5_t4124,0.0
PS5_t4125,0.0
PS5_t4126,0.0
PS5_t4127,0.0
PS5_t4128,0.0
PS5_t4113,0.0
PS5_t4114,0.0
PS5_t4115,0.0
PS5_t4116,0.0
PS5_t4117,0.0
PS5_t4118,0.0
PS5_t4119,0.0
PS5_t4120,0.0
PS5_t4105,0.0
PS5_t4106,0.0
PS5_t4107,0.0
PS5_t4108,0.0
PS5_t4109,0.0
PS5_t4110,0.0
PS5_t4111,0.0
PS5_t4112,0.0
PS5_t4161,0.0
PS5_t4162,0.0
PS5_t4163,0.0
PS5_t4164,0.0
PS5_t4165,0.0
PS5_t4166,0.0
PS5_t4167,0.0
PS5_t4168,0.0
PS5_t4153,0.0
PS5_t4154,0.0
PS5_t4155,0.0
PS5_t4156,0.0
PS5_t4157,0.0
PS5_t4158,0.0
PS5_t4159,0.0
PS5_t4160,0.0
PS5_t4145,0.0
PS5_t4146,0.0
PS5_t4147,0.0
PS5_t4148,0.0
PS5_t4149,0.0
PS5_t4150,0.0
PS5_t4151,0.0
PS5_t4152,0.0
PS5_t4137,0.0
PS5_t4138,0.0
PS5_t4139,0.0
PS5_t4140,0.0
PS5_t4141,0.0
PS5_t4142,0.0
PS5_t4143,0.0
PS5_t4144,0.0
PS5_t4193,0.0
PS5_t4194,0.0
PS5_t4195,0.0
PS5_t4196,0.0
PS5_t4197,0.0
PS5_t4198,0.0
PS5_t4199,0.0
PS5_t4200,0.0
PS5_t4185,0.0
PS5_t4186,0.0
PS5_t4187,0.0
PS5_t4188,0.0
PS5_t4189,0.0
PS5_t4190,0.0
PS5_t4191,0.0
PS5_t4192,0.0
PS5_t4177,0.0
PS5_t4178,0.0
PS5_t4179,0.0
PS5_t4180,0.0
PS5_t4181,0.0
PS5_t4182,0.0
PS5_t4183,0.0
PS5_t4184,0.0
PS5_t4169,0.0
PS5_t4170,0.0
PS5_t4171,0.0
PS5_t4172,0.0
PS5_t4173,0.0
PS5_t4174,0.0
PS5_t4175,0.0
PS5_t4176,0.0
PS5_t4225,0.0
PS5_t4226,0.0
PS5_t4227,0.0
PS5_t4228,0.0
PS5_t4229,0.0
PS5_t4230,0.0
PS5_t4231,0.0
PS5_t4232,0.0
PS5_t4217,0.0
PS5_t4218,0.0
PS5_t4219,0.0
PS5_t4220,0.0
PS5_t4221,0.0
PS5_t4222,0.0
PS5_t4223,0.0
PS5_t4224,0.0
PS5_t4209,0.0
PS5_t4210,0.0
PS5_t4211,0.0
PS5_t4212,0.0
PS5_t4213,0.0
PS5_t4214,0.0
PS5_t4215,0.0
PS5_t4216,0.0
PS5_t4201,0.0
PS5_t4202,0.0
PS5_t4203,0.0
PS5_t4204,0.0
PS5_t4205,0.0
PS5_t4206,0.0
PS5_t4207,0.0
PS5_t4208,0.0
PS5_t4257,0.0
PS5_t4258,0.0
PS5_t4259,0.0
PS5_t4260,0.0
PS5_t4261,0.0
PS5_t4262,0.0
PS5_t4263,0.0
PS5_t4264,0.0
PS5_t4249,0.0
PS5_t4250,0.0
PS5_t4251,0.0
PS5_t4252,0.0
PS5_t4253,0.0
PS5_t4254,0.0
PS5_t4255,0.0
PS5_t4256,0.0
PS5_t4241,0.0
PS5_t4242,0.0
PS5_t4243,0.0
PS5_t4244,0.0
PS5_t4245,0.0
PS5_t4246,0.0
PS5_t4247,0.0
PS5_t4248,0.0
PS5_t4233,0.0
PS5_t4234,0.0
PS5_t4235,0.0
PS5_t4236,0.0
PS5_t4237,0.0
PS5_t4238,0.0
PS5_t4239,0.0
PS5_t4240,0.0
PS5_t4289,0.0
PS5_t4290,0.0
PS5_t4291,0.0
PS5_t4292,0.0
PS5_t4293,0.0
PS5_t4294,0.0
PS5_t4295,0.0
PS5_t4296,0.0
PS5_t4281,0.0
PS5_t4282,0.0
PS5_t4283,0.0
PS5_t4284,0.0
PS5_t4285,0.0
PS5_t4286,0.0
PS5_t4287,0.0
PS5_t4288,0.0
PS5_t4273,0.0
PS5_t4274,0.0
PS5_t4275,0.0
PS5_t4276,0.0
PS5_t4277,0.0
PS5_t4278,0.0
PS5_t4279,0.0
PS5_t4280,0.0
PS5_t4265,0.0
PS5_t4266,0.0
PS5_t4267,0.0
PS5_t4268,0.0
PS5_t4269,0.0
PS5_t4270,0.0
PS5_t4271,0.0
PS5_t4272,0.0
PS5_t4321,0.0
PS5_t4322,0.0
PS5_t4323,0.0
PS5_t4324,0.0
PS5_t4325,0.0
PS5_t4326,0.0
PS5_t4327,0.0
PS5_t4328,0.0
PS5_t4313,0.0
PS5_t4314,0.0
PS5_t4315,0.0
PS5_t4316,0.0
PS5_t4317,0.0
PS5_t4318,0.0
PS5_t4319,0.0
PS5_t4320,0.0
PS5_t4305,0.0
PS5_t4306,0.0
PS5_t4307,0.0
PS5_t4308,0.0
PS5_t4309,0.0
PS5_t4310,0.0
PS5_t4311,0.0
PS5_t4312,0.0
PS5_t4297,0.0
PS5_t4298,0.0
PS5_t4299,0.0
PS5_t4300,0.0
PS5_t4301,0.0
PS5_t4302,0.0
PS5_t4303,0.0
PS5_t4304,0.0
PS5_t4353,0.0
PS5_t4354,0.0
PS5_t4355,0.0
PS5_t4356,0.0
PS5_t4357,0.0
PS5_t4358,0.0
PS5_t4359,0.0
PS5_t4360,0.0
PS5_t4345,0.0
PS5_t4346,0.0
PS5_t4347,0.0
PS5_t4348,0.0
PS5_t4349,0.0
PS5_t4350,0.0
PS5_t4351,0.0
PS5_t4352,0.0
PS5_t4337,0.0
PS5_t4338,0.0
PS5_t4339,0.0
PS5_t4340,0.0
PS5_t4341,0.0
PS5_t4342,0.0
PS5_t4343,0.0
PS5_t4344,0.0
PS5_t4329,0.0
PS5_t4330,0.0
PS5_t4331,0.0
PS5_t4332,0.0
PS5_t4333,0.0
PS5_t4334,0.0
PS5_t4335,0.0
PS5_t4336,0.0
PS5_t4385,0.0
PS5_t4386,0.0
PS5_t4387,0.0
PS5_t4388,0.0
PS5_t4389,0.0
PS5_t4390,0.0
PS5_t4391,0.0
PS5_t4392,0.0
PS5_t4377,0.0
PS5_t4378,0.0
PS5_t4379,0.0
PS5_t4380,0.0
PS5_t4381,0.0
PS5_t4382,0.0
PS5_t4383,0.0
PS5_t4384,0.0
PS5_t4369,0.0
PS5_t4370,0.0
PS5_t4371,0.0
PS5_t4372,0.0
PS5_t4373,0.0
PS5_t4374,0.0
PS5_t4375,0.0
PS5_t4376,0.0
PS5_t4361,0.0
PS5_t4362,0.0
PS5_t4363,0.0
PS5_t4364,0.0
PS5_t4365,0.0
PS5_t4366,0.0
PS5_t4367,0.0
PS5_t4368,0.0
PS5_t4417,0.0
PS5_t4418,0.0
PS5_t4419,0.0
PS5_t4420,0.0
PS5_t4421,0.0
PS5_t4422,0.0
PS5_t4423,0.0
PS5_t4424,0.0
PS5_t4409,0.0
PS5_t4410,0.0
PS5_t4411,0.0
PS5_t4412,0.0
PS5_t4413,0.0
PS5_t4414,0.0
PS5_t4415,0.0
PS5_t4416,0.0
PS5_t4401,0.0
PS5_t4402,0.0
PS5_t4403,0.0
PS5_t4404,0.0
PS5_t4405,0.0
PS5_t4406,0.0
PS5_t4407,0.0
PS5_t4408,0.0
PS5_t4393,0.0
PS5_t4394,0.0
PS5_t4395,0.0
PS5_t4396,0.0
PS5_t4397,0.0
PS5_t4398,0.0
PS5_t4399,0.0
PS5_t4400,0.0
PS5_t4449,0.0
PS5_t4450,0.0
PS5_t4451,0.0
PS5_t4452,0.0
PS5_t4453,0.0
PS5_t4454,0.0
PS5_t4455,0.0
PS5_t4456,0.0
PS5_t4441,0.0
PS5_t4442,0.0
PS5_t4443,0.0
PS5_t4444,0.0
PS5_t4445,0.0
PS5_t4446,0.0
PS5_t4447,0.0
PS5_t4448,0.0
PS5_t4433,0.0
PS5_t4434,0.0
PS5_t4435,0.0
PS5_t4436,0.0
PS5_t4437,0.0
PS5_t4438,0.0
PS5_t4439,0.0
PS5_t4440,0.0
PS5_t4425,0.0
PS5_t4426,0.0
PS5_t4427,0.0
PS5_t4428,0.0
PS5_t4429,0.0
PS5_t4430,0.0
PS5_t4431,0.0
PS5_t4432,0.0
PS5_t4481,0.0
PS5_t4482,0.0
PS5_t4483,0.0
PS5_t4484,0.0
PS5_t4485,0.0
PS5_t4486,0.0
PS5_t4487,0.0
PS5_t4488,0.0
PS5_t4473,0.0
PS5_t4474,0.0
PS5_t4475,0.0
PS5_t4476,0.0
PS5_t4477,0.0
PS5_t4478,0.0
PS5_t4479,0.0
PS5_t4480,0.0
PS5_t4465,0.0
PS5_t4466,0.0
PS5_t4467,0.0
PS5_t4468,0.0
PS5_t4469,0.0
PS5_t4470,0.0
PS5_t4471,0.0
PS5_t4472,0.0
PS5_t4457,0.0
PS5_t4458,0.0
PS5_t4459,0.0
PS5_t4460,0.0
PS5_t4461,0.0
PS5_t4462,0.0
PS5_t4463,0.0
PS5_t4464,0.0
PS5_t4513,0.0
PS5_t4514,0.0
PS5_t4515,0.0
PS5_t4516,0.0
PS5_t4517,0.0
PS5_t4518,0.0
PS5_t4519,0.0
PS5_t4520,0.0
PS5_t4505,0.0
PS5_t4506,0.0
PS5_t4507,0.0
PS5_t4508,0.0
PS5_t4509,0.0
PS5_t4510,0.0
PS5_t4511,0.0
PS5_t4512,0.0
PS5_t4497,0.0
PS5_t4498,0.0
PS5_t4499,0.0
PS5_t4500,0.0
PS5_t4501,0.0
PS5_t4502,0.0
PS5_t4503,0.0
PS5_t4504,0.0
PS5_t4489,0.0
PS5_t4490,0.0
PS5_t4491,0.0
PS5_t4492,0.0
PS5_t4493,0.0
PS5_t4494,0.0
PS5_t4495,0.0
PS5_t4496,0.0
PS5_t4545,0.0
PS5_t4546,0.0
PS5_t4547,0.0
PS5_t4548,0.0
PS5_t4549,0.0
PS5_t4550,0.0
PS5_t4551,0.0
PS5_t4552,0.0
PS5_t4537,0.0
PS5_t4538,0.0
PS5_t4539,0.0
PS5_t4540,0.0
PS5_t4541,0.0
PS5_t4542,0.0
PS5_t4543,0.0
PS5_t4544,0.0
PS5_t4529,0.0
PS5_t4530,0.0
PS5_t4531,0.0
PS5_t4532,0.0
PS5_t4533,0.0
PS5_t4534,0.0
PS5_t4535,0.0
PS5_t4536,0.0
PS5_t4521,0.0
PS5_t4522,0.0
PS5_t4523,0.0
PS5_t4524,0.0
PS5_t4525,0.0
PS5_t4526,0.0
PS5_t4527,0.0
PS5_t4528,0.0
PS5_t4577,0.0
PS5_t4578,0.0
PS5_t4579,0.0
PS5_t4580,0.0
PS5_t4581,0.0
PS5_t4582,0.0
PS5_t4583,0.0
PS5_t4584,0.0
PS5_t4569,0.0
PS5_t4570,0.0
PS5_t4571,0.0
PS5_t4572,0.0
PS5_t4573,0.0
PS5_t4574,0.0
PS5_t4575,0.0
PS5_t4576,0.0
PS5_t4561,0.0
PS5_t4562,0.0
PS5_t4563,0.0
PS5_t4564,0.0
PS5_t4565,0.0
PS5_t4566,0.0
PS5_t4567,0.0
PS5_t4568,0.0
PS5_t4553,0.0
PS5_t4554,0.0
PS5_t4555,0.0
PS5_t4556,0.0
PS5_t4557,0.0
PS5_t4558,0.0
PS5_t4559,0.0
PS5_t4560,0.0
PS5_t4609,0.0
PS5_t4610,0.0
PS5_t4611,0.0
PS5_t4612,0.0
PS5_t4613,0.0
PS5_t4614,0.0
PS5_t4615,0.0
PS5_t4616,0.0
PS5_t4601,0.0
PS5_t4602,0.0
PS5_t4603,0.0
PS5_t4604,0.0
PS5_t4605,0.0
PS5_t4606,0.0
PS5_t4607,0.0
PS5_t4608,0.0
PS5_t4593,0.0
PS5_t4594,0.0
PS5_t4595,0.0
PS5_t4596,0.0
PS5_t4597,0.0
PS5_t4598,0.0
PS5_t4599,0.0
PS5_t4600,0.0
PS5_t4585,0.0
PS5_t4586,0.0
PS5_t4587,0.0
PS5_t4588,0.0
PS5_t4589,0.0
PS5_t4590,0.0
PS5_t4591,0.0
PS5_t4592,0.0
PS5_t4641,0.0
PS5_t4642,0.0
PS5_t4643,0.0
PS5_t4644,0.0
PS5_t4645,0.0
PS5_t4646,0.0
PS5_t4647,0.0
PS5_t4648,0.0
PS5_t4633,0.0
PS5_t4634,0.0
PS5_t4635,0.0
PS5_t4636,0.0
PS5_t4637,0.0
PS5_t4638,0.0
PS5_t4639,0.0
PS5_t4640,0.0
PS5_t4625,0.0
PS5_t4626,0.0
PS5_t4627,0.0
PS5_t4628,0.0
PS5_t4629,0.0
PS5_t4630,0.0
PS5_t4631,0.0
PS5_t4632,0.0
PS5_t4617,0.0
PS5_t4618,0.0
PS5_t4619,0.0
PS5_t4620,0.0
PS5_t4621,0.0
PS5_t4622,0.0
PS5_t4623,0.0
PS5_t4624,0.0
PS5_t4673,0.0
PS5_t4674,0.0
PS5_t4675,0.0
PS5_t4676,0.0
PS5_t4677,0.0
PS5_t4678,0.0
PS5_t4679,0.0
PS5_t4680,0.0
PS5_t4665,0.0
PS5_t4666,0.0
PS5_t4667,0.0
PS5_t4668,0.0
PS5_t4669,0.0
PS5_t4670,0.0
PS5_t4671,0.0
PS5_t4672,0.0
PS5_t4657,0.0
PS5_t4658,0.0
PS5_t4659,0.0
PS5_t4660,0.0
PS5_t4661,0.0
PS5_t4662,0.0
PS5_t4663,0.0
PS5_t4664,0.0
PS5_t4649,0.0
PS5_t4650,0.0
PS5_t4651,0.0
PS5_t4652,0.0
PS5_t4653,0.0
PS5_t4654,0.0
PS5_t4655,0.0
PS5_t4656,0.0
PS5_t4705,0.0
PS5_t4706,0.0
PS5_t4707,0.0
PS5_t4708,0.0
PS5_t4709,0.0
PS5_t4710,0.0
PS5_t4711,0.0
PS5_t4712,0.0
PS5_t4697,0.0
PS5_t4698,0.0
PS5_t4699,0.0
PS5_t4700,0.0
PS5_t4701,0.0
PS5_t4702,0.0
PS5_t4703,0.0
PS5_t4704,0.0
PS5_t4689,0.0
PS5_t4690,0.0
PS5_t4691,0.0
PS5_t4692,0.0
PS5_t4693,0.0
PS5_t4694,0.0
PS5_t4695,0.0
PS5_t4696,0.0
PS5_t4681,0.0
PS5_t4682,0.0
PS5_t4683,0.0
PS5_t4684,0.0
PS5_t4685,0.0
PS5_t4686,0.0
PS5_t4687,0.0
PS5_t4688,0.0
PS5_t4737,0.0
PS5_t4738,0.0
PS5_t4739,0.0
PS5_t4740,0.0
PS5_t4741,0.0
PS5_t4742,0.0
PS5_t4743,0.0
PS5_t4744,0.0
PS5_t4729,0.0
PS5_t4730,0.0
PS5_t4731,0.0
PS5_t4732,0.0
PS5_t4733,0.0
PS5_t4734,0.0
PS5_t4735,0.0
PS5_t4736,0.0
PS5_t4721,0.0
PS5_t4722,0.0
PS5_t4723,0.0
PS5_t4724,0.0
PS5_t4725,0.0
PS5_t4726,0.0
PS5_t4727,0.0
PS5_t4728,0.0
PS5_t4713,0.0
PS5_t4714,0.0
PS5_t4715,0.0
PS5_t4716,0.0
PS5_t4717,0.0
PS5_t4718,0.0
PS5_t4719,0.0
PS5_t4720,0.0
PS5_t4769,0.0
PS5_t4770,0.0
PS5_t4771,0.0
PS5_t4772,0.0
PS5_t4773,0.0
PS5_t4774,0.0
PS5_t4775,0.0
PS5_t4776,0.0
PS5_t4761,0.0
PS5_t4762,0.0
PS5_t4763,0.0
PS5_t4764,0.0
PS5_t4765,0.0
PS5_t4766,0.0
PS5_t4767,0.0
PS5_t4768,0.0
PS5_t4753,0.0
PS5_t4754,0.0
PS5_t4755,0.0
PS5_t4756,0.0
PS5_t4757,0.0
PS5_t4758,0.0
PS5_t4759,0.0
PS5_t4760,0.0
PS5_t4745,0.0
PS5_t4746,0.0
PS5_t4747,0.0
PS5_t4748,0.0
PS5_t4749,0.0
PS5_t4750,0.0
PS5_t4751,0.0
PS5_t4752,0.0
PS5_t4801,0.0
PS5_t4802,0.0
PS5_t4803,0.0
PS5_t4804,0.0
PS5_t4805,0.0
PS5_t4806,0.0
PS5_t4807,0.0
PS5_t4808,0.0
PS5_t4793,0.0
PS5_t4794,0.0
PS5_t4795,0.0
PS5_t4796,0.0
PS5_t4797,0.0
PS5_t4798,0.0
PS5_t4799,0.0
PS5_t4800,0.0
PS5_t4785,0.0
PS5_t4786,0.0
PS5_t4787,0.0
PS5_t4788,0.0
PS5_t4789,0.0
PS5_t4790,0.0
PS5_t4791,0.0
PS5_t4792,0.0
PS5_t4777,0.0
PS5_t4778,0.0
PS5_t4779,0.0
PS5_t4780,0.0
PS5_t4781,0.0
PS5_t4782,0.0
PS5_t4783,0.0
PS5_t4784,0.0
PS5_t4833,0.0
PS5_t4834,0.0
PS5_t4835,0.0
PS5_t4836,0.0
PS5_t4837,0.0
PS5_t4838,0.0
PS5_t4839,0.0
PS5_t4840,0.0
PS5_t4825,0.0
PS5_t4826,0.0
PS5_t4827,0.0
PS5_t4828,0.0
PS5_t4829,0.0
PS5_t4830,0.0
PS5_t4831,0.0
PS5_t4832,0.0
PS5_t4817,0.0
PS5_t4818,0.0
PS5_t4819,0.0
PS5_t4820,0.0
PS5_t4821,0.0
PS5_t4822,0.0
PS5_t4823,0.0
PS5_t4824,0.0
PS5_t4809,0.0
PS5_t4810,0.0
PS5_t4811,0.0
PS5_t4812,0.0
PS5_t4813,0.0
PS5_t4814,0.0
PS5_t4815,0.0
PS5_t4816,0.0
PS5_t4865,0.0
PS5_t4866,0.0
PS5_t4867,0.0
PS5_t4868,0.0
PS5_t4869,0.0
PS5_t4870,0.0
PS5_t4871,0.0
PS5_t4872,0.0
PS5_t4857,0.0
PS5_t4858,0.0
PS5_t4859,0.0
PS5_t4860,0.0
PS5_t4861,0.0
PS5_t4862,0.0
PS5_t4863,0.0
PS5_t4864,0.0
PS5_t4849,0.0
PS5_t4850,0.0
PS5_t4851,0.0
PS5_t4852,0.0
PS5_t4853,0.0
PS5_t4854,0.0
PS5_t4855,0.0
PS5_t4856,0.0
PS5_t4841,0.0
PS5_t4842,0.0
PS5_t4843,0.0
PS5_t4844,0.0
PS5_t4845,0.0
PS5_t4846,0.0
PS5_t4847,0.0
PS5_t4848,0.0
PS5_t4897,0.0
PS5_t4898,0.0
PS5_t4899,0.0
PS5_t4900,0.0
PS5_t4901,0.0
PS5_t4902,0.0
PS5_t4903,0.0
PS5_t4904,0.0
PS5_t4889,0.0
PS5_t4890,0.0
PS5_t4891,0.0
PS5_t4892,0.0
PS5_t4893,0.0
PS5_t4894,0.0
PS5_t4895,0.0
PS5_t4896,0.0
PS5_t4881,0.0
PS5_t4882,0.0
PS5_t4883,0.0
PS5_t4884,0.0
PS5_t4885,0.0
PS5_t4886,0.0
PS5_t4887,0.0
PS5_t4888,0.0
PS5_t4873,0.0
PS5_t4874,0.0
PS5_t4875,0.0
PS5_t4876,0.0
PS5_t4877,0.0
PS5_t4878,0.0
PS5_t4879,0.0
PS5_t4880,0.0
PS5_t4929,0.0
PS5_t4930,0.0
PS5_t4931,0.0
PS5_t4932,0.0
PS5_t4933,0.0
PS5_t4934,0.0
PS5_t4935,0.0
PS5_t4936,0.0
PS5_t4921,0.0
PS5_t4922,0.0
PS5_t4923,0.0
PS5_t4924,0.0
PS5_t4925,0.0
PS5_t4926,0.0
PS5_t4927,0.0
PS5_t4928,0.0
PS5_t4913,0.0
PS5_t4914,0.0
PS5_t4915,0.0
PS5_t4916,0.0
PS5_t4917,0.0
PS5_t4918,0.0
PS5_t4919,0.0
PS5_t4920,0.0
PS5_t4905,0.0
PS5_t4906,0.0
PS5_t4907,0.0
PS5_t4908,0.0
PS5_t4909,0.0
PS5_t4910,0.0
PS5_t4911,0.0
PS5_t4912,0.0
PS5_t4961,0.0
PS5_t4962,0.0
PS5_t4963,0.0
PS5_t4964,0.0
PS5_t4965,0.0
PS5_t4966,0.0
PS5_t4967,0.0
PS5_t4968,0.0
PS5_t4953,0.0
PS5_t4954,0.0
PS5_t4955,0.0
PS5_t4956,0.0
PS5_t4957,0.0
PS5_t4958,0.0
PS5_t4959,0.0
PS5_t4960,0.0
PS5_t4945,0.0
PS5_t4946,0.0
PS5_t4947,0.0
PS5_t4948,0.0
PS5_t4949,0.0
PS5_t4950,0.0
PS5_t4951,0.0
PS5_t4952,0.0
PS5_t4937,0.0
PS5_t4938,0.0
PS5_t4939,0.0
PS5_t4940,0.0
PS5_t4941,0.0
PS5_t4942,0.0
PS5_t4943,0.0
PS5_t4944,0.0
PS5_t4993,0.0
PS5_t4994,0.0
PS5_t4995,0.0
PS5_t4996,0.0
PS5_t4997,0.0
PS5_t4998,0.0
PS5_t4999,0.0
PS5_t5000,0.0
PS5_t4985,0.0
PS5_t4986,0.0
PS5_t4987,0.0
PS5_t4988,0.0
PS5_t4989,0.0
PS5_t4990,0.0
PS5_t4991,0.0
PS5_t4992,0.0
PS5_t4977,0.0
PS5_t4978,0.0
PS5_t4979,0.0
PS5_t4980,0.0
PS5_t4981,0.0
PS5_t4982,0.0
PS5_t4983,0.0
PS5_t4984,0.0
PS5_t4969,0.0
PS5_t4970,0.0
PS5_t4971,0.0
PS5_t4972,0.0
PS5_t4973,0.0
PS5_t4974,0.0
PS5_t4975,0.0
PS5_t4976,0.0
PS5_t5025,0.0
PS5_t5026,0.0
PS5_t5027,0.0
PS5_t5028,0.0
PS5_t5029,0.0
PS5_t5030,0.0
PS5_t5031,0.0
PS5_t5032,0.0
PS5_t5017,0.0
PS5_t5018,0.0
PS5_t5019,0.0
PS5_t5020,0.0
PS5_t5021,0.0
PS5_t5022,0.0
PS5_t5023,0.0
PS5_t5024,0.0
PS5_t5009,0.0
PS5_t5010,0.0
PS5_t5011,0.0
PS5_t5012,0.0
PS5_t5013,0.0
PS5_t5014,0.0
PS5_t5015,0.0
PS5_t5016,0.0
PS5_t5001,0.0
PS5_t5002,0.0
PS5_t5003,0.0
PS5_t5004,0.0
PS5_t5005,0.0
PS5_t5006,0.0
PS5_t5007,0.0
PS5_t5008,0.0
PS5_t5057,0.0
PS5_t5058,0.0
PS5_t5059,0.0
PS5_t5060,0.0
PS5_t5061,0.0
PS5_t5062,0.0
PS5_t5063,0.0
PS5_t5064,0.0
PS5_t5049,0.0
PS5_t5050,0.0
PS5_t5051,0.0
PS5_t5052,0.0
PS5_t5053,0.0
PS5_t5054,0.0
PS5_t5055,0.0
PS5_t5056,0.0
PS5_t5041,0.0
PS5_t5042,0.0
PS5_t5043,0.0
PS5_t5044,0.0
PS5_t5045,0.0
PS5_t5046,0.0
PS5_t5047,0.0
PS5_t5048,0.0
PS5_t5033,0.0
PS5_t5034,0.0
PS5_t5035,0.0
PS5_t5036,0.0
PS5_t5037,0.0
PS5_t5038,0.0
PS5_t5039,0.0
PS5_t5040,0.0
PS5_t5089,0.0
PS5_t5090,0.0
PS5_t5091,0.0
PS5_t5092,0.0
PS5_t5093,0.0
PS5_t5094,0.0
PS5_t5095,0.0
PS5_t5096,0.0
PS5_t5081,0.0
PS5_t5082,0.0
PS5_t5083,0.0
PS5_t5084,0.0
PS5_t5085,0.0
PS5_t5086,0.0
PS5_t5087,0.0
PS5_t5088,0.0
PS5_t5073,0.0
PS5_t5074,0.0
PS5_t5075,0.0
PS5_t5076,0.0
PS5_t5077,0.0
PS5_t5078,0.0
PS5_t5079,0.0
PS5_t5080,0.0
PS5_t5065,0.0
PS5_t5066,0.0
PS5_t5067,0.0
PS5_t5068,0.0
PS5_t5069,0.0
PS5_t5070,0.0
PS5_t5071,0.0
PS5_t5072,0.0
PS5_t5121,0.0
PS5_t5122,0.0
PS5_t5123,0.0
PS5_t5124,0.0
PS5_t5125,0.0
PS5_t5126,0.0
PS5_t5127,0.0
PS5_t5128,0.0
PS5_t5113,0.0
PS5_t5114,0.0
PS5_t5115,0.0
PS5_t5116,0.0
PS5_t5117,0.0
PS5_t5118,0.0
PS5_t5119,0.0
PS5_t5120,0.0
PS5_t5105,0.0
PS5_t5106,0.0
PS5_t5107,0.0
PS5_t5108,0.0
PS5_t5109,0.0
PS5_t5110,0.0
PS5_t5111,0.0
PS5_t5112,0.0
PS5_t5097,0.0
PS5_t5098,0.0
PS5_t5099,0.0
PS5_t5100,0.0
PS5_t5101,0.0
PS5_t5102,0.0
PS5_t5103,0.0
PS5_t5104,0.0
PS5_t5153,0.0
PS5_t5154,0.0
PS5_t5155,0.0
PS5_t5156,0.0
PS5_t5157,0.0
PS5_t5158,0.0
PS5_t5159,0.0
PS5_t5160,0.0
PS5_t5145,0.0
PS5_t5146,0.0
PS5_t5147,0.0
PS5_t5148,0.0
PS5_t5149,0.0
PS5_t5150,0.0
PS5_t5151,0.0
PS5_t5152,0.0
PS5_t5137,0.0
PS5_t5138,0.0
PS5_t5139,0.0
PS5_t5140,0.0
PS5_t5141,0.0
PS5_t5142,0.0
PS5_t5143,0.0
PS5_t5144,0.0
PS5_t5129,0.0
PS5_t5130,0.0
PS5_t5131,0.0
PS5_t5132,0.0
PS5_t5133,0.0
PS5_t5134,0.0
PS5_t5135,0.0
PS5_t5136,0.0
PS5_t5185,0.0
PS5_t5186,0.0
PS5_t5187,0.0
PS5_t5188,0.0
PS5_t5189,0.0
PS5_t5190,0.0
PS5_t5191,0.0
PS5_t5192,0.0
PS5_t5177,0.0
PS5_t5178,0.0
PS5_t5179,0.0
PS5_t5180,0.0
PS5_t5181,0.0
PS5_t5182,0.0
PS5_t5183,0.0
PS5_t5184,0.0
PS5_t5169,0.0
PS5_t5170,0.0
PS5_t5171,0.0
PS5_t5172,0.0
PS5_t5173,0.0
PS5_t5174,0.0
PS5_t5175,0.0
PS5_t5176,0.0
PS5_t5161,0.0
PS5_t5162,0.0
PS5_t5163,0.0
PS5_t5164,0.0
PS5_t5165,0.0
PS5_t5166,0.0
PS5_t5167,0.0
PS5_t5168,0.0
PS5_t5217,0.0
PS5_t5218,0.0
PS5_t5219,0.0
PS5_t5220,0.0
PS5_t5221,0.0
PS5_t5222,0.0
PS5_t5223,0.0
PS5_t5224,0.0
PS5_t5209,0.0
PS5_t5210,0.0
PS5_t5211,0.0
PS5_t5212,0.0
PS5_t5213,0.0
PS5_t5214,0.0
PS5_t5215,0.0
PS5_t5216,0.0
PS5_t5201,0.0
PS5_t5202,0.0
PS5_t5203,0.0
PS5_t5204,0.0
PS5_t5205,0.0
PS5_t5206,0.0
PS5_t5207,0.0
PS5_t5208,0.0
PS5_t5193,0.0
PS5_t5194,0.0
PS5_t5195,0.0
PS5_t5196,0.0
PS5_t5197,0.0
PS5_t5198,0.0
PS5_t5199,0.0
PS5_t5200,0.0
PS5_t5249,0.0
PS5_t5250,0.0
PS5_t5251,0.0
PS5_t5252,0.0
PS5_t5253,0.0
PS5_t5254,0.0
PS5_t5255,0.0
PS5_t5256,0.0
PS5_t5241,0.0
PS5_t5242,0.0
PS5_t5243,0.0
PS5_t5244,0.0
PS5_t5245,0.0
PS5_t5246,0.0
PS5_t5247,0.0
PS5_t5248,0.0
PS5_t5233,0.0
PS5_t5234,0.0
PS5_t5235,0.0
PS5_t5236,0.0
PS5_t5237,0.0
PS5_t5238,0.0
PS5_t5239,0.0
PS5_t5240,0.0
PS5_t5225,0.0
PS5_t5226,0.0
PS5_t5227,0.0
PS5_t5228,0.0
PS5_t5229,0.0
PS5_t5230,0.0
PS5_t5231,0.0
PS5_t5232,0.0
PS5_t5281,0.0
PS5_t5282,0.0
PS5_t5283,0.0
PS5_t5284,0.0
PS5_t5285,0.0
PS5_t5286,0.0
PS5_t5287,0.0
PS5_t5288,0.0
PS5_t5273,0.0
PS5_t5274,0.0
PS5_t5275,0.0
PS5_t5276,0.0
PS5_t5277,0.0
PS5_t5278,0.0
PS5_t5279,0.0
PS5_t5280,0.0
PS5_t5265,0.0
PS5_t5266,0.0
PS5_t5267,0.0
PS5_t5268,0.0
PS5_t5269,0.0
PS5_t5270,0.0
PS5_t5271,0.0
PS5_t5272,0.0
PS5_t5257,0.0
PS5_t5258,0.0
PS5_t5259,0.0
PS5_t5260,0.0
PS5_t5261,0.0
PS5_t5262,0.0
PS5_t5263,0.0
PS5_t5264,0.0
PS5_t5313,0.0
PS5_t5314,0.0
PS5_t5315,0.0
PS5_t5316,0.0
PS5_t5317,0.0
PS5_t5318,0.0
PS5_t5319,0.0
PS5_t5320,0.0
PS5_t5305,0.0
PS5_t5306,0.0
PS5_t5307,0.0
PS5_t5308,0.0
PS5_t5309,0.0
PS5_t5310,0.0
PS5_t5311,0.0
PS5_t5312,0.0
PS5_t5297,0.0
PS5_t5298,0.0
PS5_t5299,0.0
PS5_t5300,0.0
PS5_t5301,0.0
PS5_t5302,0.0
PS5_t5303,0.0
PS5_t5304,0.0
PS5_t5289,0.0
PS5_t5290,0.0
PS5_t5291,0.0
PS5_t5292,0.0
PS5_t5293,0.0
PS5_t5294,0.0
PS5_t5295,0.0
PS5_t5296,0.0
PS5_t5345,0.0
PS5_t5346,0.0
PS5_t5347,0.0
PS5_t5348,0.0
PS5_t5349,0.0
PS5_t5350,0.0
PS5_t5351,0.0
PS5_t5352,0.0
PS5_t5337,0.0
PS5_t5338,0.0
PS5_t5339,0.0
PS5_t5340,0.0
PS5_t5341,0.0
PS5_t5342,0.0
PS5_t5343,0.0
PS5_t5344,0.0
PS5_t5329,0.0
PS5_t5330,0.0
PS5_t5331,0.0
PS5_t5332,0.0
PS5_t5333,0.0
PS5_t5334,0.0
PS5_t5335,0.0
PS5_t5336,0.0
PS5_t5321,0.0
PS5_t5322,0.0
PS5_t5323,0.0
PS5_t5324,0.0
PS5_t5325,0.0
PS5_t5326,0.0
PS5_t5327,0.0
PS5_t5328,0.0
PS5_t5377,0.0
PS5_t5378,0.0
PS5_t5379,0.0
PS5_t5380,0.0
PS5_t5381,0.0
PS5_t5382,0.0
PS5_t5383,0.0
PS5_t5384,0.0
PS5_t5369,0.0
PS5_t5370,0.0
PS5_t5371,0.0
PS5_t5372,0.0
PS5_t5373,0.0
PS5_t5374,0.0
PS5_t5375,0.0
PS5_t5376,0.0
PS5_t5361,0.0
PS5_t5362,0.0
PS5_t5363,0.0
PS5_t5364,0.0
PS5_t5365,0.0
PS5_t5366,0.0
PS5_t5367,0.0
PS5_t5368,0.0
PS5_t5353,0.0
PS5_t5354,0.0
PS5_t5355,0.0
PS5_t5356,0.0
PS5_t5357,0.0
PS5_t5358,0.0
PS5_t5359,0.0
PS5_t5360,0.0
PS5_t5409,0.0
PS5_t5410,0.0
PS5_t5411,0.0
PS5_t5412,0.0
PS5_t5413,0.0
PS5_t5414,0.0
PS5_t5415,0.0
PS5_t5416,0.0
PS5_t5401,0.0
PS5_t5402,0.0
PS5_t5403,0.0
PS5_t5404,0.0
PS5_t5405,0.0
PS5_t5406,0.0
PS5_t5407,0.0
PS5_t5408,0.0
PS5_t5393,0.0
PS5_t5394,0.0
PS5_t5395,0.0
PS5_t5396,0.0
PS5_t5397,0.0
PS5_t5398,0.0
PS5_t5399,0.0
PS5_t5400,0.0
PS5_t5385,0.0
PS5_t5386,0.0
PS5_t5387,0.0
PS5_t5388,0.0
PS5_t5389,0.0
PS5_t5390,0.0
PS5_t5391,0.0
PS5_t5392,0.0
PS5_t5441,0.0
PS5_t5442,0.0
PS5_t5443,0.0
PS5_t5444,0.0
PS5_t5445,0.0
PS5_t5446,0.0
PS5_t5447,0.0
PS5_t5448,0.0
PS5_t5433,0.0
PS5_t5434,0.0
PS5_t5435,0.0
PS5_t5436,0.0
PS5_t5437,0.0
PS5_t5438,0.0
PS5_t5439,0.0
PS5_t5440,0.0
PS5_t5425,0.0
PS5_t5426,0.0
PS5_t5427,0.0
PS5_t5428,0.0
PS5_t5429,0.0
PS5_t5430,0.0
PS5_t5431,0.0
PS5_t5432,0.0
PS5_t5417,0.0
PS5_t5418,0.0
PS5_t5419,0.0
PS5_t5420,0.0
PS5_t5421,0.0
PS5_t5422,0.0
PS5_t5423,0.0
PS5_t5424,0.0
PS5_t5473,0.0
PS5_t5474,0.0
PS5_t5475,0.0
PS5_t5476,0.0
PS5_t5477,0.0
PS5_t5478,0.0
PS5_t5479,0.0
PS5_t5480,0.0
PS5_t5465,0.0
PS5_t5466,0.0
PS5_t5467,0.0
PS5_t5468,0.0
PS5_t5469,0.0
PS5_t5470,0.0
PS5_t5471,0.0
PS5_t5472,0.0
PS5_t5457,0.0
PS5_t5458,0.0
PS5_t5459,0.0
PS5_t5460,0.0
PS5_t5461,0.0
PS5_t5462,0.0
PS5_t5463,0.0
PS5_t5464,0.0
PS5_t5449,0.0
PS5_t5450,0.0
PS5_t5451,0.0
PS5_t5452,0.0
PS5_t5453,0.0
PS5_t5454,0.0
PS5_t5455,0.0
PS5_t5456,0.0
PS5_t5505,0.0
PS5_t5506,0.0
PS5_t5507,0.0
PS5_t5508,0.0
PS5_t5509,0.0
PS5_t5510,0.0
PS5_t5511,0.0
PS5_t5512,0.0
PS5_t5497,0.0
PS5_t5498,0.0
PS5_t5499,0.0
PS5_t5500,0.0
PS5_t5501,0.0
PS5_t5502,0.0
PS5_t5503,0.0
PS5_t5504,0.0
PS5_t5489,0.0
PS5_t5490,0.0
PS5_t5491,0.0
PS5_t5492,0.0
PS5_t5493,0.0
PS5_t5494,0.0
PS5_t5495,0.0
PS5_t5496,0.0
PS5_t5481,0.0
PS5_t5482,0.0
PS5_t5483,0.0
PS5_t5484,0.0
PS5_t5485,0.0
PS5_t5486,0.0
PS5_t5487,0.0
PS5_t5488,0.0
PS5_t5537,0.0
PS5_t5538,0.0
PS5_t5539,0.0
PS5_t5540,0.0
PS5_t5541,0.0
PS5_t5542,0.0
PS5_t5543,0.0
PS5_t5544,0.0
PS5_t5529,0.0
PS5_t5530,0.0
PS5_t5531,0.0
PS5_t5532,0.0
PS5_t5533,0.0
PS5_t5534,0.0
PS5_t5535,0.0
PS5_t5536,0.0
PS5_t5521,0.0
PS5_t5522,0.0
PS5_t5523,0.0
PS5_t5524,0.0
PS5_t5525,0.0
PS5_t5526,0.0
PS5_t5527,0.0
PS5_t5528,0.0
PS5_t5513,0.0
PS5_t5514,0.0
PS5_t5515,0.0
PS5_t5516,0.0
PS5_t5517,0.0
PS5_t5518,0.0
PS5_t5519,0.0
PS5_t5520,0.0
PS5_t5569,0.0
PS5_t5570,0.0
PS5_t5571,0.0
PS5_t5572,0.0
PS5_t5573,0.0
PS5_t5574,0.0
PS5_t5575,0.0
PS5_t5576,0.0
PS5_t5561,0.0
PS5_t5562,0.0
PS5_t5563,0.0
PS5_t5564,0.0
PS5_t5565,0.0
PS5_t5566,0.0
PS5_t5567,0.0
PS5_t5568,0.0
PS5_t5553,0.0
PS5_t5554,0.0
PS5_t5555,0.0
PS5_t5556,0.0
PS5_t5557,0.0
PS5_t5558,0.0
PS5_t5559,0.0
PS5_t5560,0.0
PS5_t5545,0.0
PS5_t5546,0.0
PS5_t5547,0.0
PS5_t5548,0.0
PS5_t5549,0.0
PS5_t5550,0.0
PS5_t5551,0.0
PS5_t5552,0.0
PS5_t5601,0.0
PS5_t5602,0.0
PS5_t5603,0.0
PS5_t5604,0.0
PS5_t5605,0.0
PS5_t5606,0.0
PS5_t5607,0.0
PS5_t5608,0.0
PS5_t5593,0.0
PS5_t5594,0.0
PS5_t5595,0.0
PS5_t5596,0.0
PS5_t5597,0.0
PS5_t5598,0.0
PS5_t5599,0.0
PS5_t5600,0.0
PS5_t5585,0.0
PS5_t5586,0.0
PS5_t5587,0.0
PS5_t5588,0.0
PS5_t5589,0.0
PS5_t5590,0.0
PS5_t5591,0.0
PS5_t5592,0.0
PS5_t5577,0.0
PS5_t5578,0.0
PS5_t5579,0.0
PS5_t5580,0.0
PS5_t5581,0.0
PS5_t5582,0.0
PS5_t5583,0.0
PS5_t5584,0.0
PS5_t5633,0.0
PS5_t5634,0.0
PS5_t5635,0.0
PS5_t5636,0.0
PS5_t5637,0.0
PS5_t5638,0.0
PS5_t5639,0.0
PS5_t5640,0.0
PS5_t5625,0.0
PS5_t5626,0.0
PS5_t5627,0.0
PS5_t5628,0.0
PS5_t5629,0.0
PS5_t5630,0.0
PS5_t5631,0.0
PS5_t5632,0.0
PS5_t5617,0.0
PS5_t5618,0.0
PS5_t5619,0.0
PS5_t5620,0.0
PS5_t5621,0.0
PS5_t5622,0.0
PS5_t5623,0.0
PS5_t5624,0.0
PS5_t5609,0.0
PS5_t5610,0.0
PS5_t5611,0.0
PS5_t5612,0.0
PS5_t5613,0.0
PS5_t5614,0.0
PS5_t5615,0.0
PS5_t5616,0.0
PS5_t5665,0.0
PS5_t5666,0.0
PS5_t5667,0.0
PS5_t5668,0.0
PS5_t5669,0.0
PS5_t5670,0.0
PS5_t5671,0.0
PS5_t5672,0.0
PS5_t5657,0.0
PS5_t5658,0.0
PS5_t5659,0.0
PS5_t5660,0.0
PS5_t5661,0.0
PS5_t5662,0.0
PS5_t5663,0.0
PS5_t5664,0.0
PS5_t5649,0.0
PS5_t5650,0.0
PS5_t5651,0.0
PS5_t5652,0.0
PS5_t5653,0.0
PS5_t5654,0.0
PS5_t5655,0.0
PS5_t5656,0.0
PS5_t5641,0.0
PS5_t5642,0.0
PS5_t5643,0.0
PS5_t5644,0.0
PS5_t5645,0.0
PS5_t5646,0.0
PS5_t5647,0.0
PS5_t5648,0.0
PS5_t5697,0.0
PS5_t5698,0.0
PS5_t5699,0.0
PS5_t5700,0.0
PS5_t5701,0.0
PS5_t5702,0.0
PS5_t5703,0.0
PS5_t5704,0.0
PS5_t5689,0.0
PS5_t5690,0.0
PS5_t5691,0.0
PS5_t5692,0.0
PS5_t5693,0.0
PS5_t5694,0.0
PS5_t5695,0.0
PS5_t5696,0.0
PS5_t5681,0.0
PS5_t5682,0.0
PS5_t5683,0.0
PS5_t5684,0.0
PS5_t5685,0.0
PS5_t5686,0.0
PS5_t5687,0.0
PS5_t5688,0.0
PS5_t5673,0.0
PS5_t5674,0.0
PS5_t5675,0.0
PS5_t5676,0.0
PS5_t5677,0.0
PS5_t5678,0.0
PS5_t5679,0.0
PS5_t5680,0.0
PS5_t5729,0.0
PS5_t5730,0.0
PS5_t5731,0.0
PS5_t5732,0.0
PS5_t5733,0.0
PS5_t5734,0.0
PS5_t5735,0.0
PS5_t5736,0.0
PS5_t5721,0.0
PS5_t5722,0.0
PS5_t5723,0.0
PS5_t5724,0.0
PS5_t5725,0.0
PS5_t5726,0.0
PS5_t5727,0.0
PS5_t5728,0.0
PS5_t5713,0.0
PS5_t5714,0.0
PS5_t5715,0.0
PS5_t5716,0.0
PS5_t5717,0.0
PS5_t5718,0.0
PS5_t5719,0.0
PS5_t5720,0.0
PS5_t5705,0.0
PS5_t5706,0.0
PS5_t5707,0.0
PS5_t5708,0.0
PS5_t5709,0.0
PS5_t5710,0.0
PS5_t5711,0.0
PS5_t5712,0.0
PS5_t5761,0.0
PS5_t5762,0.0
PS5_t5763,0.0
PS5_t5764,0.0
PS5_t5765,0.0
PS5_t5766,0.0
PS5_t5767,0.0
PS5_t5768,0.0
PS5_t5753,0.0
PS5_t5754,0.0
PS5_t5755,0.0
PS5_t5756,0.0
PS5_t5757,0.0
PS5_t5758,0.0
PS5_t5759,0.0
PS5_t5760,0.0
PS5_t5745,0.0
PS5_t5746,0.0
PS5_t5747,0.0
PS5_t5748,0.0
PS5_t5749,0.0
PS5_t5750,0.0
PS5_t5751,0.0
PS5_t5752,0.0
PS5_t5737,0.0
PS5_t5738,0.0
PS5_t5739,0.0
PS5_t5740,0.0
PS5_t5741,0.0
PS5_t5742,0.0
PS5_t5743,0.0
PS5_t5744,0.0
PS5_t5793,0.0
PS5_t5794,0.0
PS5_t5795,0.0
PS5_t5796,0.0
PS5_t5797,0.0
PS5_t5798,0.0
PS5_t5799,0.0
PS5_t5800,0.0
PS5_t5785,0.0
PS5_t5786,0.0
PS5_t5787,0.0
PS5_t5788,0.0
PS5_t5789,0.0
PS5_t5790,0.0
PS5_t5791,0.0
PS5_t5792,0.0
PS5_t5777,0.0
PS5_t5778,0.0
PS5_t5779,0.0
PS5_t5780,0.0
PS5_t5781,0.0
PS5_t5782,0.0
PS5_t5783,0.0
PS5_t5784,0.0
PS5_t5769,0.0
PS5_t5770,0.0
PS5_t5771,0.0
PS5_t5772,0.0
PS5_t5773,0.0
PS5_t5774,0.0
PS5_t5775,0.0
PS5_t5776,0.0
PS5_t5825,0.0
PS5_t5826,0.0
PS5_t5827,0.0
PS5_t5828,0.0
PS5_t5829,0.0
PS5_t5830,0.0
PS5_t5831,0.0
PS5_t5832,0.0
PS5_t5817,0.0
PS5_t5818,0.0
PS5_t5819,0.0
PS5_t5820,0.0
PS5_t5821,0.0
PS5_t5822,0.0
PS5_t5823,0.0
PS5_t5824,0.0
PS5_t5809,0.0
PS5_t5810,0.0
PS5_t5811,0.0
PS5_t5812,0.0
PS5_t5813,0.0
PS5_t5814,0.0
PS5_t5815,0.0
PS5_t5816,0.0
PS5_t5801,0.0
PS5_t5802,0.0
PS5_t5803,0.0
PS5_t5804,0.0
PS5_t5805,0.0
PS5_t5806,0.0
PS5_t5807,0.0
PS5_t5808,0.0
PS5_t5857,0.0
PS5_t5858,0.0
PS5_t5859,0.0
PS5_t5860,0.0
PS5_t5861,0.0
PS5_t5862,0.0
PS5_t5863,0.0
PS5_t5864,0.0
PS5_t5849,0.0
PS5_t5850,0.0
PS5_t5851,0.0
PS5_t5852,0.0
PS5_t5853,0.0
PS5_t5854,0.0
PS5_t5855,0.0
PS5_t5856,0.0
PS5_t5841,0.0
PS5_t5842,0.0
PS5_t5843,0.0
PS5_t5844,0.0
PS5_t5845,0.0
PS5_t5846,0.0
PS5_t5847,0.0
PS5_t5848,0.0
PS5_t5833,0.0
PS5_t5834,0.0
PS5_t5835,0.0
PS5_t5836,0.0
PS5_t5837,0.0
PS5_t5838,0.0
PS5_t5839,0.0
PS5_t5840,0.0
PS5_t5889,0.0
PS5_t5890,0.0
PS5_t5891,0.0
PS5_t5892,0.0
PS5_t5893,0.0
PS5_t5894,0.0
PS5_t5895,0.0
PS5_t5896,0.0
PS5_t5881,0.0
PS5_t5882,0.0
PS5_t5883,0.0
PS5_t5884,0.0
PS5_t5885,0.0
PS5_t5886,0.0
PS5_t5887,0.0
PS5_t5888,0.0
PS5_t5873,0.0
PS5_t5874,0.0
PS5_t5875,0.0
PS5_t5876,0.0
PS5_t5877,0.0
PS5_t5878,0.0
PS5_t5879,0.0
PS5_t5880,0.0
PS5_t5865,0.0
PS5_t5866,0.0
PS5_t5867,0.0
PS5_t5868,0.0
PS5_t5869,0.0
PS5_t5870,0.0
PS5_t5871,0.0
PS5_t5872,0.0
PS5_t5921,0.0
PS5_t5922,0.0
PS5_t5923,0.0
PS5_t5924,0.0
PS5_t5925,0.0
PS5_t5926,0.0
PS5_t5927,0.0
PS5_t5928,0.0
PS5_t5913,0.0
PS5_t5914,0.0
PS5_t5915,0.0
PS5_t5916,0.0
PS5_t5917,0.0
PS5_t5918,0.0
PS5_t5919,0.0
PS5_t5920,0.0
PS5_t5905,0.0
PS5_t5906,0.0
PS5_t5907,0.0
PS5_t5908,0.0
PS5_t5909,0.0
PS5_t5910,0.0
PS5_t5911,0.0
PS5_t5912,0.0
PS5_t5897,0.0
PS5_t5898,0.0
PS5_t5899,0.0
PS5_t5900,0.0
PS5_t5901,0.0
PS5_t5902,0.0
PS5_t5903,0.0
PS5_t5904,0.0
PS5_t5953,0.0
PS5_t5954,0.0
PS5_t5955,0.0
PS5_t5956,0.0
PS5_t5957,0.0
PS5_t5958,0.0
PS5_t5959,0.0
PS5_t5960,0.0
PS5_t5945,0.0
PS5_t5946,0.0
PS5_t5947,0.0
PS5_t5948,0.0
PS5_t5949,0.0
PS5_t5950,0.0
PS5_t5951,0.0
PS5_t5952,0.0
PS5_t5937,0.0
PS5_t5938,0.0
PS5_t5939,0.0
PS5_t5940,0.0
PS5_t5941,0.0
PS5_t5942,0.0
PS5_t5943,0.0
PS5_t5944,0.0
PS5_t5929,0.0
PS5_t5930,0.0
PS5_t5931,0.0
PS5_t5932,0.0
PS5_t5933,0.0
PS5_t5934,0.0
PS5_t5935,0.0
PS5_t5936,0.0
PS5_t5985,0.0
PS5_t5986,0.0
PS5_t5987,0.0
PS5_t5988,0.0
PS5_t5989,0.0
PS5_t5990,0.0
PS5_t5991,0.0
PS5_t5992,0.0
PS5_t5977,0.0
PS5_t5978,0.0
PS5_t5979,0.0
PS5_t5980,0.0
PS5_t5981,0.0
PS5_t5982,0.0
PS5_t5983,0.0
PS5_t5984,0.0
PS5_t5969,0.0
PS5_t5970,0.0
PS5_t5971,0.0
PS5_t5972,0.0
PS5_t5973,0.0
PS5_t5974,0.0
PS5_t5975,0.0
PS5_t5976,0.0
PS5_t5961,0.0
PS5_t5962,0.0
PS5_t5963,0.0
PS5_t5964,0.0
PS5_t5965,0.0
PS5_t5966,0.0
PS5_t5967,0.0
PS5_t5968,0.0
PS6_t17,0.0
PS6_t18,0.0
PS6_t19,0.0
PS6_t20,0.0
PS6_t21,0.0
PS6_t22,0.0
PS6_t23,0.0
PS6_t24,0.0
PS6_t9,0.0
PS6_t10,0.0
PS6_t11,0.0
PS6_t12,0.0
PS6_t13,0.0
PS6_t14,0.0
PS6_t15,0.0
PS6_t16,0.0
PS6_t1,0.0
PS6_t2,0.0
PS6_t3,0.0
PS6_t4,0.0
PS6_t5,0.0
PS6_t6,0.0
PS6_t7,0.0
PS6_t8,0.0
PS5_t5993,0.0
PS5_t5994,0.0
PS5_t5995,0.0
PS5_t5996,0.0
PS5_t5997,0.0
PS5_t5998,0.0
PS5_t5999,0.0
PS5_t6000,0.0
PS6_t49,0.0
PS6_t50,0.0
PS6_t51,0.0
PS6_t52,0.0
PS6_t53,0.0
PS6_t54,0.0
PS6_t55,0.0
PS6_t56,0.0
PS6_t41,0.0
PS6_t42,0.0
PS6_t43,0.0
PS6_t44,0.0
PS6_t45,0.0
PS6_t46,0.0
PS6_t47,0.0
PS6_t48,0.0
PS6_t33,0.0
PS6_t34,0.0
PS6_t35,0.0
PS6_t36,0.0
PS6_t37,0.0
PS6_t38,0.0
PS6_t39,0.0
PS6_t40,0.0
PS6_t25,0.0
PS6_t26,0.0
PS6_t27,0.0
PS6_t28,0.0
PS6_t29,0.0
PS6_t30,0.0
PS6_t31,0.0
PS6_t32,0.0
PS6_t81,0.0
PS6_t82,0.0
PS6_t83,0.0
PS6_t84,0.0
PS6_t85,0.0
PS6_t86,0.0
PS6_t87,0.0
PS6_t88,0.0
PS6_t73,0.0
PS6_t74,0.0
PS6_t75,0.0
PS6_t76,0.0
PS6_t77,0.0
PS6_t78,0.0
PS6_t79,0.0
PS6_t80,0.0
PS6_t65,0.0
PS6_t66,0.0
PS6_t67,0.0
PS6_t68,0.0
PS6_t69,0.0
PS6_t70,0.0
PS6_t71,0.0
PS6_t72,0.0
PS6_t57,0.0
PS6_t58,0.0
PS6_t59,0.0
PS6_t60,0.0
PS6_t61,0.0
PS6_t62,0.0
PS6_t63,0.0
PS6_t64,0.0
PS6_t113,0.0
PS6_t114,0.0
PS6_t115,0.0
PS6_t116,0.0
PS6_t117,0.0
PS6_t118,0.0
PS6_t119,0.0
PS6_t120,0.0
PS6_t105,0.0
PS6_t106,0.0
PS6_t107,0.0
PS6_t108,0.0
PS6_t109,0.0
PS6_t110,0.0
PS6_t111,0.0
PS6_t112,0.0
PS6_t97,0.0
PS6_t98,0.0
PS6_t99,0.0
PS6_t100,0.0
PS6_t101,0.0
PS6_t102,0.0
PS6_t103,0.0
PS6_t104,0.0
PS6_t89,0.0
PS6_t90,0.0
PS6_t91,0.0
PS6_t92,0.0
PS6_t93,0.0
PS6_t94,0.0
PS6_t95,0.0
PS6_t96,0.0
PS6_t145,0.0
PS6_t146,0.0
PS6_t147,0.0
PS6_t148,0.0
PS6_t149,0.0
PS6_t150,0.0
PS6_t151,0.0
PS6_t152,0.0
PS6_t137,0.0
PS6_t138,0.0
PS6_t139,0.0
PS6_t140,0.0
PS6_t141,0.0
PS6_t142,0.0
PS6_t143,0.0
PS6_t144,0.0
PS6_t129,0.0
PS6_t130,0.0
PS6_t131,0.0
PS6_t132,0.0
PS6_t133,0.0
PS6_t134,0.0
PS6_t135,0.0
PS6_t136,0.0
PS6_t121,0.0
PS6_t122,0.0
PS6_t123,0.0
PS6_t124,0.0
PS6_t125,0.0
PS6_t126,0.0
PS6_t127,0.0
PS6_t128,0.0
PS6_t177,0.0
PS6_t178,0.0
PS6_t179,0.0
PS6_t180,0.0
PS6_t181,0.0
PS6_t182,0.0
PS6_t183,0.0
PS6_t184,0.0
PS6_t169,0.0
PS6_t170,0.0
PS6_t171,0.0
PS6_t172,0.0
PS6_t173,0.0
PS6_t174,0.0
PS6_t175,0.0
PS6_t176,0.0
PS6_t161,0.0
PS6_t162,0.0
PS6_t163,0.0
PS6_t164,0.0
PS6_t165,0.0
PS6_t166,0.0
PS6_t167,0.0
PS6_t168,0.0
PS6_t153,0.0
PS6_t154,0.0
PS6_t155,0.0
PS6_t156,0.0
PS6_t157,0.0
PS6_t158,0.0
PS6_t159,0.0
PS6_t160,0.0
PS6_t209,0.0
PS6_t210,0.0
PS6_t211,0.0
PS6_t212,0.0
PS6_t213,0.0
PS6_t214,0.0
PS6_t215,0.0
PS6_t216,0.0
PS6_t201,0.0
PS6_t202,0.0
PS6_t203,0.0
PS6_t204,0.0
PS6_t205,0.0
PS6_t206,0.0
PS6_t207,0.0
PS6_t208,0.0
PS6_t193,0.0
PS6_t194,0.0
PS6_t195,0.0
PS6_t196,0.0
PS6_t197,0.0
PS6_t198,0.0
PS6_t199,0.0
PS6_t200,0.0
PS6_t185,0.0
PS6_t186,0.0
PS6_t187,0.0
PS6_t188,0.0
PS6_t189,0.0
PS6_t190,0.0
PS6_t191,0.0
PS6_t192,0.0
PS6_t241,0.0
PS6_t242,0.0
PS6_t243,0.0
PS6_t244,0.0
PS6_t245,0.0
PS6_t246,0.0
PS6_t247,0.0
PS6_t248,0.0
PS6_t233,0.0
PS6_t234,0.0
PS6_t235,0.0
PS6_t236,0.0
PS6_t237,0.0
PS6_t238,0.0
PS6_t239,0.0
PS6_t240,0.0
PS6_t225,0.0
PS6_t226,0.0
PS6_t227,0.0
PS6_t228,0.0
PS6_t229,0.0
PS6_t230,0.0
PS6_t231,0.0
PS6_t232,0.0
PS6_t217,0.0
PS6_t218,0.0
PS6_t219,0.0
PS6_t220,0.0
PS6_t221,0.0
PS6_t222,0.0
PS6_t223,0.0
PS6_t224,0.0
PS6_t273,0.0
PS6_t274,0.0
PS6_t275,0.0
PS6_t276,0.0
PS6_t277,0.0
PS6_t278,0.0
PS6_t279,0.0
PS6_t280,0.0
PS6_t265,0.0
PS6_t266,0.0
PS6_t267,0.0
PS6_t268,0.0
PS6_t269,0.0
PS6_t270,0.0
PS6_t271,0.0
PS6_t272,0.0
PS6_t257,0.0
PS6_t258,0.0
PS6_t259,0.0
PS6_t260,0.0
PS6_t261,0.0
PS6_t262,0.0
PS6_t263,0.0
PS6_t264,0.0
PS6_t249,0.0
PS6_t250,0.0
PS6_t251,0.0
PS6_t252,0.0
PS6_t253,0.0
PS6_t254,0.0
PS6_t255,0.0
PS6_t256,0.0
PS6_t305,0.0
PS6_t306,0.0
PS6_t307,0.0
PS6_t308,0.0
PS6_t309,0.0
PS6_t310,0.0
PS6_t311,0.0
PS6_t312,0.0
PS6_t297,0.0
PS6_t298,0.0
PS6_t299,0.0
PS6_t300,0.0
PS6_t301,0.0
PS6_t302,0.0
PS6_t303,0.0
PS6_t304,0.0
PS6_t289,0.0
PS6_t290,0.0
PS6_t291,0.0
PS6_t292,0.0
PS6_t293,0.0
PS6_t294,0.0
PS6_t295,0.0
PS6_t296,0.0
PS6_t281,0.0
PS6_t282,0.0
PS6_t283,0.0
PS6_t284,0.0
PS6_t285,0.0
PS6_t286,0.0
PS6_t287,0.0
PS6_t288,0.0
PS6_t337,0.0
PS6_t338,0.0
PS6_t339,0.0
PS6_t340,0.0
PS6_t341,0.0
PS6_t342,0.0
PS6_t343,0.0
PS6_t344,0.0
PS6_t329,0.0
PS6_t330,0.0
PS6_t331,0.0
PS6_t332,0.0
PS6_t333,0.0
PS6_t334,0.0
PS6_t335,0.0
PS6_t336,0.0
PS6_t321,0.0
PS6_t322,0.0
PS6_t323,0.0
PS6_t324,0.0
PS6_t325,0.0
PS6_t326,0.0
PS6_t327,0.0
PS6_t328,0.0
PS6_t313,0.0
PS6_t314,0.0
PS6_t315,0.0
PS6_t316,0.0
PS6_t317,0.0
PS6_t318,0.0
PS6_t319,0.0
PS6_t320,0.0
PS6_t369,0.0
PS6_t370,0.0
PS6_t371,0.0
PS6_t372,0.0
PS6_t373,0.0
PS6_t374,0.0
PS6_t375,0.0
PS6_t376,0.0
PS6_t361,0.0
PS6_t362,0.0
PS6_t363,0.0
PS6_t364,0.0
PS6_t365,0.0
PS6_t366,0.0
PS6_t367,0.0
PS6_t368,0.0
PS6_t353,0.0
PS6_t354,0.0
PS6_t355,0.0
PS6_t356,0.0
PS6_t357,0.0
PS6_t358,0.0
PS6_t359,0.0
PS6_t360,0.0
PS6_t345,0.0
PS6_t346,0.0
PS6_t347,0.0
PS6_t348,0.0
PS6_t349,0.0
PS6_t350,0.0
PS6_t351,0.0
PS6_t352,0.0
PS6_t401,0.0
PS6_t402,0.0
PS6_t403,0.0
PS6_t404,0.0
PS6_t405,0.0
PS6_t406,0.0
PS6_t407,0.0
PS6_t408,0.0
PS6_t393,0.0
PS6_t394,0.0
PS6_t395,0.0
PS6_t396,0.0
PS6_t397,0.0
PS6_t398,0.0
PS6_t399,0.0
PS6_t400,0.0
PS6_t385,0.0
PS6_t386,0.0
PS6_t387,0.0
PS6_t388,0.0
PS6_t389,0.0
PS6_t390,0.0
PS6_t391,0.0
PS6_t392,0.0
PS6_t377,0.0
PS6_t378,0.0
PS6_t379,0.0
PS6_t380,0.0
PS6_t381,0.0
PS6_t382,0.0
PS6_t383,0.0
PS6_t384,0.0
PS6_t433,0.0
PS6_t434,0.0
PS6_t435,0.0
PS6_t436,0.0
PS6_t437,0.0
PS6_t438,0.0
PS6_t439,0.0
PS6_t440,0.0
PS6_t425,0.0
PS6_t426,0.0
PS6_t427,0.0
PS6_t428,0.0
PS6_t429,0.0
PS6_t430,0.0
PS6_t431,0.0
PS6_t432,0.0
PS6_t417,0.0
PS6_t418,0.0
PS6_t419,0.0
PS6_t420,0.0
PS6_t421,0.0
PS6_t422,0.0
PS6_t423,0.0
PS6_t424,0.0
PS6_t409,0.0
PS6_t410,0.0
PS6_t411,0.0
PS6_t412,0.0
PS6_t413,0.0
PS6_t414,0.0
PS6_t415,0.0
PS6_t416,0.0
PS6_t465,0.0
PS6_t466,0.0
PS6_t467,0.0
PS6_t468,0.0
PS6_t469,0.0
PS6_t470,0.0
PS6_t471,0.0
PS6_t472,0.0
PS6_t457,0.0
PS6_t458,0.0
PS6_t459,0.0
PS6_t460,0.0
PS6_t461,0.0
PS6_t462,0.0
PS6_t463,0.0
PS6_t464,0.0
PS6_t449,0.0
PS6_t450,0.0
PS6_t451,0.0
PS6_t452,0.0
PS6_t453,0.0
PS6_t454,0.0
PS6_t455,0.0
PS6_t456,0.0
PS6_t441,0.0
PS6_t442,0.0
PS6_t443,0.0
PS6_t444,0.0
PS6_t445,0.0
PS6_t446,0.0
PS6_t447,0.0
PS6_t448,0.0
PS6_t497,0.0
PS6_t498,0.0
PS6_t499,0.0
PS6_t500,0.0
PS6_t501,0.0
PS6_t502,0.0
PS6_t503,0.0
PS6_t504,0.0
PS6_t489,0.0
PS6_t490,0.0
PS6_t491,0.0
PS6_t492,0.0
PS6_t493,0.0
PS6_t494,0.0
PS6_t495,0.0
PS6_t496,0.0
PS6_t481,0.0
PS6_t482,0.0
PS6_t483,0.0
PS6_t484,0.0
PS6_t485,0.0
PS6_t486,0.0
PS6_t487,0.0
PS6_t488,0.0
PS6_t473,0.0
PS6_t474,0.0
PS6_t475,0.0
PS6_t476,0.0
PS6_t477,0.0
PS6_t478,0.0
PS6_t479,0.0
PS6_t480,0.0
PS6_t529,0.0
PS6_t530,0.0
PS6_t531,0.0
PS6_t532,0.0
PS6_t533,0.0
PS6_t534,0.0
PS6_t535,0.0
PS6_t536,0.0
PS6_t521,0.0
PS6_t522,0.0
PS6_t523,0.0
PS6_t524,0.0
PS6_t525,0.0
PS6_t526,0.0
PS6_t527,0.0
PS6_t528,0.0
PS6_t513,0.0
PS6_t514,0.0
PS6_t515,0.0
PS6_t516,0.0
PS6_t517,0.0
PS6_t518,0.0
PS6_t519,0.0
PS6_t520,0.0
PS6_t505,0.0
PS6_t506,0.0
PS6_t507,0.0
PS6_t508,0.0
PS6_t509,0.0
PS6_t510,0.0
PS6_t511,0.0
PS6_t512,0.0
PS6_t561,0.0
PS6_t562,0.0
PS6_t563,0.0
PS6_t564,0.0
PS6_t565,0.0
PS6_t566,0.0
PS6_t567,0.0
PS6_t568,0.0
PS6_t553,0.0
PS6_t554,0.0
PS6_t555,0.0
PS6_t556,0.0
PS6_t557,0.0
PS6_t558,0.0
PS6_t559,0.0
PS6_t560,0.0
PS6_t545,0.0
PS6_t546,0.0
PS6_t547,0.0
PS6_t548,0.0
PS6_t549,0.0
PS6_t550,0.0
PS6_t551,0.0
PS6_t552,0.0
PS6_t537,0.0
PS6_t538,0.0
PS6_t539,0.0
PS6_t540,0.0
PS6_t541,0.0
PS6_t542,0.0
PS6_t543,0.0
PS6_t544,0.0
PS6_t593,0.0
PS6_t594,0.0
PS6_t595,0.0
PS6_t596,0.0
PS6_t597,0.0
PS6_t598,0.0
PS6_t599,0.0
PS6_t600,0.0
PS6_t585,0.0
PS6_t586,0.0
PS6_t587,0.0
PS6_t588,0.0
PS6_t589,0.0
PS6_t590,0.0
PS6_t591,0.0
PS6_t592,0.0
PS6_t577,0.0
PS6_t578,0.0
PS6_t579,0.0
PS6_t580,0.0
PS6_t581,0.0
PS6_t582,0.0
PS6_t583,0.0
PS6_t584,0.0
PS6_t569,0.0
PS6_t570,0.0
PS6_t571,0.0
PS6_t572,0.0
PS6_t573,0.0
PS6_t574,0.0
PS6_t575,0.0
PS6_t576,0.0
PS6_t625,0.0
PS6_t626,0.0
PS6_t627,0.0
PS6_t628,0.0
PS6_t629,0.0
PS6_t630,0.0
PS6_t631,0.0
PS6_t632,0.0
PS6_t617,0.0
PS6_t618,0.0
PS6_t619,0.0
PS6_t620,0.0
PS6_t621,0.0
PS6_t622,0.0
PS6_t623,0.0
PS6_t624,0.0
PS6_t609,0.0
PS6_t610,0.0
PS6_t611,0.0
PS6_t612,0.0
PS6_t613,0.0
PS6_t614,0.0
PS6_t615,0.0
PS6_t616,0.0
PS6_t601,0.0
PS6_t602,0.0
PS6_t603,0.0
PS6_t604,0.0
PS6_t605,0.0
PS6_t606,0.0
PS6_t607,0.0
PS6_t608,0.0
PS6_t657,0.0
PS6_t658,0.0
PS6_t659,0.0
PS6_t660,0.0
PS6_t661,0.0
PS6_t662,0.0
PS6_t663,0.0
PS6_t664,0.0
PS6_t649,0.0
PS6_t650,0.0
PS6_t651,0.0
PS6_t652,0.0
PS6_t653,0.0
PS6_t654,0.0
PS6_t655,0.0
PS6_t656,0.0
PS6_t641,0.0
PS6_t642,0.0
PS6_t643,0.0
PS6_t644,0.0
PS6_t645,0.0
PS6_t646,0.0
PS6_t647,0.0
PS6_t648,0.0
PS6_t633,0.0
PS6_t634,0.0
PS6_t635,0.0
PS6_t636,0.0
PS6_t637,0.0
PS6_t638,0.0
PS6_t639,0.0
PS6_t640,0.0
PS6_t689,0.0
PS6_t690,0.0
PS6_t691,0.0
PS6_t692,0.0
PS6_t693,0.0
PS6_t694,0.0
PS6_t695,0.0
PS6_t696,0.0
PS6_t681,0.0
PS6_t682,0.0
PS6_t683,0.0
PS6_t684,0.0
PS6_t685,0.0
PS6_t686,0.0
PS6_t687,0.0
PS6_t688,0.0
PS6_t673,0.0
PS6_t674,0.0
PS6_t675,0.0
PS6_t676,0.0
PS6_t677,0.0
PS6_t678,0.0
PS6_t679,0.0
PS6_t680,0.0
PS6_t665,0.0
PS6_t666,0.0
PS6_t667,0.0
PS6_t668,0.0
PS6_t669,0.0
PS6_t670,0.0
PS6_t671,0.0
PS6_t672,0.0
PS6_t721,0.0
PS6_t722,0.0
PS6_t723,0.0
PS6_t724,0.0
PS6_t725,0.0
PS6_t726,0.0
PS6_t727,0.0
PS6_t728,0.0
PS6_t713,0.0
PS6_t714,0.0
PS6_t715,0.0
PS6_t716,0.0
PS6_t717,0.0
PS6_t718,0.0
PS6_t719,0.0
PS6_t720,0.0
PS6_t705,0.0
PS6_t706,0.0
PS6_t707,0.0
PS6_t708,0.0
PS6_t709,0.0
PS6_t710,0.0
PS6_t711,0.0
PS6_t712,0.0
PS6_t697,0.0
PS6_t698,0.0
PS6_t699,0.0
PS6_t700,0.0
PS6_t701,0.0
PS6_t702,0.0
PS6_t703,0.0
PS6_t704,0.0
PS6_t753,0.0
PS6_t754,0.0
PS6_t755,0.0
PS6_t756,0.0
PS6_t757,0.0
PS6_t758,0.0
PS6_t759,0.0
PS6_t760,0.0
PS6_t745,0.0
PS6_t746,0.0
PS6_t747,0.0
PS6_t748,0.0
PS6_t749,0.0
PS6_t750,0.0
PS6_t751,0.0
PS6_t752,0.0
PS6_t737,0.0
PS6_t738,0.0
PS6_t739,0.0
PS6_t740,0.0
PS6_t741,0.0
PS6_t742,0.0
PS6_t743,0.0
PS6_t744,0.0
PS6_t729,0.0
PS6_t730,0.0
PS6_t731,0.0
PS6_t732,0.0
PS6_t733,0.0
PS6_t734,0.0
PS6_t735,0.0
PS6_t736,0.0
PS6_t785,0.0
PS6_t786,0.0
PS6_t787,0.0
PS6_t788,0.0
PS6_t789,0.0
PS6_t790,0.0
PS6_t791,0.0
PS6_t792,0.0
PS6_t777,0.0
PS6_t778,0.0
PS6_t779,0.0
PS6_t780,0.0
PS6_t781,0.0
PS6_t782,0.0
PS6_t783,0.0
PS6_t784,0.0
PS6_t769,0.0
PS6_t770,0.0
PS6_t771,0.0
PS6_t772,0.0
PS6_t773,0.0
PS6_t774,0.0
PS6_t775,0.0
PS6_t776,0.0
PS6_t761,0.0
PS6_t762,0.0
PS6_t763,0.0
PS6_t764,0.0
PS6_t765,0.0
PS6_t766,0.0
PS6_t767,0.0
PS6_t768,0.0
PS6_t817,0.0
PS6_t818,0.0
PS6_t819,0.0
PS6_t820,0.0
PS6_t821,0.0
PS6_t822,0.0
PS6_t823,0.0
PS6_t824,0.0
PS6_t809,0.0
PS6_t810,0.0
PS6_t811,0.0
PS6_t812,0.0
PS6_t813,0.0
PS6_t814,0.0
PS6_t815,0.0
PS6_t816,0.0
PS6_t801,0.0
PS6_t802,0.0
PS6_t803,0.0
PS6_t804,0.0
PS6_t805,0.0
PS6_t806,0.0
PS6_t807,0.0
PS6_t808,0.0
PS6_t793,0.0
PS6_t794,0.0
PS6_t795,0.0
PS6_t796,0.0
PS6_t797,0.0
PS6_t798,0.0
PS6_t799,0.0
PS6_t800,0.0
PS6_t849,0.0
PS6_t850,0.0
PS6_t851,0.0
PS6_t852,0.0
PS6_t853,0.0
PS6_t854,0.0
PS6_t855,0.0
PS6_t856,0.0
PS6_t841,0.0
PS6_t842,0.0
PS6_t843,0.0
PS6_t844,0.0
PS6_t845,0.0
PS6_t846,0.0
PS6_t847,0.0
PS6_t848,0.0
PS6_t833,0.0
PS6_t834,0.0
PS6_t835,0.0
PS6_t836,0.0
PS6_t837,0.0
PS6_t838,0.0
PS6_t839,0.0
PS6_t840,0.0
PS6_t825,0.0
PS6_t826,0.0
PS6_t827,0.0
PS6_t828,0.0
PS6_t829,0.0
PS6_t830,0.0
PS6_t831,0.0
PS6_t832,0.0
PS6_t881,0.0
PS6_t882,0.0
PS6_t883,0.0
PS6_t884,0.0
PS6_t885,0.0
PS6_t886,0.0
PS6_t887,0.0
PS6_t888,0.0
PS6_t873,0.0
PS6_t874,0.0
PS6_t875,0.0
PS6_t876,0.0
PS6_t877,0.0
PS6_t878,0.0
PS6_t879,0.0
PS6_t880,0.0
PS6_t865,0.0
PS6_t866,0.0
PS6_t867,0.0
PS6_t868,0.0
PS6_t869,0.0
PS6_t870,0.0
PS6_t871,0.0
PS6_t872,0.0
PS6_t857,0.0
PS6_t858,0.0
PS6_t859,0.0
PS6_t860,0.0
PS6_t861,0.0
PS6_t862,0.0
PS6_t863,0.0
PS6_t864,0.0
PS6_t913,0.0
PS6_t914,0.0
PS6_t915,0.0
PS6_t916,0.0
PS6_t917,0.0
PS6_t918,0.0
PS6_t919,0.0
PS6_t920,0.0
PS6_t905,0.0
PS6_t906,0.0
PS6_t907,0.0
PS6_t908,0.0
PS6_t909,0.0
PS6_t910,0.0
PS6_t911,0.0
PS6_t912,0.0
PS6_t897,0.0
PS6_t898,0.0
PS6_t899,0.0
PS6_t900,0.0
PS6_t901,0.0
PS6_t902,0.0
PS6_t903,0.0
PS6_t904,0.0
PS6_t889,0.0
PS6_t890,0.0
PS6_t891,0.0
PS6_t892,0.0
PS6_t893,0.0
PS6_t894,0.0
PS6_t895,0.0
PS6_t896,0.0
PS6_t945,0.0
PS6_t946,0.0
PS6_t947,0.0
PS6_t948,0.0
PS6_t949,0.0
PS6_t950,0.0
PS6_t951,0.0
PS6_t952,0.0
PS6_t937,0.0
PS6_t938,0.0
PS6_t939,0.0
PS6_t940,0.0
PS6_t941,0.0
PS6_t942,0.0
PS6_t943,0.0
PS6_t944,0.0
PS6_t929,0.0
PS6_t930,0.0
PS6_t931,0.0
PS6_t932,0.0
PS6_t933,0.0
PS6_t934,0.0
PS6_t935,0.0
PS6_t936,0.0
PS6_t921,0.0
PS6_t922,0.0
PS6_t923,0.0
PS6_t924,0.0
PS6_t925,0.0
PS6_t926,0.0
PS6_t927,0.0
PS6_t928,0.0
PS6_t977,0.0
PS6_t978,0.0
PS6_t979,0.0
PS6_t980,0.0
PS6_t981,0.0
PS6_t982,0.0
PS6_t983,0.0
PS6_t984,0.0
PS6_t969,0.0
PS6_t970,0.0
PS6_t971,0.0
PS6_t972,0.0
PS6_t973,0.0
PS6_t974,0.0
PS6_t975,0.0
PS6_t976,0.0
PS6_t961,0.0
PS6_t962,0.0
PS6_t963,0.0
PS6_t964,0.0
PS6_t965,0.0
PS6_t966,0.0
PS6_t967,0.0
PS6_t968,0.0
PS6_t953,0.0
PS6_t954,0.0
PS6_t955,0.0
PS6_t956,0.0
PS6_t957,0.0
PS6_t958,0.0
PS6_t959,0.0
PS6_t960,0.0
PS6_t1009,0.0
PS6_t1010,0.0
PS6_t1011,0.0
PS6_t1012,0.0
PS6_t1013,0.0
PS6_t1014,0.0
PS6_t1015,0.0
PS6_t1016,0.0
PS6_t1001,0.0
PS6_t1002,0.0
PS6_t1003,0.0
PS6_t1004,0.0
PS6_t1005,0.0
PS6_t1006,0.0
PS6_t1007,0.0
PS6_t1008,0.0
PS6_t993,0.0
PS6_t994,0.0
PS6_t995,0.0
PS6_t996,0.0
PS6_t997,0.0
PS6_t998,0.0
PS6_t999,0.0
PS6_t1000,0.0
PS6_t985,0.0
PS6_t986,0.0
PS6_t987,0.0
PS6_t988,0.0
PS6_t989,0.0
PS6_t990,0.0
PS6_t991,0.0
PS6_t992,0.0
PS6_t1041,0.0
PS6_t1042,0.0
PS6_t1043,0.0
PS6_t1044,0.0
PS6_t1045,0.0
PS6_t1046,0.0
PS6_t1047,0.0
PS6_t1048,0.0
PS6_t1033,0.0
PS6_t1034,0.0
PS6_t1035,0.0
PS6_t1036,0.0
PS6_t1037,0.0
PS6_t1038,0.0
PS6_t1039,0.0
PS6_t1040,0.0
PS6_t1025,0.0
PS6_t1026,0.0
PS6_t1027,0.0
PS6_t1028,0.0
PS6_t1029,0.0
PS6_t1030,0.0
PS6_t1031,0.0
PS6_t1032,0.0
PS6_t1017,0.0
PS6_t1018,0.0
PS6_t1019,0.0
PS6_t1020,0.0
PS6_t1021,0.0
PS6_t1022,0.0
PS6_t1023,0.0
PS6_t1024,0.0
PS6_t1073,0.0
PS6_t1074,0.0
PS6_t1075,0.0
PS6_t1076,0.0
PS6_t1077,0.0
PS6_t1078,0.0
PS6_t1079,0.0
PS6_t1080,0.0
PS6_t1065,0.0
PS6_t1066,0.0
PS6_t1067,0.0
PS6_t1068,0.0
PS6_t1069,0.0
PS6_t1070,0.0
PS6_t1071,0.0
PS6_t1072,0.0
PS6_t1057,0.0
PS6_t1058,0.0
PS6_t1059,0.0
PS6_t1060,0.0
PS6_t1061,0.0
PS6_t1062,0.0
PS6_t1063,0.0
PS6_t1064,0.0
PS6_t1049,0.0
PS6_t1050,0.0
PS6_t1051,0.0
PS6_t1052,0.0
PS6_t1053,0.0
PS6_t1054,0.0
PS6_t1055,0.0
PS6_t1056,0.0
PS6_t1105,0.0
PS6_t1106,0.0
PS6_t1107,0.0
PS6_t1108,0.0
PS6_t1109,0.0
PS6_t1110,0.0
PS6_t1111,0.0
PS6_t1112,0.0
PS6_t1097,0.0
PS6_t1098,0.0
PS6_t1099,0.0
PS6_t1100,0.0
PS6_t1101,0.0
PS6_t1102,0.0
PS6_t1103,0.0
PS6_t1104,0.0
PS6_t1089,0.0
PS6_t1090,0.0
PS6_t1091,0.0
PS6_t1092,0.0
PS6_t1093,0.0
PS6_t1094,0.0
PS6_t1095,0.0
PS6_t1096,0.0
PS6_t1081,0.0
PS6_t1082,0.0
PS6_t1083,0.0
PS6_t1084,0.0
PS6_t1085,0.0
PS6_t1086,0.0
PS6_t1087,0.0
PS6_t1088,0.0
PS6_t1137,0.0
PS6_t1138,0.0
PS6_t1139,0.0
PS6_t1140,0.0
PS6_t1141,0.0
PS6_t1142,0.0
PS6_t1143,0.0
PS6_t1144,0.0
PS6_t1129,0.0
PS6_t1130,0.0
PS6_t1131,0.0
PS6_t1132,0.0
PS6_t1133,0.0
PS6_t1134,0.0
PS6_t1135,0.0
PS6_t1136,0.0
PS6_t1121,0.0
PS6_t1122,0.0
PS6_t1123,0.0
PS6_t1124,0.0
PS6_t1125,0.0
PS6_t1126,0.0
PS6_t1127,0.0
PS6_t1128,0.0
PS6_t1113,0.0
PS6_t1114,0.0
PS6_t1115,0.0
PS6_t1116,0.0
PS6_t1117,0.0
PS6_t1118,0.0
PS6_t1119,0.0
PS6_t1120,0.0
PS6_t1169,0.0
PS6_t1170,0.0
PS6_t1171,0.0
PS6_t1172,0.0
PS6_t1173,0.0
PS6_t1174,0.0
PS6_t1175,0.0
PS6_t1176,0.0
PS6_t1161,0.0
PS6_t1162,0.0
PS6_t1163,0.0
PS6_t1164,0.0
PS6_t1165,0.0
PS6_t1166,0.0
PS6_t1167,0.0
PS6_t1168,0.0
PS6_t1153,0.0
PS6_t1154,0.0
PS6_t1155,0.0
PS6_t1156,0.0
PS6_t1157,0.0
PS6_t1158,0.0
PS6_t1159,0.0
PS6_t1160,0.0
PS6_t1145,0.0
PS6_t1146,0.0
PS6_t1147,0.0
PS6_t1148,0.0
PS6_t1149,0.0
PS6_t1150,0.0
PS6_t1151,0.0
PS6_t1152,0.0
PS6_t1201,0.0
PS6_t1202,0.0
PS6_t1203,0.0
PS6_t1204,0.0
PS6_t1205,0.0
PS6_t1206,0.0
PS6_t1207,0.0
PS6_t1208,0.0
PS6_t1193,0.0
PS6_t1194,0.0
PS6_t1195,0.0
PS6_t1196,0.0
PS6_t1197,0.0
PS6_t1198,0.0
PS6_t1199,0.0
PS6_t1200,0.0
PS6_t1185,0.0
PS6_t1186,0.0
PS6_t1187,0.0
PS6_t1188,0.0
PS6_t1189,0.0
PS6_t1190,0.0
PS6_t1191,0.0
PS6_t1192,0.0
PS6_t1177,0.0
PS6_t1178,0.0
PS6_t1179,0.0
PS6_t1180,0.0
PS6_t1181,0.0
PS6_t1182,0.0
PS6_t1183,0.0
PS6_t1184,0.0
PS6_t1233,0.0
PS6_t1234,0.0
PS6_t1235,0.0
PS6_t1236,0.0
PS6_t1237,0.0
PS6_t1238,0.0
PS6_t1239,0.0
PS6_t1240,0.0
PS6_t1225,0.0
PS6_t1226,0.0
PS6_t1227,0.0
PS6_t1228,0.0
PS6_t1229,0.0
PS6_t1230,0.0
PS6_t1231,0.0
PS6_t1232,0.0
PS6_t1217,0.0
PS6_t1218,0.0
PS6_t1219,0.0
PS6_t1220,0.0
PS6_t1221,0.0
PS6_t1222,0.0
PS6_t1223,0.0
PS6_t1224,0.0
PS6_t1209,0.0
PS6_t1210,0.0
PS6_t1211,0.0
PS6_t1212,0.0
PS6_t1213,0.0
PS6_t1214,0.0
PS6_t1215,0.0
PS6_t1216,0.0
PS6_t1265,0.0
PS6_t1266,0.0
PS6_t1267,0.0
PS6_t1268,0.0
PS6_t1269,0.0
PS6_t1270,0.0
PS6_t1271,0.0
PS6_t1272,0.0
PS6_t1257,0.0
PS6_t1258,0.0
PS6_t1259,0.0
PS6_t1260,0.0
PS6_t1261,0.0
PS6_t1262,0.0
PS6_t1263,0.0
PS6_t1264,0.0
PS6_t1249,0.0
PS6_t1250,0.0
PS6_t1251,0.0
PS6_t1252,0.0
PS6_t1253,0.0
PS6_t1254,0.0
PS6_t1255,0.0
PS6_t1256,0.0
PS6_t1241,0.0
PS6_t1242,0.0
PS6_t1243,0.0
PS6_t1244,0.0
PS6_t1245,0.0
PS6_t1246,0.0
PS6_t1247,0.0
PS6_t1248,0.0
PS6_t1297,0.0
PS6_t1298,0.0
PS6_t1299,0.0
PS6_t1300,0.0
PS6_t1301,0.0
PS6_t1302,0.0
PS6_t1303,0.0
PS6_t1304,0.0
PS6_t1289,0.0
PS6_t1290,0.0
PS6_t1291,0.0
PS6_t1292,0.0
PS6_t1293,0.0
PS6_t1294,0.0
PS6_t1295,0.0
PS6_t1296,0.0
PS6_t1281,0.0
PS6_t1282,0.0
PS6_t1283,0.0
PS6_t1284,0.0
PS6_t1285,0.0
PS6_t1286,0.0
PS6_t1287,0.0
PS6_t1288,0.0
PS6_t1273,0.0
PS6_t1274,0.0
PS6_t1275,0.0
PS6_t1276,0.0
PS6_t1277,0.0
PS6_t1278,0.0
PS6_t1279,0.0
PS6_t1280,0.0
PS6_t1329,0.0
PS6_t1330,0.0
PS6_t1331,0.0
PS6_t1332,0.0
PS6_t1333,0.0
PS6_t1334,0.0
PS6_t1335,0.0
PS6_t1336,0.0
PS6_t1321,0.0
PS6_t1322,0.0
PS6_t1323,0.0
PS6_t1324,0.0
PS6_t1325,0.0
PS6_t1326,0.0
PS6_t1327,0.0
PS6_t1328,0.0
PS6_t1313,0.0
PS6_t1314,0.0
PS6_t1315,0.0
PS6_t1316,0.0
PS6_t1317,0.0
PS6_t1318,0.0
PS6_t1319,0.0
PS6_t1320,0.0
PS6_t1305,0.0
PS6_t1306,0.0
PS6_t1307,0.0
PS6_t1308,0.0
PS6_t1309,0.0
PS6_t1310,0.0
PS6_t1311,0.0
PS6_t1312,0.0
PS6_t1361,0.0
PS6_t1362,0.0
PS6_t1363,0.0
PS6_t1364,0.0
PS6_t1365,0.0
PS6_t1366,0.0
PS6_t1367,0.0
PS6_t1368,0.0
PS6_t1353,0.0
PS6_t1354,0.0
PS6_t1355,0.0
PS6_t1356,0.0
PS6_t1357,0.0
PS6_t1358,0.0
PS6_t1359,0.0
PS6_t1360,0.0
PS6_t1345,0.0
PS6_t1346,0.0
PS6_t1347,0.0
PS6_t1348,0.0
PS6_t1349,0.0
PS6_t1350,0.0
PS6_t1351,0.0
PS6_t1352,0.0
PS6_t1337,0.0
PS6_t1338,0.0
PS6_t1339,0.0
PS6_t1340,0.0
PS6_t1341,0.0
PS6_t1342,0.0
PS6_t1343,0.0
PS6_t1344,0.0
PS6_t1393,0.0
PS6_t1394,0.0
PS6_t1395,0.0
PS6_t1396,0.0
PS6_t1397,0.0
PS6_t1398,0.0
PS6_t1399,0.0
PS6_t1400,0.0
PS6_t1385,0.0
PS6_t1386,0.0
PS6_t1387,0.0
PS6_t1388,0.0
PS6_t1389,0.0
PS6_t1390,0.0
PS6_t1391,0.0
PS6_t1392,0.0
PS6_t1377,0.0
PS6_t1378,0.0
PS6_t1379,0.0
PS6_t1380,0.0
PS6_t1381,0.0
PS6_t1382,0.0
PS6_t1383,0.0
PS6_t1384,0.0
PS6_t1369,0.0
PS6_t1370,0.0
PS6_t1371,0.0
PS6_t1372,0.0
PS6_t1373,0.0
PS6_t1374,0.0
PS6_t1375,0.0
PS6_t1376,0.0
PS6_t1425,0.0
PS6_t1426,0.0
PS6_t1427,0.0
PS6_t1428,0.0
PS6_t1429,0.0
PS6_t1430,0.0
PS6_t1431,0.0
PS6_t1432,0.0
PS6_t1417,0.0
PS6_t1418,0.0
PS6_t1419,0.0
PS6_t1420,0.0
PS6_t1421,0.0
PS6_t1422,0.0
PS6_t1423,0.0
PS6_t1424,0.0
PS6_t1409,0.0
PS6_t1410,0.0
PS6_t1411,0.0
PS6_t1412,0.0
PS6_t1413,0.0
PS6_t1414,0.0
PS6_t1415,0.0
PS6_t1416,0.0
PS6_t1401,0.0
PS6_t1402,0.0
PS6_t1403,0.0
PS6_t1404,0.0
PS6_t1405,0.0
PS6_t1406,0.0
PS6_t1407,0.0
PS6_t1408,0.0
PS6_t1457,0.0
PS6_t1458,0.0
PS6_t1459,0.0
PS6_t1460,0.0
PS6_t1461,0.0
PS6_t1462,0.0
PS6_t1463,0.0
PS6_t1464,0.0
PS6_t1449,0.0
PS6_t1450,0.0
PS6_t1451,0.0
PS6_t1452,0.0
PS6_t1453,0.0
PS6_t1454,0.0
PS6_t1455,0.0
PS6_t1456,0.0
PS6_t1441,0.0
PS6_t1442,0.0
PS6_t1443,0.0
PS6_t1444,0.0
PS6_t1445,0.0
PS6_t1446,0.0
PS6_t1447,0.0
PS6_t1448,0.0
PS6_t1433,0.0
PS6_t1434,0.0
PS6_t1435,0.0
PS6_t1436,0.0
PS6_t1437,0.0
PS6_t1438,0.0
PS6_t1439,0.0
PS6_t1440,0.0
PS6_t1489,0.0
PS6_t1490,0.0
PS6_t1491,0.0
PS6_t1492,0.0
PS6_t1493,0.0
PS6_t1494,0.0
PS6_t1495,0.0
PS6_t1496,0.0
PS6_t1481,0.0
PS6_t1482,0.0
PS6_t1483,0.0
PS6_t1484,0.0
PS6_t1485,0.0
PS6_t1486,0.0
PS6_t1487,0.0
PS6_t1488,0.0
PS6_t1473,0.0
PS6_t1474,0.0
PS6_t1475,0.0
PS6_t1476,0.0
PS6_t1477,0.0
PS6_t1478,0.0
PS6_t1479,0.0
PS6_t1480,0.0
PS6_t1465,0.0
PS6_t1466,0.0
PS6_t1467,0.0
PS6_t1468,0.0
PS6_t1469,0.0
PS6_t1470,0.0
PS6_t1471,0.0
PS6_t1472,0.0
PS6_t1521,0.0
PS6_t1522,0.0
PS6_t1523,0.0
PS6_t1524,0.0
PS6_t1525,0.0
PS6_t1526,0.0
PS6_t1527,0.0
PS6_t1528,0.0
PS6_t1513,0.0
PS6_t1514,0.0
PS6_t1515,0.0
PS6_t1516,0.0
PS6_t1517,0.0
PS6_t1518,0.0
PS6_t1519,0.0
PS6_t1520,0.0
PS6_t1505,0.0
PS6_t1506,0.0
PS6_t1507,0.0
PS6_t1508,0.0
PS6_t1509,0.0
PS6_t1510,0.0
PS6_t1511,0.0
PS6_t1512,0.0
PS6_t1497,0.0
PS6_t1498,0.0
PS6_t1499,0.0
PS6_t1500,0.0
PS6_t1501,0.0
PS6_t1502,0.0
PS6_t1503,0.0
PS6_t1504,0.0
PS6_t1553,0.0
PS6_t1554,0.0
PS6_t1555,0.0
PS6_t1556,0.0
PS6_t1557,0.0
PS6_t1558,0.0
PS6_t1559,0.0
PS6_t1560,0.0
PS6_t1545,0.0
PS6_t1546,0.0
PS6_t1547,0.0
PS6_t1548,0.0
PS6_t1549,0.0
PS6_t1550,0.0
PS6_t1551,0.0
PS6_t1552,0.0
PS6_t1537,0.0
PS6_t1538,0.0
PS6_t1539,0.0
PS6_t1540,0.0
PS6_t1541,0.0
PS6_t1542,0.0
PS6_t1543,0.0
PS6_t1544,0.0
PS6_t1529,0.0
PS6_t1530,0.0
PS6_t1531,0.0
PS6_t1532,0.0
PS6_t1533,0.0
PS6_t1534,0.0
PS6_t1535,0.0
PS6_t1536,0.0
PS6_t1585,0.0
PS6_t1586,0.0
PS6_t1587,0.0
PS6_t1588,0.0
PS6_t1589,0.0
PS6_t1590,0.0
PS6_t1591,0.0
PS6_t1592,0.0
PS6_t1577,0.0
PS6_t1578,0.0
PS6_t1579,0.0
PS6_t1580,0.0
PS6_t1581,0.0
PS6_t1582,0.0
PS6_t1583,0.0
PS6_t1584,0.0
PS6_t1569,0.0
PS6_t1570,0.0
PS6_t1571,0.0
PS6_t1572,0.0
PS6_t1573,0.0
PS6_t1574,0.0
PS6_t1575,0.0
PS6_t1576,0.0
PS6_t1561,0.0
PS6_t1562,0.0
PS6_t1563,0.0
PS6_t1564,0.0
PS6_t1565,0.0
PS6_t1566,0.0
PS6_t1567,0.0
PS6_t1568,0.0
PS6_t1617,0.0
PS6_t1618,0.0
PS6_t1619,0.0
PS6_t1620,0.0
PS6_t1621,0.0
PS6_t1622,0.0
PS6_t1623,0.0
PS6_t1624,0.0
PS6_t1609,0.0
PS6_t1610,0.0
PS6_t1611,0.0
PS6_t1612,0.0
PS6_t1613,0.0
PS6_t1614,0.0
PS6_t1615,0.0
PS6_t1616,0.0
PS6_t1601,0.0
PS6_t1602,0.0
PS6_t1603,0.0
PS6_t1604,0.0
PS6_t1605,0.0
PS6_t1606,0.0
PS6_t1607,0.0
PS6_t1608,0.0
PS6_t1593,0.0
PS6_t1594,0.0
PS6_t1595,0.0
PS6_t1596,0.0
PS6_t1597,0.0
PS6_t1598,0.0
PS6_t1599,0.0
PS6_t1600,0.0
PS6_t1649,0.0
PS6_t1650,0.0
PS6_t1651,0.0
PS6_t1652,0.0
PS6_t1653,0.0
PS6_t1654,0.0
PS6_t1655,0.0
PS6_t1656,0.0
PS6_t1641,0.0
PS6_t1642,0.0
PS6_t1643,0.0
PS6_t1644,0.0
PS6_t1645,0.0
PS6_t1646,0.0
PS6_t1647,0.0
PS6_t1648,0.0
PS6_t1633,0.0
PS6_t1634,0.0
PS6_t1635,0.0
PS6_t1636,0.0
PS6_t1637,0.0
PS6_t1638,0.0
PS6_t1639,0.0
PS6_t1640,0.0
PS6_t1625,0.0
PS6_t1626,0.0
PS6_t1627,0.0
PS6_t1628,0.0
PS6_t1629,0.0
PS6_t1630,0.0
PS6_t1631,0.0
PS6_t1632,0.0
PS6_t1681,0.0
PS6_t1682,0.0
PS6_t1683,0.0
PS6_t1684,0.0
PS6_t1685,0.0
PS6_t1686,0.0
PS6_t1687,0.0
PS6_t1688,0.0
PS6_t1673,0.0
PS6_t1674,0.0
PS6_t1675,0.0
PS6_t1676,0.0
PS6_t1677,0.0
PS6_t1678,0.0
PS6_t1679,0.0
PS6_t1680,0.0
PS6_t1665,0.0
PS6_t1666,0.0
PS6_t1667,0.0
PS6_t1668,0.0
PS6_t1669,0.0
PS6_t1670,0.0
PS6_t1671,0.0
PS6_t1672,0.0
PS6_t1657,0.0
PS6_t1658,0.0
PS6_t1659,0.0
PS6_t1660,0.0
PS6_t1661,0.0
PS6_t1662,0.0
PS6_t1663,0.0
PS6_t1664,0.0
PS6_t1713,0.0
PS6_t1714,0.0
PS6_t1715,0.0
PS6_t1716,0.0
PS6_t1717,0.0
PS6_t1718,0.0
PS6_t1719,0.0
PS6_t1720,0.0
PS6_t1705,0.0
PS6_t1706,0.0
PS6_t1707,0.0
PS6_t1708,0.0
PS6_t1709,0.0
PS6_t1710,0.0
PS6_t1711,0.0
PS6_t1712,0.0
PS6_t1697,0.0
PS6_t1698,0.0
PS6_t1699,0.0
PS6_t1700,0.0
PS6_t1701,0.0
PS6_t1702,0.0
PS6_t1703,0.0
PS6_t1704,0.0
PS6_t1689,0.0
PS6_t1690,0.0
PS6_t1691,0.0
PS6_t1692,0.0
PS6_t1693,0.0
PS6_t1694,0.0
PS6_t1695,0.0
PS6_t1696,0.0
PS6_t1745,0.0
PS6_t1746,0.0
PS6_t1747,0.0
PS6_t1748,0.0
PS6_t1749,0.0
PS6_t1750,0.0
PS6_t1751,0.0
PS6_t1752,0.0
PS6_t1737,0.0
PS6_t1738,0.0
PS6_t1739,0.0
PS6_t1740,0.0
PS6_t1741,0.0
PS6_t1742,0.0
PS6_t1743,0.0
PS6_t1744,0.0
PS6_t1729,0.0
PS6_t1730,0.0
PS6_t1731,0.0
PS6_t1732,0.0
PS6_t1733,0.0
PS6_t1734,0.0
PS6_t1735,0.0
PS6_t1736,0.0
PS6_t1721,0.0
PS6_t1722,0.0
PS6_t1723,0.0
PS6_t1724,0.0
PS6_t1725,0.0
PS6_t1726,0.0
PS6_t1727,0.0
PS6_t1728,0.0
PS6_t1777,0.0
PS6_t1778,0.0
PS6_t1779,0.0
PS6_t1780,0.0
PS6_t1781,0.0
PS6_t1782,0.0
PS6_t1783,0.0
PS6_t1784,0.0
PS6_t1769,0.0
PS6_t1770,0.0
PS6_t1771,0.0
PS6_t1772,0.0
PS6_t1773,0.0
PS6_t1774,0.0
PS6_t1775,0.0
PS6_t1776,0.0
PS6_t1761,0.0
PS6_t1762,0.0
PS6_t1763,0.0
PS6_t1764,0.0
PS6_t1765,0.0
PS6_t1766,0.0
PS6_t1767,0.0
PS6_t1768,0.0
PS6_t1753,0.0
PS6_t1754,0.0
PS6_t1755,0.0
PS6_t1756,0.0
PS6_t1757,0.0
PS6_t1758,0.0
PS6_t1759,0.0
PS6_t1760,0.0
PS6_t1809,0.0
PS6_t1810,0.0
PS6_t1811,0.0
PS6_t1812,0.0
PS6_t1813,0.0
PS6_t1814,0.0
PS6_t1815,0.0
PS6_t1816,0.0
PS6_t1801,0.0
PS6_t1802,0.0
PS6_t1803,0.0
PS6_t1804,0.0
PS6_t1805,0.0
PS6_t1806,0.0
PS6_t1807,0.0
PS6_t1808,0.0
PS6_t1793,0.0
PS6_t1794,0.0
PS6_t1795,0.0
PS6_t1796,0.0
PS6_t1797,0.0
PS6_t1798,0.0
PS6_t1799,0.0
PS6_t1800,0.0
PS6_t1785,0.0
PS6_t1786,0.0
PS6_t1787,0.0
PS6_t1788,0.0
PS6_t1789,0.0
PS6_t1790,0.0
PS6_t1791,0.0
PS6_t1792,0.0
PS6_t1841,0.0
PS6_t1842,0.0
PS6_t1843,0.0
PS6_t1844,0.0
PS6_t1845,0.0
PS6_t1846,0.0
PS6_t1847,0.0
PS6_t1848,0.0
PS6_t1833,0.0
PS6_t1834,0.0
PS6_t1835,0.0
PS6_t1836,0.0
PS6_t1837,0.0
PS6_t1838,0.0
PS6_t1839,0.0
PS6_t1840,0.0
PS6_t1825,0.0
PS6_t1826,0.0
PS6_t1827,0.0
PS6_t1828,0.0
PS6_t1829,0.0
PS6_t1830,0.0
PS6_t1831,0.0
PS6_t1832,0.0
PS6_t1817,0.0
PS6_t1818,0.0
PS6_t1819,0.0
PS6_t1820,0.0
PS6_t1821,0.0
PS6_t1822,0.0
PS6_t1823,0.0
PS6_t1824,0.0
PS6_t1873,0.0
PS6_t1874,0.0
PS6_t1875,0.0
PS6_t1876,0.0
PS6_t1877,0.0
PS6_t1878,0.0
PS6_t1879,0.0
PS6_t1880,0.0
PS6_t1865,0.0
PS6_t1866,0.0
PS6_t1867,0.0
PS6_t1868,0.0
PS6_t1869,0.0
PS6_t1870,0.0
PS6_t1871,0.0
PS6_t1872,0.0
PS6_t1857,0.0
PS6_t1858,0.0
PS6_t1859,0.0
PS6_t1860,0.0
PS6_t1861,0.0
PS6_t1862,0.0
PS6_t1863,0.0
PS6_t1864,0.0
PS6_t1849,0.0
PS6_t1850,0.0
PS6_t1851,0.0
PS6_t1852,0.0
PS6_t1853,0.0
PS6_t1854,0.0
PS6_t1855,0.0
PS6_t1856,0.0
PS6_t1905,0.0
PS6_t1906,0.0
PS6_t1907,0.0
PS6_t1908,0.0
PS6_t1909,0.0
PS6_t1910,0.0
PS6_t1911,0.0
PS6_t1912,0.0
PS6_t1897,0.0
PS6_t1898,0.0
PS6_t1899,0.0
PS6_t1900,0.0
PS6_t1901,0.0
PS6_t1902,0.0
PS6_t1903,0.0
PS6_t1904,0.0
PS6_t1889,0.0
PS6_t1890,0.0
PS6_t1891,0.0
PS6_t1892,0.0
PS6_t1893,0.0
PS6_t1894,0.0
PS6_t1895,0.0
PS6_t1896,0.0
PS6_t1881,0.0
PS6_t1882,0.0
PS6_t1883,0.0
PS6_t1884,0.0
PS6_t1885,0.0
PS6_t1886,0.0
PS6_t1887,0.0
PS6_t1888,0.0
PS6_t1937,0.0
PS6_t1938,0.0
PS6_t1939,0.0
PS6_t1940,0.0
PS6_t1941,0.0
PS6_t1942,0.0
PS6_t1943,0.0
PS6_t1944,0.0
PS6_t1929,0.0
PS6_t1930,0.0
PS6_t1931,0.0
PS6_t1932,0.0
PS6_t1933,0.0
PS6_t1934,0.0
PS6_t1935,0.0
PS6_t1936,0.0
PS6_t1921,0.0
PS6_t1922,0.0
PS6_t1923,0.0
PS6_t1924,0.0
PS6_t1925,0.0
PS6_t1926,0.0
PS6_t1927,0.0
PS6_t1928,0.0
PS6_t1913,0.0
PS6_t1914,0.0
PS6_t1915,0.0
PS6_t1916,0.0
PS6_t1917,0.0
PS6_t1918,0.0
PS6_t1919,0.0
PS6_t1920,0.0
PS6_t1969,0.0
PS6_t1970,0.0
PS6_t1971,0.0
PS6_t1972,0.0
PS6_t1973,0.0
PS6_t1974,0.0
PS6_t1975,0.0
PS6_t1976,0.0
PS6_t1961,0.0
PS6_t1962,0.0
PS6_t1963,0.0
PS6_t1964,0.0
PS6_t1965,0.0
PS6_t1966,0.0
PS6_t1967,0.0
PS6_t1968,0.0
PS6_t1953,0.0
PS6_t1954,0.0
PS6_t1955,0.0
PS6_t1956,0.0
PS6_t1957,0.0
PS6_t1958,0.0
PS6_t1959,0.0
PS6_t1960,0.0
PS6_t1945,0.0
PS6_t1946,0.0
PS6_t1947,0.0
PS6_t1948,0.0
PS6_t1949,0.0
PS6_t1950,0.0
PS6_t1951,0.0
PS6_t1952,0.0
PS6_t2001,0.0
PS6_t2002,0.0
PS6_t2003,0.0
PS6_t2004,0.0
PS6_t2005,0.0
PS6_t2006,0.0
PS6_t2007,0.0
PS6_t2008,0.0
PS6_t1993,0.0
PS6_t1994,0.0
PS6_t1995,0.0
PS6_t1996,0.0
PS6_t1997,0.0
PS6_t1998,0.0
PS6_t1999,0.0
PS6_t2000,0.0
PS6_t1985,0.0
PS6_t1986,0.0
PS6_t1987,0.0
PS6_t1988,0.0
PS6_t1989,0.0
PS6_t1990,0.0
PS6_t1991,0.0
PS6_t1992,0.0
PS6_t1977,0.0
PS6_t1978,0.0
PS6_t1979,0.0
PS6_t1980,0.0
PS6_t1981,0.0
PS6_t1982,0.0
PS6_t1983,0.0
PS6_t1984,0.0
PS6_t2033,0.0
PS6_t2034,0.0
PS6_t2035,0.0
PS6_t2036,0.0
PS6_t2037,0.0
PS6_t2038,0.0
PS6_t2039,0.0
PS6_t2040,0.0
PS6_t2025,0.0
PS6_t2026,0.0
PS6_t2027,0.0
PS6_t2028,0.0
PS6_t2029,0.0
PS6_t2030,0.0
PS6_t2031,0.0
PS6_t2032,0.0
PS6_t2017,0.0
PS6_t2018,0.0
PS6_t2019,0.0
PS6_t2020,0.0
PS6_t2021,0.0
PS6_t2022,0.0
PS6_t2023,0.0
PS6_t2024,0.0
PS6_t2009,0.0
PS6_t2010,0.0
PS6_t2011,0.0
PS6_t2012,0.0
PS6_t2013,0.0
PS6_t2014,0.0
PS6_t2015,0.0
PS6_t2016,0.0
PS6_t2065,0.0
PS6_t2066,0.0
PS6_t2067,0.0
PS6_t2068,0.0
PS6_t2069,0.0
PS6_t2070,0.0
PS6_t2071,0.0
PS6_t2072,0.0
PS6_t2057,0.0
PS6_t2058,0.0
PS6_t2059,0.0
PS6_t2060,0.0
PS6_t2061,0.0
PS6_t2062,0.0
PS6_t2063,0.0
PS6_t2064,0.0
PS6_t2049,0.0
PS6_t2050,0.0
PS6_t2051,0.0
PS6_t2052,0.0
PS6_t2053,0.0
PS6_t2054,0.0
PS6_t2055,0.0
PS6_t2056,0.0
PS6_t2041,0.0
PS6_t2042,0.0
PS6_t2043,0.0
PS6_t2044,0.0
PS6_t2045,0.0
PS6_t2046,0.0
PS6_t2047,0.0
PS6_t2048,0.0
PS6_t2097,0.0
PS6_t2098,0.0
PS6_t2099,0.0
PS6_t2100,0.0
PS6_t2101,0.0
PS6_t2102,0.0
PS6_t2103,0.0
PS6_t2104,0.0
PS6_t2089,0.0
PS6_t2090,0.0
PS6_t2091,0.0
PS6_t2092,0.0
PS6_t2093,0.0
PS6_t2094,0.0
PS6_t2095,0.0
PS6_t2096,0.0
PS6_t2081,0.0
PS6_t2082,0.0
PS6_t2083,0.0
PS6_t2084,0.0
PS6_t2085,0.0
PS6_t2086,0.0
PS6_t2087,0.0
PS6_t2088,0.0
PS6_t2073,0.0
PS6_t2074,0.0
PS6_t2075,0.0
PS6_t2076,0.0
PS6_t2077,0.0
PS6_t2078,0.0
PS6_t2079,0.0
PS6_t2080,0.0
PS6_t2129,0.0
PS6_t2130,0.0
PS6_t2131,0.0
PS6_t2132,0.0
PS6_t2133,0.0
PS6_t2134,0.0
PS6_t2135,0.0
PS6_t2136,0.0
PS6_t2121,0.0
PS6_t2122,0.0
PS6_t2123,0.0
PS6_t2124,0.0
PS6_t2125,0.0
PS6_t2126,0.0
PS6_t2127,0.0
PS6_t2128,0.0
PS6_t2113,0.0
PS6_t2114,0.0
PS6_t2115,0.0
PS6_t2116,0.0
PS6_t2117,0.0
PS6_t2118,0.0
PS6_t2119,0.0
PS6_t2120,0.0
PS6_t2105,0.0
PS6_t2106,0.0
PS6_t2107,0.0
PS6_t2108,0.0
PS6_t2109,0.0
PS6_t2110,0.0
PS6_t2111,0.0
PS6_t2112,0.0
PS6_t2161,0.0
PS6_t2162,0.0
PS6_t2163,0.0
PS6_t2164,0.0
PS6_t2165,0.0
PS6_t2166,0.0
PS6_t2167,0.0
PS6_t2168,0.0
PS6_t2153,0.0
PS6_t2154,0.0
PS6_t2155,0.0
PS6_t2156,0.0
PS6_t2157,0.0
PS6_t2158,0.0
PS6_t2159,0.0
PS6_t2160,0.0
PS6_t2145,0.0
PS6_t2146,0.0
PS6_t2147,0.0
PS6_t2148,0.0
PS6_t2149,0.0
PS6_t2150,0.0
PS6_t2151,0.0
PS6_t2152,0.0
PS6_t2137,0.0
PS6_t2138,0.0
PS6_t2139,0.0
PS6_t2140,0.0
PS6_t2141,0.0
PS6_t2142,0.0
PS6_t2143,0.0
PS6_t2144,0.0
PS6_t2193,0.0
PS6_t2194,0.0
PS6_t2195,0.0
PS6_t2196,0.0
PS6_t2197,0.0
PS6_t2198,0.0
PS6_t2199,0.0
PS6_t2200,0.0
PS6_t2185,0.0
PS6_t2186,0.0
PS6_t2187,0.0
PS6_t2188,0.0
PS6_t2189,0.0
PS6_t2190,0.0
PS6_t2191,0.0
PS6_t2192,0.0
PS6_t2177,0.0
PS6_t2178,0.0
PS6_t2179,0.0
PS6_t2180,0.0
PS6_t2181,0.0
PS6_t2182,0.0
PS6_t2183,0.0
PS6_t2184,0.0
PS6_t2169,0.0
PS6_t2170,0.0
PS6_t2171,0.0
PS6_t2172,0.0
PS6_t2173,0.0
PS6_t2174,0.0
PS6_t2175,0.0
PS6_t2176,0.0
PS6_t2225,0.0
PS6_t2226,0.0
PS6_t2227,0.0
PS6_t2228,0.0
PS6_t2229,0.0
PS6_t2230,0.0
PS6_t2231,0.0
PS6_t2232,0.0
PS6_t2217,0.0
PS6_t2218,0.0
PS6_t2219,0.0
PS6_t2220,0.0
PS6_t2221,0.0
PS6_t2222,0.0
PS6_t2223,0.0
PS6_t2224,0.0
PS6_t2209,0.0
PS6_t2210,0.0
PS6_t2211,0.0
PS6_t2212,0.0
PS6_t2213,0.0
PS6_t2214,0.0
PS6_t2215,0.0
PS6_t2216,0.0
PS6_t2201,0.0
PS6_t2202,0.0
PS6_t2203,0.0
PS6_t2204,0.0
PS6_t2205,0.0
PS6_t2206,0.0
PS6_t2207,0.0
PS6_t2208,0.0
PS6_t2257,0.0
PS6_t2258,0.0
PS6_t2259,0.0
PS6_t2260,0.0
PS6_t2261,0.0
PS6_t2262,0.0
PS6_t2263,0.0
PS6_t2264,0.0
PS6_t2249,0.0
PS6_t2250,0.0
PS6_t2251,0.0
PS6_t2252,0.0
PS6_t2253,0.0
PS6_t2254,0.0
PS6_t2255,0.0
PS6_t2256,0.0
PS6_t2241,0.0
PS6_t2242,0.0
PS6_t2243,0.0
PS6_t2244,0.0
PS6_t2245,0.0
PS6_t2246,0.0
PS6_t2247,0.0
PS6_t2248,0.0
PS6_t2233,0.0
PS6_t2234,0.0
PS6_t2235,0.0
PS6_t2236,0.0
PS6_t2237,0.0
PS6_t2238,0.0
PS6_t2239,0.0
PS6_t2240,0.0
PS6_t2289,0.0
PS6_t2290,0.0
PS6_t2291,0.0
PS6_t2292,0.0
PS6_t2293,0.0
PS6_t2294,0.0
PS6_t2295,0.0
PS6_t2296,0.0
PS6_t2281,0.0
PS6_t2282,0.0
PS6_t2283,0.0
PS6_t2284,0.0
PS6_t2285,0.0
PS6_t2286,0.0
PS6_t2287,0.0
PS6_t2288,0.0
PS6_t2273,0.0
PS6_t2274,0.0
PS6_t2275,0.0
PS6_t2276,0.0
PS6_t2277,0.0
PS6_t2278,0.0
PS6_t2279,0.0
PS6_t2280,0.0
PS6_t2265,0.0
PS6_t2266,0.0
PS6_t2267,0.0
PS6_t2268,0.0
PS6_t2269,0.0
PS6_t2270,0.0
PS6_t2271,0.0
PS6_t2272,0.0
PS6_t2321,0.0
PS6_t2322,0.0
PS6_t2323,0.0
PS6_t2324,0.0
PS6_t2325,0.0
PS6_t2326,0.0
PS6_t2327,0.0
PS6_t2328,0.0
PS6_t2313,0.0
PS6_t2314,0.0
PS6_t2315,0.0
PS6_t2316,0.0
PS6_t2317,0.0
PS6_t2318,0.0
PS6_t2319,0.0
PS6_t2320,0.0
PS6_t2305,0.0
PS6_t2306,0.0
PS6_t2307,0.0
PS6_t2308,0.0
PS6_t2309,0.0
PS6_t2310,0.0
PS6_t2311,0.0
PS6_t2312,0.0
PS6_t2297,0.0
PS6_t2298,0.0
PS6_t2299,0.0
PS6_t2300,0.0
PS6_t2301,0.0
PS6_t2302,0.0
PS6_t2303,0.0
PS6_t2304,0.0
PS6_t2353,0.0
PS6_t2354,0.0
PS6_t2355,0.0
PS6_t2356,0.0
PS6_t2357,0.0
PS6_t2358,0.0
PS6_t2359,0.0
PS6_t2360,0.0
PS6_t2345,0.0
PS6_t2346,0.0
PS6_t2347,0.0
PS6_t2348,0.0
PS6_t2349,0.0
PS6_t2350,0.0
PS6_t2351,0.0
PS6_t2352,0.0
PS6_t2337,0.0
PS6_t2338,0.0
PS6_t2339,0.0
PS6_t2340,0.0
PS6_t2341,0.0
PS6_t2342,0.0
PS6_t2343,0.0
PS6_t2344,0.0
PS6_t2329,0.0
PS6_t2330,0.0
PS6_t2331,0.0
PS6_t2332,0.0
PS6_t2333,0.0
PS6_t2334,0.0
PS6_t2335,0.0
PS6_t2336,0.0
PS6_t2385,0.0
PS6_t2386,0.0
PS6_t2387,0.0
PS6_t2388,0.0
PS6_t2389,0.0
PS6_t2390,0.0
PS6_t2391,0.0
PS6_t2392,0.0
PS6_t2377,0.0
PS6_t2378,0.0
PS6_t2379,0.0
PS6_t2380,0.0
PS6_t2381,0.0
PS6_t2382,0.0
PS6_t2383,0.0
PS6_t2384,0.0
PS6_t2369,0.0
PS6_t2370,0.0
PS6_t2371,0.0
PS6_t2372,0.0
PS6_t2373,0.0
PS6_t2374,0.0
PS6_t2375,0.0
PS6_t2376,0.0
PS6_t2361,0.0
PS6_t2362,0.0
PS6_t2363,0.0
PS6_t2364,0.0
PS6_t2365,0.0
PS6_t2366,0.0
PS6_t2367,0.0
PS6_t2368,0.0
PS6_t2417,0.0
PS6_t2418,0.0
PS6_t2419,0.0
PS6_t2420,0.0
PS6_t2421,0.0
PS6_t2422,0.0
PS6_t2423,0.0
PS6_t2424,0.0
PS6_t2409,0.0
PS6_t2410,0.0
PS6_t2411,0.0
PS6_t2412,0.0
PS6_t2413,0.0
PS6_t2414,0.0
PS6_t2415,0.0
PS6_t2416,0.0
PS6_t2401,0.0
PS6_t2402,0.0
PS6_t2403,0.0
PS6_t2404,0.0
PS6_t2405,0.0
PS6_t2406,0.0
PS6_t2407,0.0
PS6_t2408,0.0
PS6_t2393,0.0
PS6_t2394,0.0
PS6_t2395,0.0
PS6_t2396,0.0
PS6_t2397,0.0
PS6_t2398,0.0
PS6_t2399,0.0
PS6_t2400,0.0
PS6_t2449,0.0
PS6_t2450,0.0
PS6_t2451,0.0
PS6_t2452,0.0
PS6_t2453,0.0
PS6_t2454,0.0
PS6_t2455,0.0
PS6_t2456,0.0
PS6_t2441,0.0
PS6_t2442,0.0
PS6_t2443,0.0
PS6_t2444,0.0
PS6_t2445,0.0
PS6_t2446,0.0
PS6_t2447,0.0
PS6_t2448,0.0
PS6_t2433,0.0
PS6_t2434,0.0
PS6_t2435,0.0
PS6_t2436,0.0
PS6_t2437,0.0
PS6_t2438,0.0
PS6_t2439,0.0
PS6_t2440,0.0
PS6_t2425,0.0
PS6_t2426,0.0
PS6_t2427,0.0
PS6_t2428,0.0
PS6_t2429,0.0
PS6_t2430,0.0
PS6_t2431,0.0
PS6_t2432,0.0
PS6_t2481,0.0
PS6_t2482,0.0
PS6_t2483,0.0
PS6_t2484,0.0
PS6_t2485,0.0
PS6_t2486,0.0
PS6_t2487,0.0
PS6_t2488,0.0
PS6_t2473,0.0
PS6_t2474,0.0
PS6_t2475,0.0
PS6_t2476,0.0
PS6_t2477,0.0
PS6_t2478,0.0
PS6_t2479,0.0
PS6_t2480,0.0
PS6_t2465,0.0
PS6_t2466,0.0
PS6_t2467,0.0
PS6_t2468,0.0
PS6_t2469,0.0
PS6_t2470,0.0
PS6_t2471,0.0
PS6_t2472,0.0
PS6_t2457,0.0
PS6_t2458,0.0
PS6_t2459,0.0
PS6_t2460,0.0
PS6_t2461,0.0
PS6_t2462,0.0
PS6_t2463,0.0
PS6_t2464,0.0
PS6_t2513,0.0
PS6_t2514,0.0
PS6_t2515,0.0
PS6_t2516,0.0
PS6_t2517,0.0
PS6_t2518,0.0
PS6_t2519,0.0
PS6_t2520,0.0
PS6_t2505,0.0
PS6_t2506,0.0
PS6_t2507,0.0
PS6_t2508,0.0
PS6_t2509,0.0
PS6_t2510,0.0
PS6_t2511,0.0
PS6_t2512,0.0
PS6_t2497,0.0
PS6_t2498,0.0
PS6_t2499,0.0
PS6_t2500,0.0
PS6_t2501,0.0
PS6_t2502,0.0
PS6_t2503,0.0
PS6_t2504,0.0
PS6_t2489,0.0
PS6_t2490,0.0
PS6_t2491,0.0
PS6_t2492,0.0
PS6_t2493,0.0
PS6_t2494,0.0
PS6_t2495,0.0
PS6_t2496,0.0
PS6_t2545,0.0
PS6_t2546,0.0
PS6_t2547,0.0
PS6_t2548,0.0
PS6_t2549,0.0
PS6_t2550,0.0
PS6_t2551,0.0
PS6_t2552,0.0
PS6_t2537,0.0
PS6_t2538,0.0
PS6_t2539,0.0
PS6_t2540,0.0
PS6_t2541,0.0
PS6_t2542,0.0
PS6_t2543,0.0
PS6_t2544,0.0
PS6_t2529,0.0
PS6_t2530,0.0
PS6_t2531,0.0
PS6_t2532,0.0
PS6_t2533,0.0
PS6_t2534,0.0
PS6_t2535,0.0
PS6_t2536,0.0
PS6_t2521,0.0
PS6_t2522,0.0
PS6_t2523,0.0
PS6_t2524,0.0
PS6_t2525,0.0
PS6_t2526,0.0
PS6_t2527,0.0
PS6_t2528,0.0
PS6_t2577,0.0
PS6_t2578,0.0
PS6_t2579,0.0
PS6_t2580,0.0
PS6_t2581,0.0
PS6_t2582,0.0
PS6_t2583,0.0
PS6_t2584,0.0
PS6_t2569,0.0
PS6_t2570,0.0
PS6_t2571,0.0
PS6_t2572,0.0
PS6_t2573,0.0
PS6_t2574,0.0
PS6_t2575,0.0
PS6_t2576,0.0
PS6_t2561,0.0
PS6_t2562,0.0
PS6_t2563,0.0
PS6_t2564,0.0
PS6_t2565,0.0
PS6_t2566,0.0
PS6_t2567,0.0
PS6_t2568,0.0
PS6_t2553,0.0
PS6_t2554,0.0
PS6_t2555,0.0
PS6_t2556,0.0
PS6_t2557,0.0
PS6_t2558,0.0
PS6_t2559,0.0
PS6_t2560,0.0
PS6_t2609,0.0
PS6_t2610,0.0
PS6_t2611,0.0
PS6_t2612,0.0
PS6_t2613,0.0
PS6_t2614,0.0
PS6_t2615,0.0
PS6_t2616,0.0
PS6_t2601,0.0
PS6_t2602,0.0
PS6_t2603,0.0
PS6_t2604,0.0
PS6_t2605,0.0
PS6_t2606,0.0
PS6_t2607,0.0
PS6_t2608,0.0
PS6_t2593,0.0
PS6_t2594,0.0
PS6_t2595,0.0
PS6_t2596,0.0
PS6_t2597,0.0
PS6_t2598,0.0
PS6_t2599,0.0
PS6_t2600,0.0
PS6_t2585,0.0
PS6_t2586,0.0
PS6_t2587,0.0
PS6_t2588,0.0
PS6_t2589,0.0
PS6_t2590,0.0
PS6_t2591,0.0
PS6_t2592,0.0
PS6_t2641,0.0
PS6_t2642,0.0
PS6_t2643,0.0
PS6_t2644,0.0
PS6_t2645,0.0
PS6_t2646,0.0
PS6_t2647,0.0
PS6_t2648,0.0
PS6_t2633,0.0
PS6_t2634,0.0
PS6_t2635,0.0
PS6_t2636,0.0
PS6_t2637,0.0
PS6_t2638,0.0
PS6_t2639,0.0
PS6_t2640,0.0
PS6_t2625,0.0
PS6_t2626,0.0
PS6_t2627,0.0
PS6_t2628,0.0
PS6_t2629,0.0
PS6_t2630,0.0
PS6_t2631,0.0
PS6_t2632,0.0
PS6_t2617,0.0
PS6_t2618,0.0
PS6_t2619,0.0
PS6_t2620,0.0
PS6_t2621,0.0
PS6_t2622,0.0
PS6_t2623,0.0
PS6_t2624,0.0
PS6_t2673,0.0
PS6_t2674,0.0
PS6_t2675,0.0
PS6_t2676,0.0
PS6_t2677,0.0
PS6_t2678,0.0
PS6_t2679,0.0
PS6_t2680,0.0
PS6_t2665,0.0
PS6_t2666,0.0
PS6_t2667,0.0
PS6_t2668,0.0
PS6_t2669,0.0
PS6_t2670,0.0
PS6_t2671,0.0
PS6_t2672,0.0
PS6_t2657,0.0
PS6_t2658,0.0
PS6_t2659,0.0
PS6_t2660,0.0
PS6_t2661,0.0
PS6_t2662,0.0
PS6_t2663,0.0
PS6_t2664,0.0
PS6_t2649,0.0
PS6_t2650,0.0
PS6_t2651,0.0
PS6_t2652,0.0
PS6_t2653,0.0
PS6_t2654,0.0
PS6_t2655,0.0
PS6_t2656,0.0
PS6_t2705,0.0
PS6_t2706,0.0
PS6_t2707,0.0
PS6_t2708,0.0
PS6_t2709,0.0
PS6_t2710,0.0
PS6_t2711,0.0
PS6_t2712,0.0
PS6_t2697,0.0
PS6_t2698,0.0
PS6_t2699,0.0
PS6_t2700,0.0
PS6_t2701,0.0
PS6_t2702,0.0
PS6_t2703,0.0
PS6_t2704,0.0
PS6_t2689,0.0
PS6_t2690,0.0
PS6_t2691,0.0
PS6_t2692,0.0
PS6_t2693,0.0
PS6_t2694,0.0
PS6_t2695,0.0
PS6_t2696,0.0
PS6_t2681,0.0
PS6_t2682,0.0
PS6_t2683,0.0
PS6_t2684,0.0
PS6_t2685,0.0
PS6_t2686,0.0
PS6_t2687,0.0
PS6_t2688,0.0
PS6_t2737,0.0
PS6_t2738,0.0
PS6_t2739,0.0
PS6_t2740,0.0
PS6_t2741,0.0
PS6_t2742,0.0
PS6_t2743,0.0
PS6_t2744,0.0
PS6_t2729,0.0
PS6_t2730,0.0
PS6_t2731,0.0
PS6_t2732,0.0
PS6_t2733,0.0
PS6_t2734,0.0
PS6_t2735,0.0
PS6_t2736,0.0
PS6_t2721,0.0
PS6_t2722,0.0
PS6_t2723,0.0
PS6_t2724,0.0
PS6_t2725,0.0
PS6_t2726,0.0
PS6_t2727,0.0
PS6_t2728,0.0
PS6_t2713,0.0
PS6_t2714,0.0
PS6_t2715,0.0
PS6_t2716,0.0
PS6_t2717,0.0
PS6_t2718,0.0
PS6_t2719,0.0
PS6_t2720,0.0
PS6_t2769,0.0
PS6_t2770,0.0
PS6_t2771,0.0
PS6_t2772,0.0
PS6_t2773,0.0
PS6_t2774,0.0
PS6_t2775,0.0
PS6_t2776,0.0
PS6_t2761,0.0
PS6_t2762,0.0
PS6_t2763,0.0
PS6_t2764,0.0
PS6_t2765,0.0
PS6_t2766,0.0
PS6_t2767,0.0
PS6_t2768,0.0
PS6_t2753,0.0
PS6_t2754,0.0
PS6_t2755,0.0
PS6_t2756,0.0
PS6_t2757,0.0
PS6_t2758,0.0
PS6_t2759,0.0
PS6_t2760,0.0
PS6_t2745,0.0
PS6_t2746,0.0
PS6_t2747,0.0
PS6_t2748,0.0
PS6_t2749,0.0
PS6_t2750,0.0
PS6_t2751,0.0
PS6_t2752,0.0
PS6_t2801,0.0
PS6_t2802,0.0
PS6_t2803,0.0
PS6_t2804,0.0
PS6_t2805,0.0
PS6_t2806,0.0
PS6_t2807,0.0
PS6_t2808,0.0
PS6_t2793,0.0
PS6_t2794,0.0
PS6_t2795,0.0
PS6_t2796,0.0
PS6_t2797,0.0
PS6_t2798,0.0
PS6_t2799,0.0
PS6_t2800,0.0
PS6_t2785,0.0
PS6_t2786,0.0
PS6_t2787,0.0
PS6_t2788,0.0
PS6_t2789,0.0
PS6_t2790,0.0
PS6_t2791,0.0
PS6_t2792,0.0
PS6_t2777,0.0
PS6_t2778,0.0
PS6_t2779,0.0
PS6_t2780,0.0
PS6_t2781,0.0
PS6_t2782,0.0
PS6_t2783,0.0
PS6_t2784,0.0
PS6_t2833,0.0
PS6_t2834,0.0
PS6_t2835,0.0
PS6_t2836,0.0
PS6_t2837,0.0
PS6_t2838,0.0
PS6_t2839,0.0
PS6_t2840,0.0
PS6_t2825,0.0
PS6_t2826,0.0
PS6_t2827,0.0
PS6_t2828,0.0
PS6_t2829,0.0
PS6_t2830,0.0
PS6_t2831,0.0
PS6_t2832,0.0
PS6_t2817,0.0
PS6_t2818,0.0
PS6_t2819,0.0
PS6_t2820,0.0
PS6_t2821,0.0
PS6_t2822,0.0
PS6_t2823,0.0
PS6_t2824,0.0
PS6_t2809,0.0
PS6_t2810,0.0
PS6_t2811,0.0
PS6_t2812,0.0
PS6_t2813,0.0
PS6_t2814,0.0
PS6_t2815,0.0
PS6_t2816,0.0
PS6_t2865,0.0
PS6_t2866,0.0
PS6_t2867,0.0
PS6_t2868,0.0
PS6_t2869,0.0
PS6_t2870,0.0
PS6_t2871,0.0
PS6_t2872,0.0
PS6_t2857,0.0
PS6_t2858,0.0
PS6_t2859,0.0
PS6_t2860,0.0
PS6_t2861,0.0
PS6_t2862,0.0
PS6_t2863,0.0
PS6_t2864,0.0
PS6_t2849,0.0
PS6_t2850,0.0
PS6_t2851,0.0
PS6_t2852,0.0
PS6_t2853,0.0
PS6_t2854,0.0
PS6_t2855,0.0
PS6_t2856,0.0
PS6_t2841,0.0
PS6_t2842,0.0
PS6_t2843,0.0
PS6_t2844,0.0
PS6_t2845,0.0
PS6_t2846,0.0
PS6_t2847,0.0
PS6_t2848,0.0
PS6_t2897,0.0
PS6_t2898,0.0
PS6_t2899,0.0
PS6_t2900,0.0
PS6_t2901,0.0
PS6_t2902,0.0
PS6_t2903,0.0
PS6_t2904,0.0
PS6_t2889,0.0
PS6_t2890,0.0
PS6_t2891,0.0
PS6_t2892,0.0
PS6_t2893,0.0
PS6_t2894,0.0
PS6_t2895,0.0
PS6_t2896,0.0
PS6_t2881,0.0
PS6_t2882,0.0
PS6_t2883,0.0
PS6_t2884,0.0
PS6_t2885,0.0
PS6_t2886,0.0
PS6_t2887,0.0
PS6_t2888,0.0
PS6_t2873,0.0
PS6_t2874,0.0
PS6_t2875,0.0
PS6_t2876,0.0
PS6_t2877,0.0
PS6_t2878,0.0
PS6_t2879,0.0
PS6_t2880,0.0
PS6_t2929,0.0
PS6_t2930,0.0
PS6_t2931,0.0
PS6_t2932,0.0
PS6_t2933,0.0
PS6_t2934,0.0
PS6_t2935,0.0
PS6_t2936,0.0
PS6_t2921,0.0
PS6_t2922,0.0
PS6_t2923,0.0
PS6_t2924,0.0
PS6_t2925,0.0
PS6_t2926,0.0
PS6_t2927,0.0
PS6_t2928,0.0
PS6_t2913,0.0
PS6_t2914,0.0
PS6_t2915,0.0
PS6_t2916,0.0
PS6_t2917,0.0
PS6_t2918,0.0
PS6_t2919,0.0
PS6_t2920,0.0
PS6_t2905,0.0
PS6_t2906,0.0
PS6_t2907,0.0
PS6_t2908,0.0
PS6_t2909,0.0
PS6_t2910,0.0
PS6_t2911,0.0
PS6_t2912,0.0
PS6_t2961,0.0
PS6_t2962,0.0
PS6_t2963,0.0
PS6_t2964,0.0
PS6_t2965,0.0
PS6_t2966,0.0
PS6_t2967,0.0
PS6_t2968,0.0
PS6_t2953,0.0
PS6_t2954,0.0
PS6_t2955,0.0
PS6_t2956,0.0
PS6_t2957,0.0
PS6_t2958,0.0
PS6_t2959,0.0
PS6_t2960,0.0
PS6_t2945,0.0
PS6_t2946,0.0
PS6_t2947,0.0
PS6_t2948,0.0
PS6_t2949,0.0
PS6_t2950,0.0
PS6_t2951,0.0
PS6_t2952,0.0
PS6_t2937,0.0
PS6_t2938,0.0
PS6_t2939,0.0
PS6_t2940,0.0
PS6_t2941,0.0
PS6_t2942,0.0
PS6_t2943,0.0
PS6_t2944,0.0
PS6_t2993,0.0
PS6_t2994,0.0
PS6_t2995,0.0
PS6_t2996,0.0
PS6_t2997,0.0
PS6_t2998,0.0
PS6_t2999,0.0
PS6_t3000,0.0
PS6_t2985,0.0
PS6_t2986,0.0
PS6_t2987,0.0
PS6_t2988,0.0
PS6_t2989,0.0
PS6_t2990,0.0
PS6_t2991,0.0
PS6_t2992,0.0
PS6_t2977,0.0
PS6_t2978,0.0
PS6_t2979,0.0
PS6_t2980,0.0
PS6_t2981,0.0
PS6_t2982,0.0
PS6_t2983,0.0
PS6_t2984,0.0
PS6_t2969,0.0
PS6_t2970,0.0
PS6_t2971,0.0
PS6_t2972,0.0
PS6_t2973,0.0
PS6_t2974,0.0
PS6_t2975,0.0
PS6_t2976,0.0
PS6_t3025,0.0
PS6_t3026,0.0
PS6_t3027,0.0
PS6_t3028,0.0
PS6_t3029,0.0
PS6_t3030,0.0
PS6_t3031,0.0
PS6_t3032,0.0
PS6_t3017,0.0
PS6_t3018,0.0
PS6_t3019,0.0
PS6_t3020,0.0
PS6_t3021,0.0
PS6_t3022,0.0
PS6_t3023,0.0
PS6_t3024,0.0
PS6_t3009,0.0
PS6_t3010,0.0
PS6_t3011,0.0
PS6_t3012,0.0
PS6_t3013,0.0
PS6_t3014,0.0
PS6_t3015,0.0
PS6_t3016,0.0
PS6_t3001,0.0
PS6_t3002,0.0
PS6_t3003,0.0
PS6_t3004,0.0
PS6_t3005,0.0
PS6_t3006,0.0
PS6_t3007,0.0
PS6_t3008,0.0
PS6_t3057,0.0
PS6_t3058,0.0
PS6_t3059,0.0
PS6_t3060,0.0
PS6_t3061,0.0
PS6_t3062,0.0
PS6_t3063,0.0
PS6_t3064,0.0
PS6_t3049,0.0
PS6_t3050,0.0
PS6_t3051,0.0
PS6_t3052,0.0
PS6_t3053,0.0
PS6_t3054,0.0
PS6_t3055,0.0
PS6_t3056,0.0
PS6_t3041,0.0
PS6_t3042,0.0
PS6_t3043,0.0
PS6_t3044,0.0
PS6_t3045,0.0
PS6_t3046,0.0
PS6_t3047,0.0
PS6_t3048,0.0
PS6_t3033,0.0
PS6_t3034,0.0
PS6_t3035,0.0
PS6_t3036,0.0
PS6_t3037,0.0
PS6_t3038,0.0
PS6_t3039,0.0
PS6_t3040,0.0
PS6_t3089,0.0
PS6_t3090,0.0
PS6_t3091,0.0
PS6_t3092,0.0
PS6_t3093,0.0
PS6_t3094,0.0
PS6_t3095,0.0
PS6_t3096,0.0
PS6_t3081,0.0
PS6_t3082,0.0
PS6_t3083,0.0
PS6_t3084,0.0
PS6_t3085,0.0
PS6_t3086,0.0
PS6_t3087,0.0
PS6_t3088,0.0
PS6_t3073,0.0
PS6_t3074,0.0
PS6_t3075,0.0
PS6_t3076,0.0
PS6_t3077,0.0
PS6_t3078,0.0
PS6_t3079,0.0
PS6_t3080,0.0
PS6_t3065,0.0
PS6_t3066,0.0
PS6_t3067,0.0
PS6_t3068,0.0
PS6_t3069,0.0
PS6_t3070,0.0
PS6_t3071,0.0
PS6_t3072,0.0
PS6_t3121,0.0
PS6_t3122,0.0
PS6_t3123,0.0
PS6_t3124,0.0
PS6_t3125,0.0
PS6_t3126,0.0
PS6_t3127,0.0
PS6_t3128,0.0
PS6_t3113,0.0
PS6_t3114,0.0
PS6_t3115,0.0
PS6_t3116,0.0
PS6_t3117,0.0
PS6_t3118,0.0
PS6_t3119,0.0
PS6_t3120,0.0
PS6_t3105,0.0
PS6_t3106,0.0
PS6_t3107,0.0
PS6_t3108,0.0
PS6_t3109,0.0
PS6_t3110,0.0
PS6_t3111,0.0
PS6_t3112,0.0
PS6_t3097,0.0
PS6_t3098,0.0
PS6_t3099,0.0
PS6_t3100,0.0
PS6_t3101,0.0
PS6_t3102,0.0
PS6_t3103,0.0
PS6_t3104,0.0
PS6_t3153,0.0
PS6_t3154,0.0
PS6_t3155,0.0
PS6_t3156,0.0
PS6_t3157,0.0
PS6_t3158,0.0
PS6_t3159,0.0
PS6_t3160,0.0
PS6_t3145,0.0
PS6_t3146,0.0
PS6_t3147,0.0
PS6_t3148,0.0
PS6_t3149,0.0
PS6_t3150,0.0
PS6_t3151,0.0
PS6_t3152,0.0
PS6_t3137,0.0
PS6_t3138,0.0
PS6_t3139,0.0
PS6_t3140,0.0
PS6_t3141,0.0
PS6_t3142,0.0
PS6_t3143,0.0
PS6_t3144,0.0
PS6_t3129,0.0
PS6_t3130,0.0
PS6_t3131,0.0
PS6_t3132,0.0
PS6_t3133,0.0
PS6_t3134,0.0
PS6_t3135,0.0
PS6_t3136,0.0
PS6_t3185,0.0
PS6_t3186,0.0
PS6_t3187,0.0
PS6_t3188,0.0
PS6_t3189,0.0
PS6_t3190,0.0
PS6_t3191,0.0
PS6_t3192,0.0
PS6_t3177,0.0
PS6_t3178,0.0
PS6_t3179,0.0
PS6_t3180,0.0
PS6_t3181,0.0
PS6_t3182,0.0
PS6_t3183,0.0
PS6_t3184,0.0
PS6_t3169,0.0
PS6_t3170,0.0
PS6_t3171,0.0
PS6_t3172,0.0
PS6_t3173,0.0
PS6_t3174,0.0
PS6_t3175,0.0
PS6_t3176,0.0
PS6_t3161,0.0
PS6_t3162,0.0
PS6_t3163,0.0
PS6_t3164,0.0
PS6_t3165,0.0
PS6_t3166,0.0
PS6_t3167,0.0
PS6_t3168,0.0
PS6_t3217,0.0
PS6_t3218,0.0
PS6_t3219,0.0
PS6_t3220,0.0
PS6_t3221,0.0
PS6_t3222,0.0
PS6_t3223,0.0
PS6_t3224,0.0
PS6_t3209,0.0
PS6_t3210,0.0
PS6_t3211,0.0
PS6_t3212,0.0
PS6_t3213,0.0
PS6_t3214,0.0
PS6_t3215,0.0
PS6_t3216,0.0
PS6_t3201,0.0
PS6_t3202,0.0
PS6_t3203,0.0
PS6_t3204,0.0
PS6_t3205,0.0
PS6_t3206,0.0
PS6_t3207,0.0
PS6_t3208,0.0
PS6_t3193,0.0
PS6_t3194,0.0
PS6_t3195,0.0
PS6_t3196,0.0
PS6_t3197,0.0
PS6_t3198,0.0
PS6_t3199,0.0
PS6_t3200,0.0
PS6_t3249,0.0
PS6_t3250,0.0
PS6_t3251,0.0
PS6_t3252,0.0
PS6_t3253,0.0
PS6_t3254,0.0
PS6_t3255,0.0
PS6_t3256,0.0
PS6_t3241,0.0
PS6_t3242,0.0
PS6_t3243,0.0
PS6_t3244,0.0
PS6_t3245,0.0
PS6_t3246,0.0
PS6_t3247,0.0
PS6_t3248,0.0
PS6_t3233,0.0
PS6_t3234,0.0
PS6_t3235,0.0
PS6_t3236,0.0
PS6_t3237,0.0
PS6_t3238,0.0
PS6_t3239,0.0
PS6_t3240,0.0
PS6_t3225,0.0
PS6_t3226,0.0
PS6_t3227,0.0
PS6_t3228,0.0
PS6_t3229,0.0
PS6_t3230,0.0
PS6_t3231,0.0
PS6_t3232,0.0
PS6_t3281,0.0
PS6_t3282,0.0
PS6_t3283,0.0
PS6_t3284,0.0
PS6_t3285,0.0
PS6_t3286,0.0
PS6_t3287,0.0
PS6_t3288,0.0
PS6_t3273,0.0
PS6_t3274,0.0
PS6_t3275,0.0
PS6_t3276,0.0
PS6_t3277,0.0
PS6_t3278,0.0
PS6_t3279,0.0
PS6_t3280,0.0
PS6_t3265,0.0
PS6_t3266,0.0
PS6_t3267,0.0
PS6_t3268,0.0
PS6_t3269,0.0
PS6_t3270,0.0
PS6_t3271,0.0
PS6_t3272,0.0
PS6_t3257,0.0
PS6_t3258,0.0
PS6_t3259,0.0
PS6_t3260,0.0
PS6_t3261,0.0
PS6_t3262,0.0
PS6_t3263,0.0
PS6_t3264,0.0
PS6_t3313,0.0
PS6_t3314,0.0
PS6_t3315,0.0
PS6_t3316,0.0
PS6_t3317,0.0
PS6_t3318,0.0
PS6_t3319,0.0
PS6_t3320,0.0
PS6_t3305,0.0
PS6_t3306,0.0
PS6_t3307,0.0
PS6_t3308,0.0
PS6_t3309,0.0
PS6_t3310,0.0
PS6_t3311,0.0
PS6_t3312,0.0
PS6_t3297,0.0
PS6_t3298,0.0
PS6_t3299,0.0
PS6_t3300,0.0
PS6_t3301,0.0
PS6_t3302,0.0
PS6_t3303,0.0
PS6_t3304,0.0
PS6_t3289,0.0
PS6_t3290,0.0
PS6_t3291,0.0
PS6_t3292,0.0
PS6_t3293,0.0
PS6_t3294,0.0
PS6_t3295,0.0
PS6_t3296,0.0
PS6_t3345,0.0
PS6_t3346,0.0
PS6_t3347,0.0
PS6_t3348,0.0
PS6_t3349,0.0
PS6_t3350,0.0
PS6_t3351,0.0
PS6_t3352,0.0
PS6_t3337,0.0
PS6_t3338,0.0
PS6_t3339,0.0
PS6_t3340,0.0
PS6_t3341,0.0
PS6_t3342,0.0
PS6_t3343,0.0
PS6_t3344,0.0
PS6_t3329,0.0
PS6_t3330,0.0
PS6_t3331,0.0
PS6_t3332,0.0
PS6_t3333,0.0
PS6_t3334,0.0
PS6_t3335,0.0
PS6_t3336,0.0
PS6_t3321,0.0
PS6_t3322,0.0
PS6_t3323,0.0
PS6_t3324,0.0
PS6_t3325,0.0
PS6_t3326,0.0
PS6_t3327,0.0
PS6_t3328,0.0
PS6_t3377,0.0
PS6_t3378,0.0
PS6_t3379,0.0
PS6_t3380,0.0
PS6_t3381,0.0
PS6_t3382,0.0
PS6_t3383,0.0
PS6_t3384,0.0
PS6_t3369,0.0
PS6_t3370,0.0
PS6_t3371,0.0
PS6_t3372,0.0
PS6_t3373,0.0
PS6_t3374,0.0
PS6_t3375,0.0
PS6_t3376,0.0
PS6_t3361,0.0
PS6_t3362,0.0
PS6_t3363,0.0
PS6_t3364,0.0
PS6_t3365,0.0
PS6_t3366,0.0
PS6_t3367,0.0
PS6_t3368,0.0
PS6_t3353,0.0
PS6_t3354,0.0
PS6_t3355,0.0
PS6_t3356,0.0
PS6_t3357,0.0
PS6_t3358,0.0
PS6_t3359,0.0
PS6_t3360,0.0
PS6_t3409,0.0
PS6_t3410,0.0
PS6_t3411,0.0
PS6_t3412,0.0
PS6_t3413,0.0
PS6_t3414,0.0
PS6_t3415,0.0
PS6_t3416,0.0
PS6_t3401,0.0
PS6_t3402,0.0
PS6_t3403,0.0
PS6_t3404,0.0
PS6_t3405,0.0
PS6_t3406,0.0
PS6_t3407,0.0
PS6_t3408,0.0
PS6_t3393,0.0
PS6_t3394,0.0
PS6_t3395,0.0
PS6_t3396,0.0
PS6_t3397,0.0
PS6_t3398,0.0
PS6_t3399,0.0
PS6_t3400,0.0
PS6_t3385,0.0
PS6_t3386,0.0
PS6_t3387,0.0
PS6_t3388,0.0
PS6_t3389,0.0
PS6_t3390,0.0
PS6_t3391,0.0
PS6_t3392,0.0
PS6_t3441,0.0
PS6_t3442,0.0
PS6_t3443,0.0
PS6_t3444,0.0
PS6_t3445,0.0
PS6_t3446,0.0
PS6_t3447,0.0
PS6_t3448,0.0
PS6_t3433,0.0
PS6_t3434,0.0
PS6_t3435,0.0
PS6_t3436,0.0
PS6_t3437,0.0
PS6_t3438,0.0
PS6_t3439,0.0
PS6_t3440,0.0
PS6_t3425,0.0
PS6_t3426,0.0
PS6_t3427,0.0
PS6_t3428,0.0
PS6_t3429,0.0
PS6_t3430,0.0
PS6_t3431,0.0
PS6_t3432,0.0
PS6_t3417,0.0
PS6_t3418,0.0
PS6_t3419,0.0
PS6_t3420,0.0
PS6_t3421,0.0
PS6_t3422,0.0
PS6_t3423,0.0
PS6_t3424,0.0
PS6_t3473,0.0
PS6_t3474,0.0
PS6_t3475,0.0
PS6_t3476,0.0
PS6_t3477,0.0
PS6_t3478,0.0
PS6_t3479,0.0
PS6_t3480,0.0
PS6_t3465,0.0
PS6_t3466,0.0
PS6_t3467,0.0
PS6_t3468,0.0
PS6_t3469,0.0
PS6_t3470,0.0
PS6_t3471,0.0
PS6_t3472,0.0
PS6_t3457,0.0
PS6_t3458,0.0
PS6_t3459,0.0
PS6_t3460,0.0
PS6_t3461,0.0
PS6_t3462,0.0
PS6_t3463,0.0
PS6_t3464,0.0
PS6_t3449,0.0
PS6_t3450,0.0
PS6_t3451,0.0
PS6_t3452,0.0
PS6_t3453,0.0
PS6_t3454,0.0
PS6_t3455,0.0
PS6_t3456,0.0
PS6_t3505,0.0
PS6_t3506,0.0
PS6_t3507,0.0
PS6_t3508,0.0
PS6_t3509,0.0
PS6_t3510,0.0
PS6_t3511,0.0
PS6_t3512,0.0
PS6_t3497,0.0
PS6_t3498,0.0
PS6_t3499,0.0
PS6_t3500,0.0
PS6_t3501,0.0
PS6_t3502,0.0
PS6_t3503,0.0
PS6_t3504,0.0
PS6_t3489,0.0
PS6_t3490,0.0
PS6_t3491,0.0
PS6_t3492,0.0
PS6_t3493,0.0
PS6_t3494,0.0
PS6_t3495,0.0
PS6_t3496,0.0
PS6_t3481,0.0
PS6_t3482,0.0
PS6_t3483,0.0
PS6_t3484,0.0
PS6_t3485,0.0
PS6_t3486,0.0
PS6_t3487,0.0
PS6_t3488,0.0
PS6_t3537,0.0
PS6_t3538,0.0
PS6_t3539,0.0
PS6_t3540,0.0
PS6_t3541,0.0
PS6_t3542,0.0
PS6_t3543,0.0
PS6_t3544,0.0
PS6_t3529,0.0
PS6_t3530,0.0
PS6_t3531,0.0
PS6_t3532,0.0
PS6_t3533,0.0
PS6_t3534,0.0
PS6_t3535,0.0
PS6_t3536,0.0
PS6_t3521,0.0
PS6_t3522,0.0
PS6_t3523,0.0
PS6_t3524,0.0
PS6_t3525,0.0
PS6_t3526,0.0
PS6_t3527,0.0
PS6_t3528,0.0
PS6_t3513,0.0
PS6_t3514,0.0
PS6_t3515,0.0
PS6_t3516,0.0
PS6_t3517,0.0
PS6_t3518,0.0
PS6_t3519,0.0
PS6_t3520,0.0
PS6_t3569,0.0
PS6_t3570,0.0
PS6_t3571,0.0
PS6_t3572,0.0
PS6_t3573,0.0
PS6_t3574,0.0
PS6_t3575,0.0
PS6_t3576,0.0
PS6_t3561,0.0
PS6_t3562,0.0
PS6_t3563,0.0
PS6_t3564,0.0
PS6_t3565,0.0
PS6_t3566,0.0
PS6_t3567,0.0
PS6_t3568,0.0
PS6_t3553,0.0
PS6_t3554,0.0
PS6_t3555,0.0
PS6_t3556,0.0
PS6_t3557,0.0
PS6_t3558,0.0
PS6_t3559,0.0
PS6_t3560,0.0
PS6_t3545,0.0
PS6_t3546,0.0
PS6_t3547,0.0
PS6_t3548,0.0
PS6_t3549,0.0
PS6_t3550,0.0
PS6_t3551,0.0
PS6_t3552,0.0
PS6_t3601,0.0
PS6_t3602,0.0
PS6_t3603,0.0
PS6_t3604,0.0
PS6_t3605,0.0
PS6_t3606,0.0
PS6_t3607,0.0
PS6_t3608,0.0
PS6_t3593,0.0
PS6_t3594,0.0
PS6_t3595,0.0
PS6_t3596,0.0
PS6_t3597,0.0
PS6_t3598,0.0
PS6_t3599,0.0
PS6_t3600,0.0
PS6_t3585,0.0
PS6_t3586,0.0
PS6_t3587,0.0
PS6_t3588,0.0
PS6_t3589,0.0
PS6_t3590,0.0
PS6_t3591,0.0
PS6_t3592,0.0
PS6_t3577,0.0
PS6_t3578,0.0
PS6_t3579,0.0
PS6_t3580,0.0
PS6_t3581,0.0
PS6_t3582,0.0
PS6_t3583,0.0
PS6_t3584,0.0
PS6_t3633,0.0
PS6_t3634,0.0
PS6_t3635,0.0
PS6_t3636,0.0
PS6_t3637,0.0
PS6_t3638,0.0
PS6_t3639,0.0
PS6_t3640,0.0
PS6_t3625,0.0
PS6_t3626,0.0
PS6_t3627,0.0
PS6_t3628,0.0
PS6_t3629,0.0
PS6_t3630,0.0
PS6_t3631,0.0
PS6_t3632,0.0
PS6_t3617,0.0
PS6_t3618,0.0
PS6_t3619,0.0
PS6_t3620,0.0
PS6_t3621,0.0
PS6_t3622,0.0
PS6_t3623,0.0
PS6_t3624,0.0
PS6_t3609,0.0
PS6_t3610,0.0
PS6_t3611,0.0
PS6_t3612,0.0
PS6_t3613,0.0
PS6_t3614,0.0
PS6_t3615,0.0
PS6_t3616,0.0
PS6_t3665,0.0
PS6_t3666,0.0
PS6_t3667,0.0
PS6_t3668,0.0
PS6_t3669,0.0
PS6_t3670,0.0
PS6_t3671,0.0
PS6_t3672,0.0
PS6_t3657,0.0
PS6_t3658,0.0
PS6_t3659,0.0
PS6_t3660,0.0
PS6_t3661,0.0
PS6_t3662,0.0
PS6_t3663,0.0
PS6_t3664,0.0
PS6_t3649,0.0
PS6_t3650,0.0
PS6_t3651,0.0
PS6_t3652,0.0
PS6_t3653,0.0
PS6_t3654,0.0
PS6_t3655,0.0
PS6_t3656,0.0
PS6_t3641,0.0
PS6_t3642,0.0
PS6_t3643,0.0
PS6_t3644,0.0
PS6_t3645,0.0
PS6_t3646,0.0
PS6_t3647,0.0
PS6_t3648,0.0
PS6_t3697,0.0
PS6_t3698,0.0
PS6_t3699,0.0
PS6_t3700,0.0
PS6_t3701,0.0
PS6_t3702,0.0
PS6_t3703,0.0
PS6_t3704,0.0
PS6_t3689,0.0
PS6_t3690,0.0
PS6_t3691,0.0
PS6_t3692,0.0
PS6_t3693,0.0
PS6_t3694,0.0
PS6_t3695,0.0
PS6_t3696,0.0
PS6_t3681,0.0
PS6_t3682,0.0
PS6_t3683,0.0
PS6_t3684,0.0
PS6_t3685,0.0
PS6_t3686,0.0
PS6_t3687,0.0
PS6_t3688,0.0
PS6_t3673,0.0
PS6_t3674,0.0
PS6_t3675,0.0
PS6_t3676,0.0
PS6_t3677,0.0
PS6_t3678,0.0
PS6_t3679,0.0
PS6_t3680,0.0
PS6_t3729,0.0
PS6_t3730,0.0
PS6_t3731,0.0
PS6_t3732,0.0
PS6_t3733,0.0
PS6_t3734,0.0
PS6_t3735,0.0
PS6_t3736,0.0
PS6_t3721,0.0
PS6_t3722,0.0
PS6_t3723,0.0
PS6_t3724,0.0
PS6_t3725,0.0
PS6_t3726,0.0
PS6_t3727,0.0
PS6_t3728,0.0
PS6_t3713,0.0
PS6_t3714,0.0
PS6_t3715,0.0
PS6_t3716,0.0
PS6_t3717,0.0
PS6_t3718,0.0
PS6_t3719,0.0
PS6_t3720,0.0
PS6_t3705,0.0
PS6_t3706,0.0
PS6_t3707,0.0
PS6_t3708,0.0
PS6_t3709,0.0
PS6_t3710,0.0
PS6_t3711,0.0
PS6_t3712,0.0
PS6_t3761,0.0
PS6_t3762,0.0
PS6_t3763,0.0
PS6_t3764,0.0
PS6_t3765,0.0
PS6_t3766,0.0
PS6_t3767,0.0
PS6_t3768,0.0
PS6_t3753,0.0
PS6_t3754,0.0
PS6_t3755,0.0
PS6_t3756,0.0
PS6_t3757,0.0
PS6_t3758,0.0
PS6_t3759,0.0
PS6_t3760,0.0
PS6_t3745,0.0
PS6_t3746,0.0
PS6_t3747,0.0
PS6_t3748,0.0
PS6_t3749,0.0
PS6_t3750,0.0
PS6_t3751,0.0
PS6_t3752,0.0
PS6_t3737,0.0
PS6_t3738,0.0
PS6_t3739,0.0
PS6_t3740,0.0
PS6_t3741,0.0
PS6_t3742,0.0
PS6_t3743,0.0
PS6_t3744,0.0
PS6_t3793,0.0
PS6_t3794,0.0
PS6_t3795,0.0
PS6_t3796,0.0
PS6_t3797,0.0
PS6_t3798,0.0
PS6_t3799,0.0
PS6_t3800,0.0
PS6_t3785,0.0
PS6_t3786,0.0
PS6_t3787,0.0
PS6_t3788,0.0
PS6_t3789,0.0
PS6_t3790,0.0
PS6_t3791,0.0
PS6_t3792,0.0
PS6_t3777,0.0
PS6_t3778,0.0
PS6_t3779,0.0
PS6_t3780,0.0
PS6_t3781,0.0
PS6_t3782,0.0
PS6_t3783,0.0
PS6_t3784,0.0
PS6_t3769,0.0
PS6_t3770,0.0
PS6_t3771,0.0
PS6_t3772,0.0
PS6_t3773,0.0
PS6_t3774,0.0
PS6_t3775,0.0
PS6_t3776,0.0
PS6_t3825,0.0
PS6_t3826,0.0
PS6_t3827,0.0
PS6_t3828,0.0
PS6_t3829,0.0
PS6_t3830,0.0
PS6_t3831,0.0
PS6_t3832,0.0
PS6_t3817,0.0
PS6_t3818,0.0
PS6_t3819,0.0
PS6_t3820,0.0
PS6_t3821,0.0
PS6_t3822,0.0
PS6_t3823,0.0
PS6_t3824,0.0
PS6_t3809,0.0
PS6_t3810,0.0
PS6_t3811,0.0
PS6_t3812,0.0
PS6_t3813,0.0
PS6_t3814,0.0
PS6_t3815,0.0
PS6_t3816,0.0
PS6_t3801,0.0
PS6_t3802,0.0
PS6_t3803,0.0
PS6_t3804,0.0
PS6_t3805,0.0
PS6_t3806,0.0
PS6_t3807,0.0
PS6_t3808,0.0
PS6_t3857,0.0
PS6_t3858,0.0
PS6_t3859,0.0
PS6_t3860,0.0
PS6_t3861,0.0
PS6_t3862,0.0
PS6_t3863,0.0
PS6_t3864,0.0
PS6_t3849,0.0
PS6_t3850,0.0
PS6_t3851,0.0
PS6_t3852,0.0
PS6_t3853,0.0
PS6_t3854,0.0
PS6_t3855,0.0
PS6_t3856,0.0
PS6_t3841,0.0
PS6_t3842,0.0
PS6_t3843,0.0
PS6_t3844,0.0
PS6_t3845,0.0
PS6_t3846,0.0
PS6_t3847,0.0
PS6_t3848,0.0
PS6_t3833,0.0
PS6_t3834,0.0
PS6_t3835,0.0
PS6_t3836,0.0
PS6_t3837,0.0
PS6_t3838,0.0
PS6_t3839,0.0
PS6_t3840,0.0
PS6_t3889,0.0
PS6_t3890,0.0
PS6_t3891,0.0
PS6_t3892,0.0
PS6_t3893,0.0
PS6_t3894,0.0
PS6_t3895,0.0
PS6_t3896,0.0
PS6_t3881,0.0
PS6_t3882,0.0
PS6_t3883,0.0
PS6_t3884,0.0
PS6_t3885,0.0
PS6_t3886,0.0
PS6_t3887,0.0
PS6_t3888,0.0
PS6_t3873,0.0
PS6_t3874,0.0
PS6_t3875,0.0
PS6_t3876,0.0
PS6_t3877,0.0
PS6_t3878,0.0
PS6_t3879,0.0
PS6_t3880,0.0
PS6_t3865,0.0
PS6_t3866,0.0
PS6_t3867,0.0
PS6_t3868,0.0
PS6_t3869,0.0
PS6_t3870,0.0
PS6_t3871,0.0
PS6_t3872,0.0
PS6_t3921,0.0
PS6_t3922,0.0
PS6_t3923,0.0
PS6_t3924,0.0
PS6_t3925,0.0
PS6_t3926,0.0
PS6_t3927,0.0
PS6_t3928,0.0
PS6_t3913,0.0
PS6_t3914,0.0
PS6_t3915,0.0
PS6_t3916,0.0
PS6_t3917,0.0
PS6_t3918,0.0
PS6_t3919,0.0
PS6_t3920,0.0
PS6_t3905,0.0
PS6_t3906,0.0
PS6_t3907,0.0
PS6_t3908,0.0
PS6_t3909,0.0
PS6_t3910,0.0
PS6_t3911,0.0
PS6_t3912,0.0
PS6_t3897,0.0
PS6_t3898,0.0
PS6_t3899,0.0
PS6_t3900,0.0
PS6_t3901,0.0
PS6_t3902,0.0
PS6_t3903,0.0
PS6_t3904,0.0
PS6_t3953,0.0
PS6_t3954,0.0
PS6_t3955,0.0
PS6_t3956,0.0
PS6_t3957,0.0
PS6_t3958,0.0
PS6_t3959,0.0
PS6_t3960,0.0
PS6_t3945,0.0
PS6_t3946,0.0
PS6_t3947,0.0
PS6_t3948,0.0
PS6_t3949,0.0
PS6_t3950,0.0
PS6_t3951,0.0
PS6_t3952,0.0
PS6_t3937,0.0
PS6_t3938,0.0
PS6_t3939,0.0
PS6_t3940,0.0
PS6_t3941,0.0
PS6_t3942,0.0
PS6_t3943,0.0
PS6_t3944,0.0
PS6_t3929,0.0
PS6_t3930,0.0
PS6_t3931,0.0
PS6_t3932,0.0
PS6_t3933,0.0
PS6_t3934,0.0
PS6_t3935,0.0
PS6_t3936,0.0
PS6_t3985,0.0
PS6_t3986,0.0
PS6_t3987,0.0
PS6_t3988,0.0
PS6_t3989,0.0
PS6_t3990,0.0
PS6_t3991,0.0
PS6_t3992,0.0
PS6_t3977,0.0
PS6_t3978,0.0
PS6_t3979,0.0
PS6_t3980,0.0
PS6_t3981,0.0
PS6_t3982,0.0
PS6_t3983,0.0
PS6_t3984,0.0
PS6_t3969,0.0
PS6_t3970,0.0
PS6_t3971,0.0
PS6_t3972,0.0
PS6_t3973,0.0
PS6_t3974,0.0
PS6_t3975,0.0
PS6_t3976,0.0
PS6_t3961,0.0
PS6_t3962,0.0
PS6_t3963,0.0
PS6_t3964,0.0
PS6_t3965,0.0
PS6_t3966,0.0
PS6_t3967,0.0
PS6_t3968,0.0
PS6_t4017,0.0
PS6_t4018,0.0
PS6_t4019,0.0
PS6_t4020,0.0
PS6_t4021,0.0
PS6_t4022,0.0
PS6_t4023,0.0
PS6_t4024,0.0
PS6_t4009,0.0
PS6_t4010,0.0
PS6_t4011,0.0
PS6_t4012,0.0
PS6_t4013,0.0
PS6_t4014,0.0
PS6_t4015,0.0
PS6_t4016,0.0
PS6_t4001,0.0
PS6_t4002,0.0
PS6_t4003,0.0
PS6_t4004,0.0
PS6_t4005,0.0
PS6_t4006,0.0
PS6_t4007,0.0
PS6_t4008,0.0
PS6_t3993,0.0
PS6_t3994,0.0
PS6_t3995,0.0
PS6_t3996,0.0
PS6_t3997,0.0
PS6_t3998,0.0
PS6_t3999,0.0
PS6_t4000,0.0
PS6_t4049,0.0
PS6_t4050,0.0
PS6_t4051,0.0
PS6_t4052,0.0
PS6_t4053,0.0
PS6_t4054,0.0
PS6_t4055,0.0
PS6_t4056,0.0
PS6_t4041,0.0
PS6_t4042,0.0
PS6_t4043,0.0
PS6_t4044,0.0
PS6_t4045,0.0
PS6_t4046,0.0
PS6_t4047,0.0
PS6_t4048,0.0
PS6_t4033,0.0
PS6_t4034,0.0
PS6_t4035,0.0
PS6_t4036,0.0
PS6_t4037,0.0
PS6_t4038,0.0
PS6_t4039,0.0
PS6_t4040,0.0
PS6_t4025,0.0
PS6_t4026,0.0
PS6_t4027,0.0
PS6_t4028,0.0
PS6_t4029,0.0
PS6_t4030,0.0
PS6_t4031,0.0
PS6_t4032,0.0
PS6_t4081,0.0
PS6_t4082,0.0
PS6_t4083,0.0
PS6_t4084,0.0
PS6_t4085,0.0
PS6_t4086,0.0
PS6_t4087,0.0
PS6_t4088,0.0
PS6_t4073,0.0
PS6_t4074,0.0
PS6_t4075,0.0
PS6_t4076,0.0
PS6_t4077,0.0
PS6_t4078,0.0
PS6_t4079,0.0
PS6_t4080,0.0
PS6_t4065,0.0
PS6_t4066,0.0
PS6_t4067,0.0
PS6_t4068,0.0
PS6_t4069,0.0
PS6_t4070,0.0
PS6_t4071,0.0
PS6_t4072,0.0
PS6_t4057,0.0
PS6_t4058,0.0
PS6_t4059,0.0
PS6_t4060,0.0
PS6_t4061,0.0
PS6_t4062,0.0
PS6_t4063,0.0
PS6_t4064,0.0
PS6_t4113,0.0
PS6_t4114,0.0
PS6_t4115,0.0
PS6_t4116,0.0
PS6_t4117,0.0
PS6_t4118,0.0
PS6_t4119,0.0
PS6_t4120,0.0
PS6_t4105,0.0
PS6_t4106,0.0
PS6_t4107,0.0
PS6_t4108,0.0
PS6_t4109,0.0
PS6_t4110,0.0
PS6_t4111,0.0
PS6_t4112,0.0
PS6_t4097,0.0
PS6_t4098,0.0
PS6_t4099,0.0
PS6_t4100,0.0
PS6_t4101,0.0
PS6_t4102,0.0
PS6_t4103,0.0
PS6_t4104,0.0
PS6_t4089,0.0
PS6_t4090,0.0
PS6_t4091,0.0
PS6_t4092,0.0
PS6_t4093,0.0
PS6_t4094,0.0
PS6_t4095,0.0
PS6_t4096,0.0
PS6_t4145,0.0
PS6_t4146,0.0
PS6_t4147,0.0
PS6_t4148,0.0
PS6_t4149,0.0
PS6_t4150,0.0
PS6_t4151,0.0
PS6_t4152,0.0
PS6_t4137,0.0
PS6_t4138,0.0
PS6_t4139,0.0
PS6_t4140,0.0
PS6_t4141,0.0
PS6_t4142,0.0
PS6_t4143,0.0
PS6_t4144,0.0
PS6_t4129,0.0
PS6_t4130,0.0
PS6_t4131,0.0
PS6_t4132,0.0
PS6_t4133,0.0
PS6_t4134,0.0
PS6_t4135,0.0
PS6_t4136,0.0
PS6_t4121,0.0
PS6_t4122,0.0
PS6_t4123,0.0
PS6_t4124,0.0
PS6_t4125,0.0
PS6_t4126,0.0
PS6_t4127,0.0
PS6_t4128,0.0
PS6_t4177,0.0
PS6_t4178,0.0
PS6_t4179,0.0
PS6_t4180,0.0
PS6_t4181,0.0
PS6_t4182,0.0
PS6_t4183,0.0
PS6_t4184,0.0
PS6_t4169,0.0
PS6_t4170,0.0
PS6_t4171,0.0
PS6_t4172,0.0
PS6_t4173,0.0
PS6_t4174,0.0
PS6_t4175,0.0
PS6_t4176,0.0
PS6_t4161,0.0
PS6_t4162,0.0
PS6_t4163,0.0
PS6_t4164,0.0
PS6_t4165,0.0
PS6_t4166,0.0
PS6_t4167,0.0
PS6_t4168,0.0
PS6_t4153,0.0
PS6_t4154,0.0
PS6_t4155,0.0
PS6_t4156,0.0
PS6_t4157,0.0
PS6_t4158,0.0
PS6_t4159,0.0
PS6_t4160,0.0
PS6_t4209,0.0
PS6_t4210,0.0
PS6_t4211,0.0
PS6_t4212,0.0
PS6_t4213,0.0
PS6_t4214,0.0
PS6_t4215,0.0
PS6_t4216,0.0
PS6_t4201,0.0
PS6_t4202,0.0
PS6_t4203,0.0
PS6_t4204,0.0
PS6_t4205,0.0
PS6_t4206,0.0
PS6_t4207,0.0
PS6_t4208,0.0
PS6_t4193,0.0
PS6_t4194,0.0
PS6_t4195,0.0
PS6_t4196,0.0
PS6_t4197,0.0
PS6_t4198,0.0
PS6_t4199,0.0
PS6_t4200,0.0
PS6_t4185,0.0
PS6_t4186,0.0
PS6_t4187,0.0
PS6_t4188,0.0
PS6_t4189,0.0
PS6_t4190,0.0
PS6_t4191,0.0
PS6_t4192,0.0
PS6_t4241,0.0
PS6_t4242,0.0
PS6_t4243,0.0
PS6_t4244,0.0
PS6_t4245,0.0
PS6_t4246,0.0
PS6_t4247,0.0
PS6_t4248,0.0
PS6_t4233,0.0
PS6_t4234,0.0
PS6_t4235,0.0
PS6_t4236,0.0
PS6_t4237,0.0
PS6_t4238,0.0
PS6_t4239,0.0
PS6_t4240,0.0
PS6_t4225,0.0
PS6_t4226,0.0
PS6_t4227,0.0
PS6_t4228,0.0
PS6_t4229,0.0
PS6_t4230,0.0
PS6_t4231,0.0
PS6_t4232,0.0
PS6_t4217,0.0
PS6_t4218,0.0
PS6_t4219,0.0
PS6_t4220,0.0
PS6_t4221,0.0
PS6_t4222,0.0
PS6_t4223,0.0
PS6_t4224,0.0
PS6_t4273,0.0
PS6_t4274,0.0
PS6_t4275,0.0
PS6_t4276,0.0
PS6_t4277,0.0
PS6_t4278,0.0
PS6_t4279,0.0
PS6_t4280,0.0
PS6_t4265,0.0
PS6_t4266,0.0
PS6_t4267,0.0
PS6_t4268,0.0
PS6_t4269,0.0
PS6_t4270,0.0
PS6_t4271,0.0
PS6_t4272,0.0
PS6_t4257,0.0
PS6_t4258,0.0
PS6_t4259,0.0
PS6_t4260,0.0
PS6_t4261,0.0
PS6_t4262,0.0
PS6_t4263,0.0
PS6_t4264,0.0
PS6_t4249,0.0
PS6_t4250,0.0
PS6_t4251,0.0
PS6_t4252,0.0
PS6_t4253,0.0
PS6_t4254,0.0
PS6_t4255,0.0
PS6_t4256,0.0
PS6_t4305,0.0
PS6_t4306,0.0
PS6_t4307,0.0
PS6_t4308,0.0
PS6_t4309,0.0
PS6_t4310,0.0
PS6_t4311,0.0
PS6_t4312,0.0
PS6_t4297,0.0
PS6_t4298,0.0
PS6_t4299,0.0
PS6_t4300,0.0
PS6_t4301,0.0
PS6_t4302,0.0
PS6_t4303,0.0
PS6_t4304,0.0
PS6_t4289,0.0
PS6_t4290,0.0
PS6_t4291,0.0
PS6_t4292,0.0
PS6_t4293,0.0
PS6_t4294,0.0
PS6_t4295,0.0
PS6_t4296,0.0
PS6_t4281,0.0
PS6_t4282,0.0
PS6_t4283,0.0
PS6_t4284,0.0
PS6_t4285,0.0
PS6_t4286,0.0
PS6_t4287,0.0
PS6_t4288,0.0
PS6_t4337,0.0
PS6_t4338,0.0
PS6_t4339,0.0
PS6_t4340,0.0
PS6_t4341,0.0
PS6_t4342,0.0
PS6_t4343,0.0
PS6_t4344,0.0
PS6_t4329,0.0
PS6_t4330,0.0
PS6_t4331,0.0
PS6_t4332,0.0
PS6_t4333,0.0
PS6_t4334,0.0
PS6_t4335,0.0
PS6_t4336,0.0
PS6_t4321,0.0
PS6_t4322,0.0
PS6_t4323,0.0
PS6_t4324,0.0
PS6_t4325,0.0
PS6_t4326,0.0
PS6_t4327,0.0
PS6_t4328,0.0
PS6_t4313,0.0
PS6_t4314,0.0
PS6_t4315,0.0
PS6_t4316,0.0
PS6_t4317,0.0
PS6_t4318,0.0
PS6_t4319,0.0
PS6_t4320,0.0
PS6_t4369,0.0
PS6_t4370,0.0
PS6_t4371,0.0
PS6_t4372,0.0
PS6_t4373,0.0
PS6_t4374,0.0
PS6_t4375,0.0
PS6_t4376,0.0
PS6_t4361,0.0
PS6_t4362,0.0
PS6_t4363,0.0
PS6_t4364,0.0
PS6_t4365,0.0
PS6_t4366,0.0
PS6_t4367,0.0
PS6_t4368,0.0
PS6_t4353,0.0
PS6_t4354,0.0
PS6_t4355,0.0
PS6_t4356,0.0
PS6_t4357,0.0
PS6_t4358,0.0
PS6_t4359,0.0
PS6_t4360,0.0
PS6_t4345,0.0
PS6_t4346,0.0
PS6_t4347,0.0
PS6_t4348,0.0
PS6_t4349,0.0
PS6_t4350,0.0
PS6_t4351,0.0
PS6_t4352,0.0
PS6_t4401,0.0
PS6_t4402,0.0
PS6_t4403,0.0
PS6_t4404,0.0
PS6_t4405,0.0
PS6_t4406,0.0
PS6_t4407,0.0
PS6_t4408,0.0
PS6_t4393,0.0
PS6_t4394,0.0
PS6_t4395,0.0
PS6_t4396,0.0
PS6_t4397,0.0
PS6_t4398,0.0
PS6_t4399,0.0
PS6_t4400,0.0
PS6_t4385,0.0
PS6_t4386,0.0
PS6_t4387,0.0
PS6_t4388,0.0
PS6_t4389,0.0
PS6_t4390,0.0
PS6_t4391,0.0
PS6_t4392,0.0
PS6_t4377,0.0
PS6_t4378,0.0
PS6_t4379,0.0
PS6_t4380,0.0
PS6_t4381,0.0
PS6_t4382,0.0
PS6_t4383,0.0
PS6_t4384,0.0
PS6_t4433,0.0
PS6_t4434,0.0
PS6_t4435,0.0
PS6_t4436,0.0
PS6_t4437,0.0
PS6_t4438,0.0
PS6_t4439,0.0
PS6_t4440,0.0
PS6_t4425,0.0
PS6_t4426,0.0
PS6_t4427,0.0
PS6_t4428,0.0
PS6_t4429,0.0
PS6_t4430,0.0
PS6_t4431,0.0
PS6_t4432,0.0
PS6_t4417,0.0
PS6_t4418,0.0
PS6_t4419,0.0
PS6_t4420,0.0
PS6_t4421,0.0
PS6_t4422,0.0
PS6_t4423,0.0
PS6_t4424,0.0
PS6_t4409,0.0
PS6_t4410,0.0
PS6_t4411,0.0
PS6_t4412,0.0
PS6_t4413,0.0
PS6_t4414,0.0
PS6_t4415,0.0
PS6_t4416,0.0
PS6_t4465,0.0
PS6_t4466,0.0
PS6_t4467,0.0
PS6_t4468,0.0
PS6_t4469,0.0
PS6_t4470,0.0
PS6_t4471,0.0
PS6_t4472,0.0
PS6_t4457,0.0
PS6_t4458,0.0
PS6_t4459,0.0
PS6_t4460,0.0
PS6_t4461,0.0
PS6_t4462,0.0
PS6_t4463,0.0
PS6_t4464,0.0
PS6_t4449,0.0
PS6_t4450,0.0
PS6_t4451,0.0
PS6_t4452,0.0
PS6_t4453,0.0
PS6_t4454,0.0
PS6_t4455,0.0
PS6_t4456,0.0
PS6_t4441,0.0
PS6_t4442,0.0
PS6_t4443,0.0
PS6_t4444,0.0
PS6_t4445,0.0
PS6_t4446,0.0
PS6_t4447,0.0
PS6_t4448,0.0
PS6_t4497,0.0
PS6_t4498,0.0
PS6_t4499,0.0
PS6_t4500,0.0
PS6_t4501,0.0
PS6_t4502,0.0
PS6_t4503,0.0
PS6_t4504,0.0
PS6_t4489,0.0
PS6_t4490,0.0
PS6_t4491,0.0
PS6_t4492,0.0
PS6_t4493,0.0
PS6_t4494,0.0
PS6_t4495,0.0
PS6_t4496,0.0
PS6_t4481,0.0
PS6_t4482,0.0
PS6_t4483,0.0
PS6_t4484,0.0
PS6_t4485,0.0
PS6_t4486,0.0
PS6_t4487,0.0
PS6_t4488,0.0
PS6_t4473,0.0
PS6_t4474,0.0
PS6_t4475,0.0
PS6_t4476,0.0
PS6_t4477,0.0
PS6_t4478,0.0
PS6_t4479,0.0
PS6_t4480,0.0
PS6_t4529,0.0
PS6_t4530,0.0
PS6_t4531,0.0
PS6_t4532,0.0
PS6_t4533,0.0
PS6_t4534,0.0
PS6_t4535,0.0
PS6_t4536,0.0
PS6_t4521,0.0
PS6_t4522,0.0
PS6_t4523,0.0
PS6_t4524,0.0
PS6_t4525,0.0
PS6_t4526,0.0
PS6_t4527,0.0
PS6_t4528,0.0
PS6_t4513,0.0
PS6_t4514,0.0
PS6_t4515,0.0
PS6_t4516,0.0
PS6_t4517,0.0
PS6_t4518,0.0
PS6_t4519,0.0
PS6_t4520,0.0
PS6_t4505,0.0
PS6_t4506,0.0
PS6_t4507,0.0
PS6_t4508,0.0
PS6_t4509,0.0
PS6_t4510,0.0
PS6_t4511,0.0
PS6_t4512,0.0
PS6_t4561,0.0
PS6_t4562,0.0
PS6_t4563,0.0
PS6_t4564,0.0
PS6_t4565,0.0
PS6_t4566,0.0
PS6_t4567,0.0
PS6_t4568,0.0
PS6_t4553,0.0
PS6_t4554,0.0
PS6_t4555,0.0
PS6_t4556,0.0
PS6_t4557,0.0
PS6_t4558,0.0
PS6_t4559,0.0
PS6_t4560,0.0
PS6_t4545,0.0
PS6_t4546,0.0
PS6_t4547,0.0
PS6_t4548,0.0
PS6_t4549,0.0
PS6_t4550,0.0
PS6_t4551,0.0
PS6_t4552,0.0
PS6_t4537,0.0
PS6_t4538,0.0
PS6_t4539,0.0
PS6_t4540,0.0
PS6_t4541,0.0
PS6_t4542,0.0
PS6_t4543,0.0
PS6_t4544,0.0
PS6_t4593,0.0
PS6_t4594,0.0
PS6_t4595,0.0
PS6_t4596,0.0
PS6_t4597,0.0
PS6_t4598,0.0
PS6_t4599,0.0
PS6_t4600,0.0
PS6_t4585,0.0
PS6_t4586,0.0
PS6_t4587,0.0
PS6_t4588,0.0
PS6_t4589,0.0
PS6_t4590,0.0
PS6_t4591,0.0
PS6_t4592,0.0
PS6_t4577,0.0
PS6_t4578,0.0
PS6_t4579,0.0
PS6_t4580,0.0
PS6_t4581,0.0
PS6_t4582,0.0
PS6_t4583,0.0
PS6_t4584,0.0
PS6_t4569,0.0
PS6_t4570,0.0
PS6_t4571,0.0
PS6_t4572,0.0
PS6_t4573,0.0
PS6_t4574,0.0
PS6_t4575,0.0
PS6_t4576,0.0
PS6_t4625,0.0
PS6_t4626,0.0
PS6_t4627,0.0
PS6_t4628,0.0
PS6_t4629,0.0
PS6_t4630,0.0
PS6_t4631,0.0
PS6_t4632,0.0
PS6_t4617,0.0
PS6_t4618,0.0
PS6_t4619,0.0
PS6_t4620,0.0
PS6_t4621,0.0
PS6_t4622,0.0
PS6_t4623,0.0
PS6_t4624,0.0
PS6_t4609,0.0
PS6_t4610,0.0
PS6_t4611,0.0
PS6_t4612,0.0
PS6_t4613,0.0
PS6_t4614,0.0
PS6_t4615,0.0
PS6_t4616,0.0
PS6_t4601,0.0
PS6_t4602,0.0
PS6_t4603,0.0
PS6_t4604,0.0
PS6_t4605,0.0
PS6_t4606,0.0
PS6_t4607,0.0
PS6_t4608,0.0
PS6_t4657,0.0
PS6_t4658,0.0
PS6_t4659,0.0
PS6_t4660,0.0
PS6_t4661,0.0
PS6_t4662,0.0
PS6_t4663,0.0
PS6_t4664,0.0
PS6_t4649,0.0
PS6_t4650,0.0
PS6_t4651,0.0
PS6_t4652,0.0
PS6_t4653,0.0
PS6_t4654,0.0
PS6_t4655,0.0
PS6_t4656,0.0
PS6_t4641,0.0
PS6_t4642,0.0
PS6_t4643,0.0
PS6_t4644,0.0
PS6_t4645,0.0
PS6_t4646,0.0
PS6_t4647,0.0
PS6_t4648,0.0
PS6_t4633,0.0
PS6_t4634,0.0
PS6_t4635,0.0
PS6_t4636,0.0
PS6_t4637,0.0
PS6_t4638,0.0
PS6_t4639,0.0
PS6_t4640,0.0
PS6_t4689,0.0
PS6_t4690,0.0
PS6_t4691,0.0
PS6_t4692,0.0
PS6_t4693,0.0
PS6_t4694,0.0
PS6_t4695,0.0
PS6_t4696,0.0
PS6_t4681,0.0
PS6_t4682,0.0
PS6_t4683,0.0
PS6_t4684,0.0
PS6_t4685,0.0
PS6_t4686,0.0
PS6_t4687,0.0
PS6_t4688,0.0
PS6_t4673,0.0
PS6_t4674,0.0
PS6_t4675,0.0
PS6_t4676,0.0
PS6_t4677,0.0
PS6_t4678,0.0
PS6_t4679,0.0
PS6_t4680,0.0
PS6_t4665,0.0
PS6_t4666,0.0
PS6_t4667,0.0
PS6_t4668,0.0
PS6_t4669,0.0
PS6_t4670,0.0
PS6_t4671,0.0
PS6_t4672,0.0
PS6_t4721,0.0
PS6_t4722,0.0
PS6_t4723,0.0
PS6_t4724,0.0
PS6_t4725,0.0
PS6_t4726,0.0
PS6_t4727,0.0
PS6_t4728,0.0
PS6_t4713,0.0
PS6_t4714,0.0
PS6_t4715,0.0
PS6_t4716,0.0
PS6_t4717,0.0
PS6_t4718,0.0
PS6_t4719,0.0
PS6_t4720,0.0
PS6_t4705,0.0
PS6_t4706,0.0
PS6_t4707,0.0
PS6_t4708,0.0
PS6_t4709,0.0
PS6_t4710,0.0
PS6_t4711,0.0
PS6_t4712,0.0
PS6_t4697,0.0
PS6_t4698,0.0
PS6_t4699,0.0
PS6_t4700,0.0
PS6_t4701,0.0
PS6_t4702,0.0
PS6_t4703,0.0
PS6_t4704,0.0
PS6_t4753,0.0
PS6_t4754,0.0
PS6_t4755,0.0
PS6_t4756,0.0
PS6_t4757,0.0
PS6_t4758,0.0
PS6_t4759,0.0
PS6_t4760,0.0
PS6_t4745,0.0
PS6_t4746,0.0
PS6_t4747,0.0
PS6_t4748,0.0
PS6_t4749,0.0
PS6_t4750,0.0
PS6_t4751,0.0
PS6_t4752,0.0
PS6_t4737,0.0
PS6_t4738,0.0
PS6_t4739,0.0
PS6_t4740,0.0
PS6_t4741,0.0
PS6_t4742,0.0
PS6_t4743,0.0
PS6_t4744,0.0
PS6_t4729,0.0
PS6_t4730,0.0
PS6_t4731,0.0
PS6_t4732,0.0
PS6_t4733,0.0
PS6_t4734,0.0
PS6_t4735,0.0
PS6_t4736,0.0
PS6_t4785,0.0
PS6_t4786,0.0
PS6_t4787,0.0
PS6_t4788,0.0
PS6_t4789,0.0
PS6_t4790,0.0
PS6_t4791,0.0
PS6_t4792,0.0
PS6_t4777,0.0
PS6_t4778,0.0
PS6_t4779,0.0
PS6_t4780,0.0
PS6_t4781,0.0
PS6_t4782,0.0
PS6_t4783,0.0
PS6_t4784,0.0
PS6_t4769,0.0
PS6_t4770,0.0
PS6_t4771,0.0
PS6_t4772,0.0
PS6_t4773,0.0
PS6_t4774,0.0
PS6_t4775,0.0
PS6_t4776,0.0
PS6_t4761,0.0
PS6_t4762,0.0
PS6_t4763,0.0
PS6_t4764,0.0
PS6_t4765,0.0
PS6_t4766,0.0
PS6_t4767,0.0
PS6_t4768,0.0
PS6_t4817,0.0
PS6_t4818,0.0
PS6_t4819,0.0
PS6_t4820,0.0
PS6_t4821,0.0
PS6_t4822,0.0
PS6_t4823,0.0
PS6_t4824,0.0
PS6_t4809,0.0
PS6_t4810,0.0
PS6_t4811,0.0
PS6_t4812,0.0
PS6_t4813,0.0
PS6_t4814,0.0
PS6_t4815,0.0
PS6_t4816,0.0
PS6_t4801,0.0
PS6_t4802,0.0
PS6_t4803,0.0
PS6_t4804,0.0
PS6_t4805,0.0
PS6_t4806,0.0
PS6_t4807,0.0
PS6_t4808,0.0
PS6_t4793,0.0
PS6_t4794,0.0
PS6_t4795,0.0
PS6_t4796,0.0
PS6_t4797,0.0
PS6_t4798,0.0
PS6_t4799,0.0
PS6_t4800,0.0
PS6_t4849,0.0
PS6_t4850,0.0
PS6_t4851,0.0
PS6_t4852,0.0
PS6_t4853,0.0
PS6_t4854,0.0
PS6_t4855,0.0
PS6_t4856,0.0
PS6_t4841,0.0
PS6_t4842,0.0
PS6_t4843,0.0
PS6_t4844,0.0
PS6_t4845,0.0
PS6_t4846,0.0
PS6_t4847,0.0
PS6_t4848,0.0
PS6_t4833,0.0
PS6_t4834,0.0
PS6_t4835,0.0
PS6_t4836,0.0
PS6_t4837,0.0
PS6_t4838,0.0
PS6_t4839,0.0
PS6_t4840,0.0
PS6_t4825,0.0
PS6_t4826,0.0
PS6_t4827,0.0
PS6_t4828,0.0
PS6_t4829,0.0
PS6_t4830,0.0
PS6_t4831,0.0
PS6_t4832,0.0
PS6_t4881,0.0
PS6_t4882,0.0
PS6_t4883,0.0
PS6_t4884,0.0
PS6_t4885,0.0
PS6_t4886,0.0
PS6_t4887,0.0
PS6_t4888,0.0
PS6_t4873,0.0
PS6_t4874,0.0
PS6_t4875,0.0
PS6_t4876,0.0
PS6_t4877,0.0
PS6_t4878,0.0
PS6_t4879,0.0
PS6_t4880,0.0
PS6_t4865,0.0
PS6_t4866,0.0
PS6_t4867,0.0
PS6_t4868,0.0
PS6_t4869,0.0
PS6_t4870,0.0
PS6_t4871,0.0
PS6_t4872,0.0
PS6_t4857,0.0
PS6_t4858,0.0
PS6_t4859,0.0
PS6_t4860,0.0
PS6_t4861,0.0
PS6_t4862,0.0
PS6_t4863,0.0
PS6_t4864,0.0
PS6_t4913,0.0
PS6_t4914,0.0
PS6_t4915,0.0
PS6_t4916,0.0
PS6_t4917,0.0
PS6_t4918,0.0
PS6_t4919,0.0
PS6_t4920,0.0
PS6_t4905,0.0
PS6_t4906,0.0
PS6_t4907,0.0
PS6_t4908,0.0
PS6_t4909,0.0
PS6_t4910,0.0
PS6_t4911,0.0
PS6_t4912,0.0
PS6_t4897,0.0
PS6_t4898,0.0
PS6_t4899,0.0
PS6_t4900,0.0
PS6_t4901,0.0
PS6_t4902,0.0
PS6_t4903,0.0
PS6_t4904,0.0
PS6_t4889,0.0
PS6_t4890,0.0
PS6_t4891,0.0
PS6_t4892,0.0
PS6_t4893,0.0
PS6_t4894,0.0
PS6_t4895,0.0
PS6_t4896,0.0
PS6_t4945,0.0
PS6_t4946,0.0
PS6_t4947,0.0
PS6_t4948,0.0
PS6_t4949,0.0
PS6_t4950,0.0
PS6_t4951,0.0
PS6_t4952,0.0
PS6_t4937,0.0
PS6_t4938,0.0
PS6_t4939,0.0
PS6_t4940,0.0
PS6_t4941,0.0
PS6_t4942,0.0
PS6_t4943,0.0
PS6_t4944,0.0
PS6_t4929,0.0
PS6_t4930,0.0
PS6_t4931,0.0
PS6_t4932,0.0
PS6_t4933,0.0
PS6_t4934,0.0
PS6_t4935,0.0
PS6_t4936,0.0
PS6_t4921,0.0
PS6_t4922,0.0
PS6_t4923,0.0
PS6_t4924,0.0
PS6_t4925,0.0
PS6_t4926,0.0
PS6_t4927,0.0
PS6_t4928,0.0
PS6_t4977,0.0
PS6_t4978,0.0
PS6_t4979,0.0
PS6_t4980,0.0
PS6_t4981,0.0
PS6_t4982,0.0
PS6_t4983,0.0
PS6_t4984,0.0
PS6_t4969,0.0
PS6_t4970,0.0
PS6_t4971,0.0
PS6_t4972,0.0
PS6_t4973,0.0
PS6_t4974,0.0
PS6_t4975,0.0
PS6_t4976,0.0
PS6_t4961,0.0
PS6_t4962,0.0
PS6_t4963,0.0
PS6_t4964,0.0
PS6_t4965,0.0
PS6_t4966,0.0
PS6_t4967,0.0
PS6_t4968,0.0
PS6_t4953,0.0
PS6_t4954,0.0
PS6_t4955,0.0
PS6_t4956,0.0
PS6_t4957,0.0
PS6_t4958,0.0
PS6_t4959,0.0
PS6_t4960,0.0
PS6_t5009,0.0
PS6_t5010,0.0
PS6_t5011,0.0
PS6_t5012,0.0
PS6_t5013,0.0
PS6_t5014,0.0
PS6_t5015,0.0
PS6_t5016,0.0
PS6_t5001,0.0
PS6_t5002,0.0
PS6_t5003,0.0
PS6_t5004,0.0
PS6_t5005,0.0
PS6_t5006,0.0
PS6_t5007,0.0
PS6_t5008,0.0
PS6_t4993,0.0
PS6_t4994,0.0
PS6_t4995,0.0
PS6_t4996,0.0
PS6_t4997,0.0
PS6_t4998,0.0
PS6_t4999,0.0
PS6_t5000,0.0
PS6_t4985,0.0
PS6_t4986,0.0
PS6_t4987,0.0
PS6_t4988,0.0
PS6_t4989,0.0
PS6_t4990,0.0
PS6_t4991,0.0
PS6_t4992,0.0
PS6_t5041,0.0
PS6_t5042,0.0
PS6_t5043,0.0
PS6_t5044,0.0
PS6_t5045,0.0
PS6_t5046,0.0
PS6_t5047,0.0
PS6_t5048,0.0
PS6_t5033,0.0
PS6_t5034,0.0
PS6_t5035,0.0
PS6_t5036,0.0
PS6_t5037,0.0
PS6_t5038,0.0
PS6_t5039,0.0
PS6_t5040,0.0
PS6_t5025,0.0
PS6_t5026,0.0
PS6_t5027,0.0
PS6_t5028,0.0
PS6_t5029,0.0
PS6_t5030,0.0
PS6_t5031,0.0
PS6_t5032,0.0
PS6_t5017,0.0
PS6_t5018,0.0
PS6_t5019,0.0
PS6_t5020,0.0
PS6_t5021,0.0
PS6_t5022,0.0
PS6_t5023,0.0
PS6_t5024,0.0
PS6_t5073,0.0
PS6_t5074,0.0
PS6_t5075,0.0
PS6_t5076,0.0
PS6_t5077,0.0
PS6_t5078,0.0
PS6_t5079,0.0
PS6_t5080,0.0
PS6_t5065,0.0
PS6_t5066,0.0
PS6_t5067,0.0
PS6_t5068,0.0
PS6_t5069,0.0
PS6_t5070,0.0
PS6_t5071,0.0
PS6_t5072,0.0
PS6_t5057,0.0
PS6_t5058,0.0
PS6_t5059,0.0
PS6_t5060,0.0
PS6_t5061,0.0
PS6_t5062,0.0
PS6_t5063,0.0
PS6_t5064,0.0
PS6_t5049,0.0
PS6_t5050,0.0
PS6_t5051,0.0
PS6_t5052,0.0
PS6_t5053,0.0
PS6_t5054,0.0
PS6_t5055,0.0
PS6_t5056,0.0
PS6_t5105,0.0
PS6_t5106,0.0
PS6_t5107,0.0
PS6_t5108,0.0
PS6_t5109,0.0
PS6_t5110,0.0
PS6_t5111,0.0
PS6_t5112,0.0
PS6_t5097,0.0
PS6_t5098,0.0
PS6_t5099,0.0
PS6_t5100,0.0
PS6_t5101,0.0
PS6_t5102,0.0
PS6_t5103,0.0
PS6_t5104,0.0
PS6_t5089,0.0
PS6_t5090,0.0
PS6_t5091,0.0
PS6_t5092,0.0
PS6_t5093,0.0
PS6_t5094,0.0
PS6_t5095,0.0
PS6_t5096,0.0
PS6_t5081,0.0
PS6_t5082,0.0
PS6_t5083,0.0
PS6_t5084,0.0
PS6_t5085,0.0
PS6_t5086,0.0
PS6_t5087,0.0
PS6_t5088,0.0
PS6_t5137,0.0
PS6_t5138,0.0
PS6_t5139,0.0
PS6_t5140,0.0
PS6_t5141,0.0
PS6_t5142,0.0
PS6_t5143,0.0
PS6_t5144,0.0
PS6_t5129,0.0
PS6_t5130,0.0
PS6_t5131,0.0
PS6_t5132,0.0
PS6_t5133,0.0
PS6_t5134,0.0
PS6_t5135,0.0
PS6_t5136,0.0
PS6_t5121,0.0
PS6_t5122,0.0
PS6_t5123,0.0
PS6_t5124,0.0
PS6_t5125,0.0
PS6_t5126,0.0
PS6_t5127,0.0
PS6_t5128,0.0
PS6_t5113,0.0
PS6_t5114,0.0
PS6_t5115,0.0
PS6_t5116,0.0
PS6_t5117,0.0
PS6_t5118,0.0
PS6_t5119,0.0
PS6_t5120,0.0
PS6_t5169,0.0
PS6_t5170,0.0
PS6_t5171,0.0
PS6_t5172,0.0
PS6_t5173,0.0
PS6_t5174,0.0
PS6_t5175,0.0
PS6_t5176,0.0
PS6_t5161,0.0
PS6_t5162,0.0
PS6_t5163,0.0
PS6_t5164,0.0
PS6_t5165,0.0
PS6_t5166,0.0
PS6_t5167,0.0
PS6_t5168,0.0
PS6_t5153,0.0
PS6_t5154,0.0
PS6_t5155,0.0
PS6_t5156,0.0
PS6_t5157,0.0
PS6_t5158,0.0
PS6_t5159,0.0
PS6_t5160,0.0
PS6_t5145,0.0
PS6_t5146,0.0
PS6_t5147,0.0
PS6_t5148,0.0
PS6_t5149,0.0
PS6_t5150,0.0
PS6_t5151,0.0
PS6_t5152,0.0
PS6_t5201,0.0
PS6_t5202,0.0
PS6_t5203,0.0
PS6_t5204,0.0
PS6_t5205,0.0
PS6_t5206,0.0
PS6_t5207,0.0
PS6_t5208,0.0
PS6_t5193,0.0
PS6_t5194,0.0
PS6_t5195,0.0
PS6_t5196,0.0
PS6_t5197,0.0
PS6_t5198,0.0
PS6_t5199,0.0
PS6_t5200,0.0
PS6_t5185,0.0
PS6_t5186,0.0
PS6_t5187,0.0
PS6_t5188,0.0
PS6_t5189,0.0
PS6_t5190,0.0
PS6_t5191,0.0
PS6_t5192,0.0
PS6_t5177,0.0
PS6_t5178,0.0
PS6_t5179,0.0
PS6_t5180,0.0
PS6_t5181,0.0
PS6_t5182,0.0
PS6_t5183,0.0
PS6_t5184,0.0
PS6_t5233,0.0
PS6_t5234,0.0
PS6_t5235,0.0
PS6_t5236,0.0
PS6_t5237,0.0
PS6_t5238,0.0
PS6_t5239,0.0
PS6_t5240,0.0
PS6_t5225,0.0
PS6_t5226,0.0
PS6_t5227,0.0
PS6_t5228,0.0
PS6_t5229,0.0
PS6_t5230,0.0
PS6_t5231,0.0
PS6_t5232,0.0
PS6_t5217,0.0
PS6_t5218,0.0
PS6_t5219,0.0
PS6_t5220,0.0
PS6_t5221,0.0
PS6_t5222,0.0
PS6_t5223,0.0
PS6_t5224,0.0
PS6_t5209,0.0
PS6_t5210,0.0
PS6_t5211,0.0
PS6_t5212,0.0
PS6_t5213,0.0
PS6_t5214,0.0
PS6_t5215,0.0
PS6_t5216,0.0
PS6_t5265,0.0
PS6_t5266,0.0
PS6_t5267,0.0
PS6_t5268,0.0
PS6_t5269,0.0
PS6_t5270,0.0
PS6_t5271,0.0
PS6_t5272,0.0
PS6_t5257,0.0
PS6_t5258,0.0
PS6_t5259,0.0
PS6_t5260,0.0
PS6_t5261,0.0
PS6_t5262,0.0
PS6_t5263,0.0
PS6_t5264,0.0
PS6_t5249,0.0
PS6_t5250,0.0
PS6_t5251,0.0
PS6_t5252,0.0
PS6_t5253,0.0
PS6_t5254,0.0
PS6_t5255,0.0
PS6_t5256,0.0
PS6_t5241,0.0
PS6_t5242,0.0
PS6_t5243,0.0
PS6_t5244,0.0
PS6_t5245,0.0
PS6_t5246,0.0
PS6_t5247,0.0
PS6_t5248,0.0
PS6_t5297,0.0
PS6_t5298,0.0
PS6_t5299,0.0
PS6_t5300,0.0
PS6_t5301,0.0
PS6_t5302,0.0
PS6_t5303,0.0
PS6_t5304,0.0
PS6_t5289,0.0
PS6_t5290,0.0
PS6_t5291,0.0
PS6_t5292,0.0
PS6_t5293,0.0
PS6_t5294,0.0
PS6_t5295,0.0
PS6_t5296,0.0
PS6_t5281,0.0
PS6_t5282,0.0
PS6_t5283,0.0
PS6_t5284,0.0
PS6_t5285,0.0
PS6_t5286,0.0
PS6_t5287,0.0
PS6_t5288,0.0
PS6_t5273,0.0
PS6_t5274,0.0
PS6_t5275,0.0
PS6_t5276,0.0
PS6_t5277,0.0
PS6_t5278,0.0
PS6_t5279,0.0
PS6_t5280,0.0
PS6_t5329,0.0
PS6_t5330,0.0
PS6_t5331,0.0
PS6_t5332,0.0
PS6_t5333,0.0
PS6_t5334,0.0
PS6_t5335,0.0
PS6_t5336,0.0
PS6_t5321,0.0
PS6_t5322,0.0
PS6_t5323,0.0
PS6_t5324,0.0
PS6_t5325,0.0
PS6_t5326,0.0
PS6_t5327,0.0
PS6_t5328,0.0
PS6_t5313,0.0
PS6_t5314,0.0
PS6_t5315,0.0
PS6_t5316,0.0
PS6_t5317,0.0
PS6_t5318,0.0
PS6_t5319,0.0
PS6_t5320,0.0
PS6_t5305,0.0
PS6_t5306,0.0
PS6_t5307,0.0
PS6_t5308,0.0
PS6_t5309,0.0
PS6_t5310,0.0
PS6_t5311,0.0
PS6_t5312,0.0
PS6_t5361,0.0
PS6_t5362,0.0
PS6_t5363,0.0
PS6_t5364,0.0
PS6_t5365,0.0
PS6_t5366,0.0
PS6_t5367,0.0
PS6_t5368,0.0
PS6_t5353,0.0
PS6_t5354,0.0
PS6_t5355,0.0
PS6_t5356,0.0
PS6_t5357,0.0
PS6_t5358,0.0
PS6_t5359,0.0
PS6_t5360,0.0
PS6_t5345,0.0
PS6_t5346,0.0
PS6_t5347,0.0
PS6_t5348,0.0
PS6_t5349,0.0
PS6_t5350,0.0
PS6_t5351,0.0
PS6_t5352,0.0
PS6_t5337,0.0
PS6_t5338,0.0
PS6_t5339,0.0
PS6_t5340,0.0
PS6_t5341,0.0
PS6_t5342,0.0
PS6_t5343,0.0
PS6_t5344,0.0
PS6_t5393,0.0
PS6_t5394,0.0
PS6_t5395,0.0
PS6_t5396,0.0
PS6_t5397,0.0
PS6_t5398,0.0
PS6_t5399,0.0
PS6_t5400,0.0
PS6_t5385,0.0
PS6_t5386,0.0
PS6_t5387,0.0
PS6_t5388,0.0
PS6_t5389,0.0
PS6_t5390,0.0
PS6_t5391,0.0
PS6_t5392,0.0
PS6_t5377,0.0
PS6_t5378,0.0
PS6_t5379,0.0
PS6_t5380,0.0
PS6_t5381,0.0
PS6_t5382,0.0
PS6_t5383,0.0
PS6_t5384,0.0
PS6_t5369,0.0
PS6_t5370,0.0
PS6_t5371,0.0
PS6_t5372,0.0
PS6_t5373,0.0
PS6_t5374,0.0
PS6_t5375,0.0
PS6_t5376,0.0
PS6_t5425,0.0
PS6_t5426,0.0
PS6_t5427,0.0
PS6_t5428,0.0
PS6_t5429,0.0
PS6_t5430,0.0
PS6_t5431,0.0
PS6_t5432,0.0
PS6_t5417,0.0
PS6_t5418,0.0
PS6_t5419,0.0
PS6_t5420,0.0
PS6_t5421,0.0
PS6_t5422,0.0
PS6_t5423,0.0
PS6_t5424,0.0
PS6_t5409,0.0
PS6_t5410,0.0
PS6_t5411,0.0
PS6_t5412,0.0
PS6_t5413,0.0
PS6_t5414,0.0
PS6_t5415,0.0
PS6_t5416,0.0
PS6_t5401,0.0
PS6_t5402,0.0
PS6_t5403,0.0
PS6_t5404,0.0
PS6_t5405,0.0
PS6_t5406,0.0
PS6_t5407,0.0
PS6_t5408,0.0
PS6_t5457,0.0
PS6_t5458,0.0
PS6_t5459,0.0
PS6_t5460,0.0
PS6_t5461,0.0
PS6_t5462,0.0
PS6_t5463,0.0
PS6_t5464,0.0
PS6_t5449,0.0
PS6_t5450,0.0
PS6_t5451,0.0
PS6_t5452,0.0
PS6_t5453,0.0
PS6_t5454,0.0
PS6_t5455,0.0
PS6_t5456,0.0
PS6_t5441,0.0
PS6_t5442,0.0
PS6_t5443,0.0
PS6_t5444,0.0
PS6_t5445,0.0
PS6_t5446,0.0
PS6_t5447,0.0
PS6_t5448,0.0
PS6_t5433,0.0
PS6_t5434,0.0
PS6_t5435,0.0
PS6_t5436,0.0
PS6_t5437,0.0
PS6_t5438,0.0
PS6_t5439,0.0
PS6_t5440,0.0
PS6_t5489,0.0
PS6_t5490,0.0
PS6_t5491,0.0
PS6_t5492,0.0
PS6_t5493,0.0
PS6_t5494,0.0
PS6_t5495,0.0
PS6_t5496,0.0
PS6_t5481,0.0
PS6_t5482,0.0
PS6_t5483,0.0
PS6_t5484,0.0
PS6_t5485,0.0
PS6_t5486,0.0
PS6_t5487,0.0
PS6_t5488,0.0
PS6_t5473,0.0
PS6_t5474,0.0
PS6_t5475,0.0
PS6_t5476,0.0
PS6_t5477,0.0
PS6_t5478,0.0
PS6_t5479,0.0
PS6_t5480,0.0
PS6_t5465,0.0
PS6_t5466,0.0
PS6_t5467,0.0
PS6_t5468,0.0
PS6_t5469,0.0
PS6_t5470,0.0
PS6_t5471,0.0
PS6_t5472,0.0
PS6_t5521,0.0
PS6_t5522,0.0
PS6_t5523,0.0
PS6_t5524,0.0
PS6_t5525,0.0
PS6_t5526,0.0
PS6_t5527,0.0
PS6_t5528,0.0
PS6_t5513,0.0
PS6_t5514,0.0
PS6_t5515,0.0
PS6_t5516,0.0
PS6_t5517,0.0
PS6_t5518,0.0
PS6_t5519,0.0
PS6_t5520,0.0
PS6_t5505,0.0
PS6_t5506,0.0
PS6_t5507,0.0
PS6_t5508,0.0
PS6_t5509,0.0
PS6_t5510,0.0
PS6_t5511,0.0
PS6_t5512,0.0
PS6_t5497,0.0
PS6_t5498,0.0
PS6_t5499,0.0
PS6_t5500,0.0
PS6_t5501,0.0
PS6_t5502,0.0
PS6_t5503,0.0
PS6_t5504,0.0
PS6_t5553,0.0
PS6_t5554,0.0
PS6_t5555,0.0
PS6_t5556,0.0
PS6_t5557,0.0
PS6_t5558,0.0
PS6_t5559,0.0
PS6_t5560,0.0
PS6_t5545,0.0
PS6_t5546,0.0
PS6_t5547,0.0
PS6_t5548,0.0
PS6_t5549,0.0
PS6_t5550,0.0
PS6_t5551,0.0
PS6_t5552,0.0
PS6_t5537,0.0
PS6_t5538,0.0
PS6_t5539,0.0
PS6_t5540,0.0
PS6_t5541,0.0
PS6_t5542,0.0
PS6_t5543,0.0
PS6_t5544,0.0
PS6_t5529,0.0
PS6_t5530,0.0
PS6_t5531,0.0
PS6_t5532,0.0
PS6_t5533,0.0
PS6_t5534,0.0
PS6_t5535,0.0
PS6_t5536,0.0
PS6_t5585,0.0
PS6_t5586,0.0
PS6_t5587,0.0
PS6_t5588,0.0
PS6_t5589,0.0
PS6_t5590,0.0
PS6_t5591,0.0
PS6_t5592,0.0
PS6_t5577,0.0
PS6_t5578,0.0
PS6_t5579,0.0
PS6_t5580,0.0
PS6_t5581,0.0
PS6_t5582,0.0
PS6_t5583,0.0
PS6_t5584,0.0
PS6_t5569,0.0
PS6_t5570,0.0
PS6_t5571,0.0
PS6_t5572,0.0
PS6_t5573,0.0
PS6_t5574,0.0
PS6_t5575,0.0
PS6_t5576,0.0
PS6_t5561,0.0
PS6_t5562,0.0
PS6_t5563,0.0
PS6_t5564,0.0
PS6_t5565,0.0
PS6_t5566,0.0
PS6_t5567,0.0
PS6_t5568,0.0
PS6_t5617,0.0
PS6_t5618,0.0
PS6_t5619,0.0
PS6_t5620,0.0
PS6_t5621,0.0
PS6_t5622,0.0
PS6_t5623,0.0
PS6_t5624,0.0
PS6_t5609,0.0
PS6_t5610,0.0
PS6_t5611,0.0
PS6_t5612,0.0
PS6_t5613,0.0
PS6_t5614,0.0
PS6_t5615,0.0
PS6_t5616,0.0
PS6_t5601,0.0
PS6_t5602,0.0
PS6_t5603,0.0
PS6_t5604,0.0
PS6_t5605,0.0
PS6_t5606,0.0
PS6_t5607,0.0
PS6_t5608,0.0
PS6_t5593,0.0
PS6_t5594,0.0
PS6_t5595,0.0
PS6_t5596,0.0
PS6_t5597,0.0
PS6_t5598,0.0
PS6_t5599,0.0
PS6_t5600,0.0
PS6_t5649,0.0
PS6_t5650,0.0
PS6_t5651,0.0
PS6_t5652,0.0
PS6_t5653,0.0
PS6_t5654,0.0
PS6_t5655,0.0
PS6_t5656,0.0
PS6_t5641,0.0
PS6_t5642,0.0
PS6_t5643,0.0
PS6_t5644,0.0
PS6_t5645,0.0
PS6_t5646,0.0
PS6_t5647,0.0
PS6_t5648,0.0
PS6_t5633,0.0
PS6_t5634,0.0
PS6_t5635,0.0
PS6_t5636,0.0
PS6_t5637,0.0
PS6_t5638,0.0
PS6_t5639,0.0
PS6_t5640,0.0
PS6_t5625,0.0
PS6_t5626,0.0
PS6_t5627,0.0
PS6_t5628,0.0
PS6_t5629,0.0
PS6_t5630,0.0
PS6_t5631,0.0
PS6_t5632,0.0
PS6_t5681,0.0
PS6_t5682,0.0
PS6_t5683,0.0
PS6_t5684,0.0
PS6_t5685,0.0
PS6_t5686,0.0
PS6_t5687,0.0
PS6_t5688,0.0
PS6_t5673,0.0
PS6_t5674,0.0
PS6_t5675,0.0
PS6_t5676,0.0
PS6_t5677,0.0
PS6_t5678,0.0
PS6_t5679,0.0
PS6_t5680,0.0
PS6_t5665,0.0
PS6_t5666,0.0
PS6_t5667,0.0
PS6_t5668,0.0
PS6_t5669,0.0
PS6_t5670,0.0
PS6_t5671,0.0
PS6_t5672,0.0
PS6_t5657,0.0
PS6_t5658,0.0
PS6_t5659,0.0
PS6_t5660,0.0
PS6_t5661,0.0
PS6_t5662,0.0
PS6_t5663,0.0
PS6_t5664,0.0
PS6_t5713,0.0
PS6_t5714,0.0
PS6_t5715,0.0
PS6_t5716,0.0
PS6_t5717,0.0
PS6_t5718,0.0
PS6_t5719,0.0
PS6_t5720,0.0
PS6_t5705,0.0
PS6_t5706,0.0
PS6_t5707,0.0
PS6_t5708,0.0
PS6_t5709,0.0
PS6_t5710,0.0
PS6_t5711,0.0
PS6_t5712,0.0
PS6_t5697,0.0
PS6_t5698,0.0
PS6_t5699,0.0
PS6_t5700,0.0
PS6_t5701,0.0
PS6_t5702,0.0
PS6_t5703,0.0
PS6_t5704,0.0
PS6_t5689,0.0
PS6_t5690,0.0
PS6_t5691,0.0
PS6_t5692,0.0
PS6_t5693,0.0
PS6_t5694,0.0
PS6_t5695,0.0
PS6_t5696,0.0
PS6_t5745,0.0
PS6_t5746,0.0
PS6_t5747,0.0
PS6_t5748,0.0
PS6_t5749,0.0
PS6_t5750,0.0
PS6_t5751,0.0
PS6_t5752,0.0
PS6_t5737,0.0
PS6_t5738,0.0
PS6_t5739,0.0
PS6_t5740,0.0
PS6_t5741,0.0
PS6_t5742,0.0
PS6_t5743,0.0
PS6_t5744,0.0
PS6_t5729,0.0
PS6_t5730,0.0
PS6_t5731,0.0
PS6_t5732,0.0
PS6_t5733,0.0
PS6_t5734,0.0
PS6_t5735,0.0
PS6_t5736,0.0
PS6_t5721,0.0
PS6_t5722,0.0
PS6_t5723,0.0
PS6_t5724,0.0
PS6_t5725,0.0
PS6_t5726,0.0
PS6_t5727,0.0
PS6_t5728,0.0
PS6_t5777,0.0
PS6_t5778,0.0
PS6_t5779,0.0
PS6_t5780,0.0
PS6_t5781,0.0
PS6_t5782,0.0
PS6_t5783,0.0
PS6_t5784,0.0
PS6_t5769,0.0
PS6_t5770,0.0
PS6_t5771,0.0
PS6_t5772,0.0
PS6_t5773,0.0
PS6_t5774,0.0
PS6_t5775,0.0
PS6_t5776,0.0
PS6_t5761,0.0
PS6_t5762,0.0
PS6_t5763,0.0
PS6_t5764,0.0
PS6_t5765,0.0
PS6_t5766,0.0
PS6_t5767,0.0
PS6_t5768,0.0
PS6_t5753,0.0
PS6_t5754,0.0
PS6_t5755,0.0
PS6_t5756,0.0
PS6_t5757,0.0
PS6_t5758,0.0
PS6_t5759,0.0
PS6_t5760,0.0
PS6_t5809,0.0
PS6_t5810,0.0
PS6_t5811,0.0
PS6_t5812,0.0
PS6_t5813,0.0
PS6_t5814,0.0
PS6_t5815,0.0
PS6_t5816,0.0
PS6_t5801,0.0
PS6_t5802,0.0
PS6_t5803,0.0
PS6_t5804,0.0
PS6_t5805,0.0
PS6_t5806,0.0
PS6_t5807,0.0
PS6_t5808,0.0
PS6_t5793,0.0
PS6_t5794,0.0
PS6_t5795,0.0
PS6_t5796,0.0
PS6_t5797,0.0
PS6_t5798,0.0
PS6_t5799,0.0
PS6_t5800,0.0
PS6_t5785,0.0
PS6_t5786,0.0
PS6_t5787,0.0
PS6_t5788,0.0
PS6_t5789,0.0
PS6_t5790,0.0
PS6_t5791,0.0
PS6_t5792,0.0
PS6_t5841,0.0
PS6_t5842,0.0
PS6_t5843,0.0
PS6_t5844,0.0
PS6_t5845,0.0
PS6_t5846,0.0
PS6_t5847,0.0
PS6_t5848,0.0
PS6_t5833,0.0
PS6_t5834,0.0
PS6_t5835,0.0
PS6_t5836,0.0
PS6_t5837,0.0
PS6_t5838,0.0
PS6_t5839,0.0
PS6_t5840,0.0
PS6_t5825,0.0
PS6_t5826,0.0
PS6_t5827,0.0
PS6_t5828,0.0
PS6_t5829,0.0
PS6_t5830,0.0
PS6_t5831,0.0
PS6_t5832,0.0
PS6_t5817,0.0
PS6_t5818,0.0
PS6_t5819,0.0
PS6_t5820,0.0
PS6_t5821,0.0
PS6_t5822,0.0
PS6_t5823,0.0
PS6_t5824,0.0
PS6_t5873,0.0
PS6_t5874,0.0
PS6_t5875,0.0
PS6_t5876,0.0
PS6_t5877,0.0
PS6_t5878,0.0
PS6_t5879,0.0
PS6_t5880,0.0
PS6_t5865,0.0
PS6_t5866,0.0
PS6_t5867,0.0
PS6_t5868,0.0
PS6_t5869,0.0
PS6_t5870,0.0
PS6_t5871,0.0
PS6_t5872,0.0
PS6_t5857,0.0
PS6_t5858,0.0
PS6_t5859,0.0
PS6_t5860,0.0
PS6_t5861,0.0
PS6_t5862,0.0
PS6_t5863,0.0
PS6_t5864,0.0
PS6_t5849,0.0
PS6_t5850,0.0
PS6_t5851,0.0
PS6_t5852,0.0
PS6_t5853,0.0
PS6_t5854,0.0
PS6_t5855,0.0
PS6_t5856,0.0
PS6_t5905,0.0
PS6_t5906,0.0
PS6_t5907,0.0
PS6_t5908,0.0
PS6_t5909,0.0
PS6_t5910,0.0
PS6_t5911,0.0
PS6_t5912,0.0
PS6_t5897,0.0
PS6_t5898,0.0
PS6_t5899,0.0
PS6_t5900,0.0
PS6_t5901,0.0
PS6_t5902,0.0
PS6_t5903,0.0
PS6_t5904,0.0
PS6_t5889,0.0
PS6_t5890,0.0
PS6_t5891,0.0
PS6_t5892,0.0
PS6_t5893,0.0
PS6_t5894,0.0
PS6_t5895,0.0
PS6_t5896,0.0
PS6_t5881,0.0
PS6_t5882,0.0
PS6_t5883,0.0
PS6_t5884,0.0
PS6_t5885,0.0
PS6_t5886,0.0
PS6_t5887,0.0
PS6_t5888,0.0
PS6_t5937,0.0
PS6_t5938,0.0
PS6_t5939,0.0
PS6_t5940,0.0
PS6_t5941,0.0
PS6_t5942,0.0
PS6_t5943,0.0
PS6_t5944,0.0
PS6_t5929,0.0
PS6_t5930,0.0
PS6_t5931,0.0
PS6_t5932,0.0
PS6_t5933,0.0
PS6_t5934,0.0
PS6_t5935,0.0
PS6_t5936,0.0
PS6_t5921,0.0
PS6_t5922,0.0
PS6_t5923,0.0
PS6_t5924,0.0
PS6_t5925,0.0
PS6_t5926,0.0
PS6_t5927,0.0
PS6_t5928,0.0
PS6_t5913,0.0
PS6_t5914,0.0
PS6_t5915,0.0
PS6_t5916,0.0
PS6_t5917,0.0
PS6_t5918,0.0
PS6_t5919,0.0
PS6_t5920,0.0
PS6_t5969,0.0
PS6_t5970,0.0
PS6_t5971,0.0
PS6_t5972,0.0
PS6_t5973,0.0
PS6_t5974,0.0
PS6_t5975,0.0
PS6_t5976,0.0
PS6_t5961,0.0
PS6_t5962,0.0
PS6_t5963,0.0
PS6_t5964,0.0
PS6_t5965,0.0
PS6_t5966,0.0
PS6_t5967,0.0
PS6_t5968,0.0
PS6_t5953,0.0
PS6_t5954,0.0
PS6_t5955,0.0
PS6_t5956,0.0
PS6_t5957,0.0
PS6_t5958,0.0
PS6_t5959,0.0
PS6_t5960,0.0
PS6_t5945,0.0
PS6_t5946,0.0
PS6_t5947,0.0
PS6_t5948,0.0
PS6_t5949,0.0
PS6_t5950,0.0
PS6_t5951,0.0
PS6_t5952,0.0
SE_t1,0.0
SE_t2,0.0
SE_t3,0.0
SE_t4,0.0
SE_t5,0.0
SE_t6,0.0
SE_t7,0.0
SE_t8,0.0
PS6_t5993,0.0
PS6_t5994,0.0
PS6_t5995,0.0
PS6_t5996,0.0
PS6_t5997,0.0
PS6_t5998,0.0
PS6_t5999,0.0
PS6_t6000,0.0
PS6_t5985,0.0
PS6_t5986,0.0
PS6_t5987,0.0
PS6_t5988,0.0
PS6_t5989,0.0
PS6_t5990,0.0
PS6_t5991,0.0
PS6_t5992,0.0
PS6_t5977,0.0
PS6_t5978,0.0
PS6_t5979,0.0
PS6_t5980,0.0
PS6_t5981,0.0
PS6_t5982,0.0
PS6_t5983,0.0
PS6_t5984,0.0
SE_t33,0.0
SE_t34,0.0
SE_t35,0.0
SE_t36,0.0
SE_t37,0.0
SE_t38,0.0
SE_t39,0.0
SE_t40,0.0
SE_t25,0.0
SE_t26,0.0
SE_t27,0.0
SE_t28,0.0
SE_t29,0.0
SE_t30,0.0
SE_t31,0.0
SE_t32,0.0
SE_t17,0.0
SE_t18,0.0
SE_t19,0.0
SE_t20,0.0
SE_t21,0.0
SE_t22,0.0
SE_t23,0.0
SE_t24,0.0
SE_t9,0.0
SE_t10,0.0
SE_t11,0.0
SE_t12,0.0
SE_t13,0.0
SE_t14,0.0
SE_t15,0.0
SE_t16,0.0
TS1_t5,0.0
TS1_t6,0.0
TS1_t7,0.0
TS1_t8,0.0
TS1_t9,0.0
TS1_t10,0.0
TS1_t11,0.0
TS1_t12,0.0
SE_t57,0.0
SE_t58,0.0
SE_t59,0.0
SE_t60,0.0
TS1_t1,0.0
TS1_t2,0.0
TS1_t3,0.0
TS1_t4,0.0
SE_t49,0.0
SE_t50,0.0
SE_t51,0.0
SE_t52,0.0
SE_t53,0.0
SE_t54,0.0
SE_t55,0.0
SE_t56,0.0
SE_t41,0.0
SE_t42,0.0
SE_t43,0.0
SE_t44,0.0
SE_t45,0.0
SE_t46,0.0
SE_t47,0.0
SE_t48,0.0
TS1_t37,0.0
TS1_t38,0.0
TS1_t39,0.0
TS1_t40,0.0
TS1_t41,0.0
TS1_t42,0.0
TS1_t43,0.0
TS1_t44,0.0
TS1_t29,0.0
TS1_t30,0.0
TS1_t31,0.0
TS1_t32,0.0
TS1_t33,0.0
TS1_t34,0.0
TS1_t35,0.0
TS1_t36,0.0
TS1_t21,0.0
TS1_t22,0.0
TS1_t23,0.0
TS1_t24,0.0
TS1_t25,0.0
TS1_t26,0.0
TS1_t27,0.0
TS1_t28,0.0
TS1_t13,0.0
TS1_t14,0.0
TS1_t15,0.0
TS1_t16,0.0
TS1_t17,0.0
TS1_t18,0.0
TS1_t19,0.0
TS1_t20,0.0
TS2_t9,0.0
TS2_t10,0.0
TS2_t11,0.0
TS2_t12,0.0
TS2_t13,0.0
TS2_t14,0.0
TS2_t15,0.0
TS2_t16,0.0
TS2_t1,0.0
TS2_t2,0.0
TS2_t3,0.0
TS2_t4,0.0
TS2_t5,0.0
TS2_t6,0.0
TS2_t7,0.0
TS2_t8,0.0
TS1_t53,0.0
TS1_t54,0.0
TS1_t55,0.0
TS1_t56,0.0
TS1_t57,0.0
TS1_t58,0.0
TS1_t59,0.0
TS1_t60,0.0
TS1_t45,0.0
TS1_t46,0.0
TS1_t47,0.0
TS1_t48,0.0
TS1_t49,0.0
TS1_t50,0.0
TS1_t51,0.0
TS1_t52,0.0
TS2_t41,0.0
TS2_t42,0.0
TS2_t43,0.0
TS2_t44,0.0
TS2_t45,0.0
TS2_t46,0.0
TS2_t47,0.0
TS2_t48,0.0
TS2_t33,0.0
TS2_t34,0.0
TS2_t35,0.0
TS2_t36,0.0
TS2_t37,0.0
TS2_t38,0.0
TS2_t39,0.0
TS2_t40,0.0
TS2_t25,0.0
TS2_t26,0.0
TS2_t27,0.0
TS2_t28,0.0
TS2_t29,0.0
TS2_t30,0.0
TS2_t31,0.0
TS2_t32,0.0
TS2_t17,0.0
TS2_t18,0.0
TS2_t19,0.0
TS2_t20,0.0
TS2_t21,0.0
TS2_t22,0.0
TS2_t23,0.0
TS2_t24,0.0
TS3_t13,0.0
TS3_t14,0.0
TS3_t15,0.0
TS3_t16,0.0
TS3_t17,0.0
TS3_t18,0.0
TS3_t19,0.0
TS3_t20,0.0
TS3_t5,0.0
TS3_t6,0.0
TS3_t7,0.0
TS3_t8,0.0
TS3_t9,0.0
TS3_t10,0.0
TS3_t11,0.0
TS3_t12,0.0
TS2_t57,0.0
TS2_t58,0.0
TS2_t59,0.0
TS2_t60,0.0
TS3_t1,0.0
TS3_t2,0.0
TS3_t3,0.0
TS3_t4,0.0
TS2_t49,0.0
TS2_t50,0.0
TS2_t51,0.0
TS2_t52,0.0
TS2_t53,0.0
TS2_t54,0.0
TS2_t55,0.0
TS2_t56,0.0
TS3_t45,0.0
TS3_t46,0.0
TS3_t47,0.0
TS3_t48,0.0
TS3_t49,0.0
TS3_t50,0.0
TS3_t51,0.0
TS3_t52,0.0
TS3_t37,0.0
TS3_t38,0.0
TS3_t39,0.0
TS3_t40,0.0
TS3_t41,0.0
TS3_t42,0.0
TS3_t43,0.0
TS3_t44,0.0
TS3_t29,0.0
TS3_t30,0.0
TS3_t31,0.0
TS3_t32,0.0
TS3_t33,0.0
TS3_t34,0.0
TS3_t35,0.0
TS3_t36,0.0
TS3_t21,0.0
TS3_t22,0.0
TS3_t23,0.0
TS3_t24,0.0
TS3_t25,0.0
TS3_t26,0.0
TS3_t27,0.0
TS3_t28,0.0
TS4_t17,0.0
TS4_t18,0.0
TS4_t19,0.0
TS4_t20,0.0
TS4_t21,0.0
TS4_t22,0.0
TS4_t23,0.0
TS4_t24,0.0
TS4_t9,0.0
TS4_t10,0.0
TS4_t11,0.0
TS4_t12,0.0
TS4_t13,0.0
TS4_t14,0.0
TS4_t15,0.0
TS4_t16,0.0
TS4_t1,0.0
TS4_t2,0.0
TS4_t3,0.0
TS4_t4,0.0
TS4_t5,0.0
TS4_t6,0.0
TS4_t7,0.0
TS4_t8,0.0
TS3_t53,0.0
TS3_t54,0.0
TS3_t55,0.0
TS3_t56,0.0
TS3_t57,0.0
TS3_t58,0.0
TS3_t59,0.0
TS3_t60,0.0
TS4_t49,0.0
TS4_t50,0.0
TS4_t51,0.0
TS4_t52,0.0
TS4_t53,0.0
TS4_t54,0.0
TS4_t55,0.0
TS4_t56,0.0
TS4_t41,0.0
TS4_t42,0.0
TS4_t43,0.0
TS4_t44,0.0
TS4_t45,0.0
TS4_t46,0.0
TS4_t47,0.0
TS4_t48,0.0
TS4_t33,0.0
TS4_t34,0.0
TS4_t35,0.0
TS4_t36,0.0
TS4_t37,0.0
TS4_t38,0.0
TS4_t39,0.0
TS4_t40,0.0
TS4_t25,0.0
TS4_t26,0.0
TS4_t27,0.0
TS4_t28,0.0
TS4_t29,0.0
TS4_t30,0.0
TS4_t31,0.0
TS4_t32,0.0
VS1_t53,0.0
VS1_t54,0.0
VS1_t55,0.0
VS1_t56,0.0
VS1_t57,0.0
VS1_t58,0.0
VS1_t59,0.0
VS1_t60,0.0
VS1_t45,0.0
VS1_t46,0.0
VS1_t47,0.0
VS1_t48,0.0
VS1_t49,0.0
VS1_t50,0.0
VS1_t51,0.0
VS1_t52,0.0
VS1_t37,0.0
VS1_t38,0.0
VS1_t39,0.0
VS1_t40,0.0
VS1_t41,0.0
VS1_t42,0.0
VS1_t43,0.0
VS1_t44,0.0
VS1_t29,0.0
VS1_t30,0.0
VS1_t31,0.0
VS1_t32,0.0
VS1_t33,0.0
VS1_t34,0.0
VS1_t35,0.0
VS1_t36,0.0
CE_t25,0.0
CE_t26,0.0
CE_t27,0.0
CE_t28,0.0
CE_t29,0.0
CE_t30,0.0
CE_t31,0.0
CE_t32,0.0
CE_t17,0.0
CE_t18,0.0
CE_t19,0.0
CE_t20,0.0
CE_t21,0.0
CE_t22,0.0
CE_t23,0.0
CE_t24,0.0
CE_t9,0.0
CE_t10,0.0
CE_t11,0.0
CE_t12,0.0
CE_t13,0.0
CE_t14,0.0
CE_t15,0.0
CE_t16,0.0
CE_t1,0.0
CE_t2,0.0
CE_t3,0.0
CE_t4,0.0
CE_t5,0.0
CE_t6,0.0
CE_t7,0.0
CE_t8,0.0
